AA,54.2500,55.0800,52.4005,52.9400,5.83 M,04/26/18,0.9899999999999949,1.9056785370548506
AA,50.5900,52.4300,49.9700,51.9500,4.76 M,04/25/18,1.1300000000000026,2.223534041715865
AA,51.4700,52.2000,49.9000,50.8200,7.26 M,04/24/18,-1.0799999999999983,-2.080924855491326
AA,54.5600,54.9100,51.5000,51.9000,13.13 M,04/23/18,-8.11,-13.514414264289286
AA,59.8200,60.1400,57.4900,60.0100,7.64 M,04/20/18,-0.21999999999999886,-0.36526647849908495
AA,60.5400,62.3500,59.5600,60.2300,11.78 M,04/19/18,0.8299999999999983,1.3973063973063944
AA,58.2600,60.2800,57.2500,59.4000,8.70 M,04/18/18,2.3200000000000003,4.064470918009811
AA,55.3700,57.4875,54.7600,57.0800,6.08 M,04/17/18,2.049999999999997,3.7252407777575813
AA,55.5500,56.5000,54.4050,55.0300,5.57 M,04/16/18,0.07000000000000028,0.12736535662299905
AA,54.9500,55.3800,54.2700,54.9600,2.69 M,04/13/18,0.490000000000002,0.8995777492197576
AA,53.7000,55.3323,53.1700,54.4700,5.73 M,04/12/18,0.5,0.9264406151565685
AA,53.8000,54.8900,52.6500,53.9700,5.43 M,04/11/18,-0.10999999999999943,-0.20340236686390428
AA,51.8000,55.1800,51.6500,54.0800,8.97 M,04/10/18,3.460000000000001,6.835242986961678
AA,49.7800,52.0200,49.3200,50.6200,6.81 M,04/09/18,2.5700000000000003,5.348595213319459
AA,47.1800,48.7400,47.1000,48.0500,4.07 M,04/06/18,0.4399999999999977,0.9241755933627341
AA,47.2000,48.7300,47.1500,47.6100,2.98 M,04/05/18,0.6899999999999977,1.4705882352941126
AA,44.4000,47.0700,44.2100,46.9200,3.67 M,04/04/18,1.5700000000000003,3.4619625137816983
AA,44.6300,45.9000,44.6300,45.3500,2.91 M,04/03/18,1.009999999999998,2.2778529544429365
AA,44.8600,46.1200,43.8000,44.3400,2.14 M,04/02/18,-0.6199999999999974,-1.3790035587188556
AA,44.7400,45.6629,44.5000,44.9600,2.28 M,03/29/18,0.5399999999999991,1.2156686177397549
AA,44.5100,44.9200,43.6864,44.4200,1.66 M,03/28/18,-0.4799999999999969,-1.069042316258345
AA,46.2500,46.4900,44.6350,44.9000,4.20 M,03/27/18,-0.8700000000000045,-1.9008083897749715
AA,45.2600,46.5300,44.2698,45.7700,5.19 M,03/26/18,1.0600000000000023,2.3708342652650463
AA,45.1700,46.0000,44.6000,44.7100,3.26 M,03/23/18,-0.21000000000000085,-0.4674977738201265
AA,47.4000,48.0890,44.8600,44.9200,4.37 M,03/22/18,-3.030000000000001,-6.31908237747654
AA,46.4200,48.0615,46.3100,47.9500,2.14 M,03/21/18,1.480000000000004,3.184850441144833
AA,46.3700,47.0600,46.0500,46.4700,1.52 M,03/20/18,0.10999999999999943,0.23727351164797117
AA,47.0300,47.6800,45.7600,46.3600,2.51 M,03/19/18,-0.8699999999999974,-1.8420495447808543
AA,46.8000,47.9186,46.7400,47.2300,3.13 M,03/16/18,0.29999999999999716,0.639249946729165
AA,46.4500,47.1300,45.7100,46.9300,3.01 M,03/15/18,0.35999999999999943,0.7730298475413344
AA,49.0900,49.4300,46.2100,46.5700,4.12 M,03/14/18,-2.020000000000003,-4.157233998765184
AA,48.4300,49.8500,48.4300,48.5900,2.75 M,03/13/18,0.23000000000000398,0.47559966914806445
AA,48.0100,48.6799,47.9100,48.3600,1.50 M,03/12/18,0.5,1.0447137484329294
AA,48.0500,48.5900,47.2300,47.8600,2.77 M,03/09/18,0.39000000000000057,0.8215715188540142
AA,47.8800,48.7300,46.5450,47.4700,3.26 M,03/08/18,-0.4100000000000037,-0.8563074352548113
AA,46.6000,48.2600,46.4006,47.8800,3.65 M,03/07/18,0.8900000000000006,1.8940200042562259
AA,46.1900,47.5200,46.0300,46.9900,4.43 M,03/06/18,1.3400000000000034,2.935377875136919
AA,45.1800,46.4600,44.8500,45.6500,4.59 M,03/05/18,0.10999999999999943,0.24154589371980553
AA,44.7200,46.1800,44.1400,45.5400,3.71 M,03/02/18,0.46999999999999886,1.0428222764588393
AA,45.9300,46.4400,44.5800,45.0700,6.50 M,03/01/18,0.10000000000000142,0.22237046920169318
AA,46.2500,46.8400,44.9400,44.9700,2.84 M,02/28/18,-1.25,-2.7044569450454348
AA,46.5000,47.1700,45.6570,46.2200,3.25 M,02/27/18,-0.46000000000000085,-0.9854327335047147
AA,47.4200,47.5800,46.1400,46.6800,3.56 M,02/26/18,-0.020000000000003126,-0.04282655246253346
AA,48.0600,48.1400,46.5841,46.7000,3.10 M,02/23/18,-1.3099999999999952,-2.7285982087065097
AA,48.0100,48.4000,46.8300,48.0100,4.23 M,02/22/18,0.46000000000000085,0.96740273396425
AA,48.2100,48.9500,47.2300,47.5500,3.19 M,02/21/18,-0.5200000000000031,-1.081755772831294
AA,46.8400,48.7399,46.7600,48.0700,4.59 M,02/20/18,0.7100000000000009,1.4991554054054073
AA,47.5000,50.1800,46.5200,47.3600,8.40 M,02/16/18,-0.21000000000000085,-0.44145469833929124
AA,48.9900,48.9900,46.1901,47.5700,5.11 M,02/15/18,-0.9699999999999989,-1.9983518747424782
AA,46.7100,48.6500,46.5200,48.5400,2.43 M,02/14/18,1.240000000000002,2.6215644820296027
AA,46.3900,47.9800,46.1200,47.3000,2.81 M,02/13/18,0.6499999999999986,1.3933547695605544
AA,46.0500,47.1300,45.7700,46.6500,3.50 M,02/12/18,0.7299999999999969,1.5897212543553938
AA,46.5400,47.0600,44.1500,45.9200,4.58 M,02/09/18,-0.05999999999999517,-0.13049151805131617
AA,47.8100,48.2400,45.5300,45.9800,3.90 M,02/08/18,-1.720000000000006,-3.605870020964373
AA,49.2300,49.4200,47.6700,47.7000,3.18 M,02/07/18,-1.7299999999999969,-3.4998988468541308
AA,47.4400,50.2000,47.2800,49.4300,3.17 M,02/06/18,0.9699999999999989,2.0016508460586024
AA,48.6100,50.7500,47.8000,48.4600,3.87 M,02/05/18,-0.6300000000000026,-1.2833570992055459
AA,52.0000,52.0000,49.0000,49.0900,6.06 M,02/02/18,-3.3299999999999983,-6.352537199542156
AA,51.4100,52.5000,51.2700,52.4200,3.18 M,02/01/18,0.3999999999999986,0.7689350249903856
AA,52.7500,53.3600,51.2500,52.0200,4.47 M,01/31/18,-0.5,-0.9520182787509519
AA,53.6700,53.9700,52.5200,52.5200,3.66 M,01/30/18,-1.9699999999999989,-3.6153422646357107
AA,53.8900,54.6299,53.5200,54.4900,4.65 M,01/29/18,0.490000000000002,0.9074074074074111
AA,53.5500,54.4000,53.2800,54.0000,2.75 M,01/26/18,0.8900000000000006,1.6757672754660151
AA,53.7400,53.8900,52.7200,53.1100,3.76 M,01/25/18,-0.18999999999999773,-0.35647279549718147
AA,52.9000,53.8525,52.3900,53.3000,2.52 M,01/24/18,0.8099999999999952,1.5431510763954945
AA,52.3400,52.9000,51.7300,52.4900,4.89 M,01/23/18,-0.44999999999999574,-0.8500188893086433
AA,52.8000,53.9000,52.2610,52.9400,4.22 M,01/22/18,-0.1600000000000037,-0.3013182674199693
AA,52.8600,53.6800,52.5500,53.1000,5.76 M,01/19/18,0.10000000000000142,0.18867924528302155
AA,53.6700,53.8700,51.7200,53.0000,19.52 M,01/18/18,-3.990000000000002,-7.001228285664156
AA,56.0300,57.0399,55.5800,56.9900,8.19 M,01/17/18,0.75,1.333570412517781
AA,56.0900,57.0400,55.4600,56.2400,3.89 M,01/16/18,-0.519999999999996,-0.916138125440444
AA,57.0500,57.5000,56.1100,56.7600,4.22 M,01/12/18,-0.14999999999999858,-0.2635740643120692
AA,56.6000,57.1300,55.8700,56.9100,2.74 M,01/11/18,0.7399999999999949,1.3174292326864783
AA,54.3700,56.2600,54.2300,56.1700,5.06 M,01/10/18,1.9699999999999989,3.6346863468634663
AA,55.0000,55.0800,54.0000,54.2000,3.53 M,01/09/18,-0.7999999999999972,-1.4545454545454495
AA,53.9600,56.1500,53.6600,55.0000,5.03 M,01/08/18,0.9099999999999966,1.682381216491027
AA,54.6500,54.6600,53.4100,54.0900,3.37 M,01/05/18,-0.6099999999999994,-1.1151736745886645
AA,54.8100,55.4300,54.0750,54.7000,3.56 M,01/04/18,0.20000000000000284,0.3669724770642254
AA,54.9200,55.1500,52.9600,54.5000,4.10 M,01/03/18,-0.6700000000000017,-1.2144281312307443
AA,54.0600,55.2200,53.9100,55.1700,2.93 M,01/02/18,1.3000000000000043,2.4132170038982816
AA,54.0000,54.6100,53.5200,53.8700,5.17 M,12/29/17,-0.2700000000000031,-0.49870705578131347
AA,52.0500,54.2000,52.0210,54.1400,5.70 M,12/28/17,2.299999999999997,4.4367283950617225
AA,50.5500,51.9300,50.2000,51.8400,2.98 M,12/27/17,1.4600000000000009,2.897975387058358
AA,49.9800,50.5000,49.2100,50.3800,2.76 M,12/26/17,0.39000000000000057,0.7801560312062423
AA,49.2700,50.0400,48.8100,49.9900,2.43 M,12/22/17,1.0,2.0412329046744233
AA,49.2850,49.6800,48.7700,48.9900,3.06 M,12/21/17,-0.269999999999996,-0.5481120584652782
AA,48.2000,49.6700,47.6287,49.2600,7.17 M,12/20/17,2.739999999999995,5.889939810834038
AA,44.6700,46.5400,44.6600,46.5200,5.96 M,12/19/17,1.9500000000000028,4.375140228853495
AA,42.8100,44.6900,42.7600,44.5700,3.18 M,12/18/17,1.9600000000000009,4.599859187984044
AA,42.8000,43.1400,42.2800,42.6100,4.54 M,12/15/17,0.259999999999998,0.6139315230224274
AA,42.0000,42.3750,41.9600,42.3500,3.68 M,12/14/17,0.490000000000002,1.1705685618729145
AA,42.4500,42.5700,41.7150,41.8600,4.15 M,12/13/17,-0.5399999999999991,-1.2735849056603754
AA,42.3900,42.8800,42.1850,42.4000,3.42 M,12/12/17,0.1599999999999966,0.3787878787878707
AA,41.5400,42.9800,41.5400,42.2400,4.05 M,12/11/17,0.8400000000000034,2.028985507246385
AA,41.0000,41.7700,40.9000,41.4000,3.70 M,12/08/17,0.7999999999999972,1.9704433497536875
AA,41.1300,41.1900,40.2700,40.6000,3.43 M,12/07/17,-0.7100000000000009,-1.718712176228518
AA,40.8000,41.4900,40.3000,41.3100,5.44 M,12/06/17,0.13000000000000256,0.31568722680913686
AA,41.3700,41.8600,40.9500,41.1800,2.86 M,12/05/17,-0.6099999999999994,-1.459679349126584
AA,41.8700,42.6000,41.5000,41.7900,2.71 M,12/04/17,0.14999999999999858,0.3602305475504289
AA,41.8200,42.3000,40.5210,41.6400,3.75 M,12/01/17,0.13000000000000256,0.3131775475789028
AA,41.5000,42.1600,41.1300,41.5100,4.41 M,11/30/17,0.269999999999996,0.6547041707080408
AA,42.1900,42.3200,40.8000,41.2400,4.94 M,11/29/17,-2.059999999999995,-4.757505773672045
AA,41.8100,43.7500,41.2099,43.3000,8.60 M,11/28/17,1.259999999999998,2.9971455756422407
AA,42.1500,42.4200,41.4900,42.0400,3.09 M,11/27/17,-0.1700000000000017,-0.4027481639421978
AA,42.8000,42.9000,42.0900,42.2100,1.31 M,11/24/17,-0.4299999999999997,-1.008442776735459
AA,41.8400,42.6800,41.7750,42.6400,3.25 M,11/22/17,1.25,3.0200531529354917
AA,42.7300,42.7300,40.2200,41.3900,6.26 M,11/21/17,-0.8200000000000003,-1.942667614309406
AA,42.2900,42.5500,41.7500,42.2100,4.85 M,11/20/17,-1.1899999999999977,-2.7419354838709626
AA,42.0000,43.6000,42.0000,43.4000,3.57 M,11/17/17,1.1000000000000014,2.6004728132387744
AA,42.6800,43.0800,42.0600,42.3000,3.35 M,11/16/17,0.0899999999999963,0.21321961620468208
AA,41.2700,42.3700,40.7300,42.2100,4.73 M,11/15/17,0.3400000000000034,0.8120372581800894
AA,42.9000,42.9000,40.6200,41.8700,8.10 M,11/14/17,-1.2600000000000051,-2.9214004173429284
AA,42.7000,43.8700,42.5500,43.1300,3.17 M,11/13/17,0.12000000000000455,0.2790048825854558
AA,42.9300,44.4600,42.7500,43.0100,4.47 M,11/10/17,-0.3200000000000003,-0.738518347565198
AA,44.7100,44.7100,43.1100,43.3300,7.67 M,11/09/17,-2.5600000000000023,-5.578557419917198
AA,46.7300,46.7700,45.3700,45.8900,3.35 M,11/08/17,-1.0799999999999983,-2.2993400042580334
AA,47.1100,47.2042,46.5400,46.9700,2.17 M,11/07/17,-0.3200000000000003,-0.6766758299851984
AA,47.2000,47.6800,46.5300,47.2900,1.73 M,11/06/17,0.1700000000000017,0.3607809847198678
AA,47.2500,47.4300,46.7100,47.1200,1.84 M,11/03/17,-0.3400000000000034,-0.716392751790989
AA,47.6800,47.7671,47.0700,47.4600,2.06 M,11/02/17,-0.240000000000002,-0.5031446540880544
AA,48.9100,49.2700,47.4500,47.7000,3.18 M,11/01/17,-0.0799999999999983,-0.16743407283381812
AA,47.1500,48.0700,46.3800,47.7800,2.72 M,10/31/17,0.35999999999999943,0.7591733445803446
AA,47.7500,48.3800,47.3700,47.4200,2.07 M,10/30/17,-0.4899999999999949,-1.022750991442277
AA,47.8350,48.2500,47.0100,47.9100,3.87 M,10/27/17,-1.240000000000002,-2.522889114954226
AA,49.5200,49.7300,48.5200,49.1500,3.47 M,10/26/17,-0.37000000000000455,-0.7471728594507361
AA,49.7300,49.8799,48.5100,49.5200,3.75 M,10/25/17,-0.5599999999999952,-1.1182108626197986
AA,48.1300,50.3100,48.0600,50.0800,6.70 M,10/24/17,2.1499999999999986,4.485708324640097
AA,48.0400,48.5600,47.8300,47.9300,4.02 M,10/23/17,0.0,0.0
AA,47.1300,48.1300,47.0600,47.9300,4.21 M,10/20/17,1.3900000000000006,2.986678126342932
AA,46.5000,47.7400,46.0100,46.5400,6.03 M,10/19/17,-1.2100000000000009,-2.5340314136125675
AA,47.3800,47.8400,46.5100,47.7500,4.70 M,10/18/17,-0.020000000000003126,-0.04186728072012377
AA,48.6500,48.7200,47.4200,47.7700,3.96 M,10/17/17,-0.46999999999999886,-0.9742951907130988
AA,48.0000,48.9300,47.4800,48.2400,4.68 M,10/16/17,0.5300000000000011,1.1108782225948461
AA,48.3200,48.6299,47.6000,47.7100,3.29 M,10/13/17,0.17999999999999972,0.3787081843046491
AA,46.9500,47.7700,46.8000,47.5300,3.03 M,10/12/17,0.5900000000000034,1.256923732424379
AA,46.7200,47.0000,46.2100,46.9400,2.73 M,10/11/17,0.04999999999999716,0.10663254425249981
AA,47.2800,47.4500,46.5800,46.8900,3.58 M,10/10/17,-0.17999999999999972,-0.38240917782026707
AA,47.6300,47.7200,46.5800,47.0700,2.24 M,10/09/17,-0.4200000000000017,-0.884396715097919
AA,47.8900,47.8900,47.3000,47.4900,3.96 M,10/06/17,-0.759999999999998,-1.5751295336787523
AA,48.0800,48.7293,47.6500,48.2500,3.19 M,10/05/17,0.3400000000000034,0.7096639532456761
AA,48.2700,49.3000,47.7500,47.9100,4.12 M,10/04/17,-0.4000000000000057,-0.8279859242392996
AA,47.9700,48.3300,47.4400,48.3100,3.31 M,10/03/17,0.6600000000000037,1.385099685204625
AA,46.4300,48.0300,46.4100,47.6500,4.04 M,10/02/17,1.0300000000000011,2.209352209352212
AA,46.4500,47.0000,45.9000,46.6200,3.83 M,09/29/17,0.5399999999999991,1.1718749999999982
AA,45.0700,46.4600,44.8100,46.0800,5.28 M,09/28/17,1.009999999999998,2.2409585089860173
AA,45.2800,45.5600,44.4800,45.0700,2.39 M,09/27/17,0.3299999999999983,0.7375949932945871
AA,45.1100,45.5200,44.7200,44.7400,4.54 M,09/26/17,-0.5499999999999972,-1.214396113932429
AA,45.3300,45.7000,44.6200,45.2900,3.07 M,09/25/17,-0.09000000000000341,-0.19832525341560908
AA,45.3100,45.7800,44.6700,45.3800,3.22 M,09/22/17,-0.8699999999999974,-1.8810810810810756
AA,47.1100,47.2500,45.9700,46.2500,3.70 M,09/21/17,-1.25,-2.6315789473684212
AA,46.9800,47.9500,46.5300,47.5000,7.31 M,09/20/17,1.2999999999999972,2.8138528138528076
AA,45.2200,46.4400,44.8600,46.2000,4.85 M,09/19/17,1.2900000000000063,2.8724114896459727
AA,44.8000,45.0900,44.6600,44.9100,3.22 M,09/18/17,0.259999999999998,0.5823068309070505
AA,44.7600,45.0900,44.2200,44.6500,5.44 M,09/15/17,-0.14999999999999858,-0.33482142857142544
AA,44.4800,45.0000,43.7500,44.8000,4.45 M,09/14/17,-0.10999999999999943,-0.24493431307058436
AA,44.6100,45.0700,44.3600,44.9100,3.37 M,09/13/17,-0.09000000000000341,-0.2000000000000076
AA,44.5900,45.2000,44.3300,45.0000,4.83 M,09/12/17,1.3999999999999986,3.2110091743119233
AA,43.2500,44.4900,43.1300,43.6000,4.18 M,09/11/17,0.990000000000002,2.3233982633184747
AA,44.3700,44.3700,42.2400,42.6100,7.30 M,09/08/17,-2.1199999999999974,-4.739548401520227
AA,44.1600,44.9000,44.0401,44.7300,3.33 M,09/07/17,0.29999999999999716,0.6752194463200476
AA,44.4000,44.5000,43.3000,44.4300,3.42 M,09/06/17,0.00999999999999801,0.022512381809991017
AA,45.0800,45.1200,43.7000,44.4200,5.22 M,09/05/17,-0.6199999999999974,-1.3765541740674898
AA,44.2100,45.2200,44.1300,45.0400,3.38 M,09/01/17,1.1599999999999966,2.643573381950767
AA,43.6700,44.0000,43.1800,43.8800,4.18 M,08/31/17,0.7899999999999991,1.833372012067763
AA,43.2300,44.1000,42.9910,43.0900,5.54 M,08/30/17,0.09000000000000341,0.20930232558140327
AA,41.6600,43.1800,41.3800,43.0000,3.98 M,08/29/17,0.8299999999999983,1.96822385582167
AA,41.4300,42.2600,41.0500,42.1700,2.70 M,08/28/17,0.9600000000000009,2.3295316670711013
AA,41.6800,41.8000,40.8400,41.2100,2.75 M,08/25/17,-0.13000000000000256,-0.3144654088050376
AA,40.8800,41.5500,40.5600,41.3400,3.19 M,08/24/17,0.28000000000000114,0.6819288845591844
AA,39.5600,41.4400,39.4500,41.0600,4.83 M,08/23/17,1.2899999999999991,3.2436509932109607
AA,38.7400,40.1299,38.7300,39.7700,3.87 M,08/22/17,1.3000000000000043,3.3792565635560288
AA,38.1900,38.6600,38.0500,38.4700,2.34 M,08/21/17,0.7100000000000009,1.8802966101694938
AA,37.8800,38.2100,37.3400,37.7600,2.12 M,08/18/17,-0.03999999999999915,-0.10582010582010357
AA,39.0000,39.0000,37.7500,37.8000,3.30 M,08/17/17,-1.4299999999999997,-3.645169513127708
AA,37.9600,39.3300,37.9101,39.2300,4.30 M,08/16/17,1.7299999999999969,4.613333333333325
AA,37.3000,37.9800,37.1400,37.5000,1.83 M,08/15/17,0.3100000000000023,0.833557407905357
AA,38.1100,38.1584,37.1247,37.1900,2.13 M,08/14/17,-0.5900000000000034,-1.5616728427739635
AA,37.2100,37.9100,36.9300,37.7800,2.97 M,08/11/17,0.0,0.0
AA,38.1200,38.7800,37.7150,37.7800,3.52 M,08/10/17,-0.8399999999999963,-2.1750388399792757
AA,39.2100,39.4500,38.4000,38.6200,3.73 M,08/09/17,-0.9600000000000009,-2.42546740778171
AA,38.5000,40.3621,38.3600,39.5800,8.78 M,08/08/17,1.5899999999999963,4.185311924190566
AA,38.0000,38.4700,37.6100,37.9900,4.92 M,08/07/17,0.5700000000000003,1.523249599144843
AA,37.3400,37.5000,36.7300,37.4200,2.29 M,08/04/17,0.3299999999999983,0.8897276894041474
AA,37.2800,37.6000,36.9400,37.0900,2.88 M,08/03/17,-0.18999999999999773,-0.5096566523605089
AA,36.2700,37.3300,36.2000,37.2800,2.97 M,08/02/17,0.8999999999999986,2.473886750962063
AA,36.4600,36.7400,35.9100,36.3800,1.94 M,08/01/17,-0.01999999999999602,-0.054945054945044015
AA,35.9700,36.4400,35.6650,36.4000,2.15 M,07/31/17,0.759999999999998,2.1324354657687934
AA,36.1700,36.3200,35.5400,35.6400,2.86 M,07/28/17,-0.7199999999999989,-1.980198019801977
AA,36.8400,37.0700,36.0850,36.3600,2.04 M,07/27/17,-0.2700000000000031,-0.7371007371007455
AA,37.4200,37.6100,36.5600,36.6300,3.45 M,07/26/17,-0.6699999999999946,-1.7962466487935513
AA,37.0700,37.3800,36.8650,37.3000,3.43 M,07/25/17,0.6099999999999994,1.6625783592259458
AA,36.5900,36.8800,36.5100,36.6900,2.24 M,07/24/17,0.07000000000000028,0.19115237575095656
AA,36.5500,36.8585,36.5055,36.6200,2.53 M,07/21/17,-0.10000000000000142,-0.27233115468409974
AA,35.9500,37.3100,35.9500,36.7200,4.77 M,07/20/17,0.21999999999999886,0.6027397260273941
AA,36.6100,36.6200,36.0700,36.5000,4.52 M,07/19/17,0.07000000000000028,0.1921493274773546
AA,36.4000,36.4800,35.8000,36.4300,3.05 M,07/18/17,0.030000000000001137,0.08241758241758554
AA,36.4400,36.6900,36.2050,36.4000,3.46 M,07/17/17,0.0799999999999983,0.22026431718061204
AA,36.2000,36.4400,35.9800,36.3200,4.22 M,07/14/17,0.3100000000000023,0.8608719800055604
AA,35.4500,36.3800,35.4300,36.0100,5.30 M,07/13/17,1.4099999999999966,4.07514450867051
AA,35.2500,35.4700,34.4400,34.6000,4.33 M,07/12/17,-0.3999999999999986,-1.1428571428571388
AA,34.2200,35.0800,33.9900,35.0000,4.24 M,07/11/17,0.8599999999999994,2.519039250146454
AA,33.9100,34.4500,33.6800,34.1400,3.04 M,07/10/17,-0.04999999999999716,-0.14624159110850296
AA,34.0000,34.3700,33.2650,34.1900,3.78 M,07/07/17,0.29999999999999716,0.8852168781351347
AA,33.6100,35.3800,33.6000,33.8900,6.22 M,07/06/17,0.11999999999999744,0.3553449807521393
AA,34.1700,34.2550,33.5700,33.7700,4.01 M,07/05/17,-0.25,-0.734861845972957
AA,32.9400,34.3000,32.9150,34.0200,3.11 M,07/03/17,1.3700000000000045,4.196018376722832
AA,33.1600,33.4500,32.5350,32.6500,3.03 M,06/30/17,-0.5300000000000011,-1.597347799879449
AA,33.1100,33.3400,32.6100,33.1800,3.84 M,06/29/17,0.22999999999999687,0.6980273141122818
AA,32.1000,33.0000,31.9300,32.9500,3.77 M,06/28/17,1.3200000000000038,4.173253240594385
AA,31.6000,32.5000,31.4900,31.6300,5.46 M,06/27/17,0.4499999999999993,1.4432328415651037
AA,31.1900,31.2950,30.6500,31.1800,2.94 M,06/26/17,0.08999999999999986,0.2894821486008358
AA,30.1300,31.4300,29.7900,31.0900,6.41 M,06/23/17,1.2899999999999991,4.3288590604026815
AA,29.8100,30.2500,29.6600,29.8000,2.91 M,06/22/17,0.10999999999999943,0.37049511620073905
AA,30.5900,30.5900,29.6346,29.6900,3.49 M,06/21/17,-0.759999999999998,-2.4958949096880065
AA,30.6900,31.0950,30.4100,30.4500,2.57 M,06/20/17,-0.4400000000000013,-1.424409193913892
AA,30.3700,31.3000,30.1600,30.8900,3.91 M,06/19/17,0.8900000000000006,2.9666666666666686
AA,30.8000,30.8625,29.5500,30.0000,4.77 M,06/16/17,-0.7399999999999984,-2.407286922576443
AA,31.1200,31.4500,30.6100,30.7400,3.23 M,06/15/17,-0.8000000000000007,-2.5364616360177576
AA,32.5700,32.6800,31.2100,31.5400,3.73 M,06/14/17,-0.9399999999999977,-2.894088669950732
AA,31.9700,32.5480,31.5500,32.4800,3.00 M,06/13/17,0.6999999999999957,2.202643171806154
AA,32.8200,33.2100,31.6300,31.7800,4.72 M,06/12/17,-1.2299999999999969,-3.726143592850642
AA,33.6400,34.0000,32.8500,33.0100,3.07 M,06/09/17,-0.490000000000002,-1.462686567164185
AA,32.6000,33.6500,32.5900,33.5000,3.29 M,06/08/17,0.6799999999999997,2.071907373552711
AA,33.1500,33.1700,32.4000,32.8200,3.33 M,06/07/17,-0.11999999999999744,-0.3642987249544549
AA,33.1100,33.4900,32.7800,32.9400,3.63 M,06/06/17,-0.38000000000000256,-1.1404561824729968
AA,32.6500,33.5800,32.6500,33.3200,2.60 M,06/05/17,0.46000000000000085,1.3998782714546587
AA,32.3900,33.0000,32.3500,32.8600,2.64 M,06/02/17,-0.0799999999999983,-0.24286581663630327
AA,32.8400,33.4500,32.4500,32.9400,2.37 M,06/01/17,0.0,0.0
AA,32.8800,33.0500,31.7600,32.9400,4.55 M,05/31/17,-0.05000000000000426,-0.15156107911489622
AA,33.0300,33.1600,32.5300,32.9900,3.22 M,05/30/17,-0.28000000000000114,-0.8415990381725311
AA,32.8700,33.3600,32.8700,33.2700,2.41 M,05/26/17,0.17999999999999972,0.5439709882139611
AA,33.6800,34.0900,33.0300,33.0900,2.32 M,05/25/17,-0.4199999999999946,-1.2533572068039232
AA,33.2700,33.9200,33.0450,33.5100,3.35 M,05/24/17,0.25,0.751653638003608
AA,32.9800,33.3600,32.5600,33.2600,2.96 M,05/23/17,0.29999999999999716,0.9101941747572729
AA,32.6500,33.2000,32.4700,32.9600,3.46 M,05/22/17,0.6700000000000017,2.0749458036543875
AA,32.1600,32.8800,32.1000,32.2900,2.63 M,05/19/17,0.36999999999999744,1.1591478696741775
AA,31.4500,32.1700,31.1000,31.9200,2.40 M,05/18/17,0.2900000000000027,0.9168510907366509
AA,31.8800,32.2200,31.5800,31.6300,3.74 M,05/17/17,-0.5299999999999976,-1.6480099502487489
AA,32.1000,32.4000,31.7500,32.1600,3.00 M,05/16/17,0.12999999999999545,0.4058694973462237
AA,32.1700,32.5000,31.9700,32.0300,2.38 M,05/15/17,0.240000000000002,0.7549543881723876
AA,31.0000,32.1300,30.9600,31.7900,3.38 M,05/12/17,0.629999999999999,2.0218228498074424
AA,31.2300,31.3100,30.4500,31.1600,4.11 M,05/11/17,0.08000000000000185,0.25740025740026334
AA,30.9500,31.4600,30.7000,31.0800,3.49 M,05/10/17,0.259999999999998,0.8436080467229008
AA,31.2200,31.2400,30.4600,30.8200,3.42 M,05/09/17,-0.1999999999999993,-0.6447453255963872
AA,31.3700,31.3700,30.6600,31.0200,3.80 M,05/08/17,-0.8000000000000007,-2.514142049025772
AA,31.3500,31.9600,31.0500,31.8200,4.19 M,05/05/17,0.7800000000000011,2.5128865979381483
AA,31.2200,31.3600,30.4200,31.0400,7.92 M,05/04/17,-0.6500000000000021,-2.0511202272010163
AA,32.9000,32.9000,31.5100,31.6900,7.33 M,05/03/17,-1.639999999999997,-4.9204920492049125
AA,33.3100,34.3300,33.3000,33.3300,3.91 M,05/02/17,0.04999999999999716,0.15024038461537606
AA,33.9500,34.1300,32.9000,33.2800,4.99 M,05/01/17,-0.44999999999999574,-1.3341239252890478
AA,34.8100,34.9450,33.6800,33.7300,5.24 M,04/28/17,-0.7900000000000063,-2.288528389339531
AA,35.7500,35.9000,34.1550,34.5200,14.77 M,04/27/17,-1.9299999999999997,-5.294924554183813
AA,36.0000,37.2000,35.8500,36.4500,7.53 M,04/26/17,-0.03999999999999915,-0.10961907371882473
AA,34.2300,36.5500,34.2300,36.4900,11.20 M,04/25/17,3.1799999999999997,9.54668267787451
AA,32.2400,33.4400,32.1500,33.3100,7.91 M,04/24/17,1.610000000000003,5.078864353312312
AA,32.2000,32.5500,31.6500,31.7000,5.04 M,04/21/17,-0.33999999999999986,-1.061173533083645
AA,31.8900,32.3000,31.4600,32.0400,5.43 M,04/20/17,0.7399999999999984,2.364217252396161
AA,32.1800,32.4400,31.2800,31.3000,2.47 M,04/19/17,-0.46000000000000085,-1.4483627204030254
AA,30.7800,32.3700,30.4500,31.7600,5.02 M,04/18/17,0.45000000000000284,1.437240498243382
AA,31.1700,31.7900,30.9700,31.3100,4.10 M,04/17/17,0.3200000000000003,1.0325911584382068
AA,32.1100,32.4700,30.9900,30.9900,6.14 M,04/13/17,-1.0599999999999987,-3.307332293291728
AA,33.8600,34.2900,32.0300,32.0500,7.60 M,04/12/17,-2.3400000000000034,-6.804303576621121
AA,33.5700,34.4600,33.1500,34.3900,3.14 M,04/11/17,0.730000000000004,2.168746286393357
AA,33.6600,33.7800,33.2000,33.6600,2.58 M,04/10/17,-0.07000000000000028,-0.20753038837829912
AA,33.2500,34.1300,33.1510,33.7300,3.67 M,04/07/17,0.0799999999999983,0.23774145616641396
AA,33.8500,34.1600,33.1900,33.6500,3.63 M,04/06/17,-0.20000000000000284,-0.5908419497784426
AA,34.7900,35.0900,33.7550,33.8500,4.02 M,04/05/17,-0.37999999999999545,-1.1101373064563116
AA,34.0300,34.5000,33.8210,34.2300,2.30 M,04/04/17,0.00999999999999801,0.02922267679718881
AA,34.6200,35.0000,33.5020,34.2200,4.20 M,04/03/17,-0.17999999999999972,-0.5232558139534875
AA,34.0600,34.7400,33.6000,34.4000,5.19 M,03/31/17,0.9099999999999966,2.7172290235891206
AA,33.1500,35.1400,32.9600,33.4900,7.12 M,03/30/17,0.5800000000000054,1.7623822546338666
AA,32.9100,33.2900,32.7300,32.9100,2.61 M,03/29/17,-0.010000000000005116,-0.030376670716904967
AA,32.5000,33.6368,32.4500,32.9200,4.04 M,03/28/17,0.45000000000000284,1.3858946720049363
AA,31.7400,32.5700,31.2900,32.4700,3.65 M,03/27/17,-0.09000000000000341,-0.2764127764127869
AA,33.6100,33.8600,32.3650,32.5600,4.11 M,03/24/17,-0.75,-2.2515761032722903
AA,33.4100,33.6900,33.1100,33.3100,3.07 M,03/23/17,-0.37999999999999545,-1.127931136835843
AA,33.3500,34.1500,33.0100,33.6900,2.88 M,03/22/17,0.46999999999999886,1.414810355207703
AA,34.9000,35.2500,33.1700,33.2200,4.54 M,03/21/17,-1.6799999999999997,-4.81375358166189
AA,34.9000,35.3600,34.1000,34.9000,2.69 M,03/20/17,-0.07000000000000028,-0.20017157563626048
AA,35.5700,35.9800,34.9500,34.9700,3.83 M,03/17/17,-0.4100000000000037,-1.1588468061051544
AA,35.6600,35.9900,34.9800,35.3800,3.64 M,03/16/17,0.240000000000002,0.6829823562891348
AA,34.4000,35.2900,33.9500,35.1400,3.75 M,03/15/17,0.9500000000000028,2.7785902310617225
AA,34.4600,34.5800,33.7700,34.1900,3.11 M,03/14/17,-0.5100000000000051,-1.4697406340057784
AA,35.2100,35.5200,34.5300,34.7000,2.49 M,03/13/17,0.1700000000000017,0.49232551404576225
AA,35.9000,36.0000,34.2350,34.5300,4.05 M,03/10/17,-0.8299999999999983,-2.3472850678732984
AA,36.0700,36.5500,34.8900,35.3600,4.83 M,03/09/17,-0.6300000000000026,-1.7504862461795012
AA,35.9000,36.8200,35.9000,35.9900,4.49 M,03/08/17,0.19000000000000483,0.5307262569832537
AA,36.8100,36.8900,35.7500,35.8000,3.75 M,03/07/17,-1.1300000000000026,-3.0598429461142773
AA,36.8000,37.4800,35.8000,36.9300,5.76 M,03/06/17,0.5499999999999972,1.5118196811434774
AA,36.0600,36.8900,35.7500,36.3800,3.24 M,03/03/17,0.5300000000000011,1.478382147838218
AA,37.6400,38.1700,35.8300,35.8500,5.10 M,03/02/17,-2.1400000000000006,-5.633061331929456
AA,35.9300,38.1500,35.8500,37.9900,10.56 M,03/01/17,3.3999999999999986,9.829430471234456
AA,34.7300,35.3300,34.4000,34.5900,4.03 M,02/28/17,-0.18999999999999773,-0.5462909718228801
AA,34.5200,35.3800,34.1900,34.7800,3.90 M,02/27/17,0.30000000000000426,0.8700696055684579
AA,33.8100,34.6400,33.3500,34.4800,5.76 M,02/24/17,0.1599999999999966,0.46620046620045624
AA,36.8600,36.8800,34.2600,34.3200,7.14 M,02/23/17,-2.280000000000001,-6.229508196721314
AA,36.4000,36.7100,36.2100,36.6000,2.59 M,02/22/17,-0.10999999999999943,-0.2996458730591104
AA,36.3100,37.0100,36.2300,36.7100,3.39 M,02/21/17,0.5,1.3808340237503451
AA,36.2400,36.6100,35.7900,36.2100,4.52 M,02/17/17,-0.25,-0.6856829402084476
AA,37.8200,37.8303,36.3500,36.4600,7.04 M,02/16/17,-1.4099999999999966,-3.723263797200942
AA,38.2500,38.3000,37.7300,37.8700,11.49 M,02/15/17,-0.6900000000000048,-1.789419087136942
AA,38.5700,39.2500,38.1800,38.5600,3.82 M,02/14/17,0.0800000000000054,0.20790020790022196
AA,38.7900,39.7800,38.4500,38.4800,5.37 M,02/13/17,0.17999999999999972,0.4699738903394249
AA,37.9200,38.5400,37.5050,38.3000,3.63 M,02/10/17,0.8799999999999955,2.3516835916622005
AA,37.4100,37.7500,36.9940,37.4200,3.39 M,02/09/17,-0.11999999999999744,-0.31965903036760107
AA,37.9300,38.5000,37.1100,37.5400,3.12 M,02/08/17,-0.4299999999999997,-1.1324730050039498
AA,38.0400,38.2500,37.3100,37.9700,3.27 M,02/07/17,0.21999999999999886,0.5827814569536394
AA,36.9000,38.0000,36.8000,37.7500,2.83 M,02/06/17,0.8900000000000006,2.414541508410202
AA,37.8700,38.0500,36.8300,36.8600,5.24 M,02/03/17,-0.8200000000000003,-2.176220806794056
AA,36.7000,38.3700,36.6300,37.6800,5.05 M,02/02/17,1.4200000000000017,3.916161059018207
AA,36.5800,37.1900,36.2000,36.2600,2.91 M,02/01/17,-0.19000000000000483,-0.5212620027434974
AA,36.7800,37.2300,36.0100,36.4500,2.69 M,01/31/17,-0.09999999999999432,-0.2735978112174947
AA,36.4800,36.5900,35.7700,36.5500,3.00 M,01/30/17,-0.12000000000000455,-0.3272429779111114
AA,36.3000,37.3900,36.2700,36.6700,3.62 M,01/27/17,0.37000000000000455,1.0192837465564863
AA,36.2200,37.0699,35.5100,36.3000,5.74 M,01/26/17,-0.23000000000000398,-0.6296194908294661
AA,38.5800,38.9400,36.3100,36.5300,13.58 M,01/25/17,-0.9699999999999989,-2.586666666666664
AA,37.1800,38.3800,37.1800,37.5000,11.91 M,01/24/17,1.2100000000000009,3.334251860016536
AA,35.9200,36.3950,35.4550,36.2900,5.25 M,01/23/17,0.6300000000000026,1.7666853617498672
AA,35.4000,35.7400,34.9300,35.6600,5.33 M,01/20/17,0.23999999999999488,0.677583286278924
AA,34.2200,35.6300,34.1800,35.4200,5.05 M,01/19/17,0.6099999999999994,1.7523700086182115
AA,32.9500,34.8300,32.6400,34.8100,6.42 M,01/18/17,2.1700000000000017,6.648284313725496
AA,32.9700,33.0400,32.5200,32.6400,1.38 M,01/17/17,-0.36999999999999744,-1.1208724628900257
AA,32.8200,33.4300,32.5300,33.0100,3.03 M,01/13/17,-0.030000000000001137,-0.09079903147700102
AA,33.0000,33.5000,32.5100,33.0400,4.52 M,01/12/17,1.0700000000000003,3.346887707225525
AA,31.0800,32.0000,31.0800,31.9700,3.07 M,01/11/17,0.9899999999999984,3.195610071013552
AA,29.8300,31.1000,29.7300,30.9800,3.82 M,01/10/17,1.5,5.088195386702849
AA,30.8800,30.8800,29.2150,29.4800,4.21 M,01/09/17,-1.1999999999999993,-3.9113428943937394
AA,30.6900,31.1000,30.3100,30.6800,2.09 M,01/06/17,0.030000000000001137,0.09787928221860077
AA,30.1800,30.9300,30.1150,30.6500,2.44 M,01/05/17,0.389999999999997,1.288830138797082
AA,29.0200,30.3000,29.0200,30.2600,3.34 M,01/04/17,1.4300000000000033,4.960110995490821
AA,28.6000,28.8700,28.1700,28.8300,2.75 M,01/03/17,0.75,2.670940170940171
AA,28.9700,29.3779,28.0100,28.0800,2.69 M,12/30/16,-0.8100000000000023,-2.803738317757017
AA,29.4300,29.4400,28.6000,28.8900,3.22 M,12/29/16,-0.5399999999999991,-1.8348623853210981
AA,29.7800,30.1700,29.3500,29.4300,2.75 M,12/28/16,-0.21999999999999886,-0.7419898819561513
AA,29.5800,30.0400,29.4000,29.6500,1.71 M,12/27/16,-0.060000000000002274,-0.20195220464490835
AA,29.7900,30.1300,29.3400,29.7100,2.89 M,12/23/16,-0.03999999999999915,-0.13445378151260218
AA,30.2100,30.3500,29.5400,29.7500,3.77 M,12/22/16,-0.6799999999999997,-2.234636871508379
AA,30.1900,30.4300,30.0200,30.4300,1.81 M,12/21/16,0.2699999999999996,0.89522546419098
AA,29.9000,30.3300,29.7700,30.1600,3.83 M,12/20/16,0.870000000000001,2.970297029702974
AA,28.8900,29.4900,28.7500,29.2900,2.57 M,12/19/16,-0.10999999999999943,-0.37414965986394366
AA,29.6500,30.4200,29.1600,29.4000,8.13 M,12/16/16,-0.39000000000000057,-1.309164149043305
AA,30.1600,30.4400,29.6500,29.7900,3.75 M,12/15/16,-0.6600000000000001,-2.1674876847290645
AA,30.1100,31.3200,30.0300,30.4500,3.18 M,12/14/16,0.21000000000000085,0.6944444444444473
AA,31.4000,31.7300,30.0300,30.2400,4.22 M,12/13/16,-1.0,-3.2010243277848915
AA,32.1600,32.3500,30.8500,31.2400,3.42 M,12/12/16,-0.8099999999999987,-2.527301092043678
AA,31.3100,32.1100,31.0400,32.0500,4.34 M,12/09/16,0.7399999999999984,2.363462152666875
AA,31.2800,31.8400,30.8000,31.3100,3.06 M,12/08/16,0.41000000000000014,1.3268608414239487
AA,31.3000,31.8900,30.7653,30.9000,5.78 M,12/07/16,-0.25,-0.8025682182985554
AA,30.7100,31.1900,30.2100,31.1500,3.25 M,12/06/16,-0.07000000000000028,-0.22421524663677223
AA,29.0300,31.2768,28.8900,31.2200,7.03 M,12/05/16,2.1799999999999997,7.506887052341597
AA,28.8600,29.6250,28.7300,29.0400,3.87 M,12/02/16,0.16000000000000014,0.5540166204986154
AA,28.8400,29.4200,28.6000,28.8800,5.01 M,12/01/16,-0.08999999999999986,-0.31066620642043447
AA,30.0600,30.4400,28.8500,28.9700,5.13 M,11/30/16,-0.7600000000000016,-2.556340396905488
AA,30.0200,30.4999,29.7300,29.7300,4.93 M,11/29/16,-1.129999999999999,-3.661697990926763
AA,31.4800,31.8000,30.7000,30.8600,5.12 M,11/28/16,-0.8399999999999999,-2.649842271293375
AA,31.2400,32.1900,31.1100,31.7000,3.11 M,11/25/16,0.18999999999999773,0.602983179942868
AA,31.0000,31.9300,30.0000,31.5100,4.11 M,11/23/16,0.1700000000000017,0.5424377791959212
AA,31.1000,31.9100,30.5400,31.3400,4.18 M,11/22/16,0.6499999999999986,2.117953730856952
AA,30.8900,30.9800,29.5010,30.6900,2.99 M,11/21/16,0.2699999999999996,0.88757396449704
AA,31.7300,31.7700,30.1600,30.4200,4.42 M,11/18/16,-1.4299999999999997,-4.489795918367346
AA,31.3000,32.0200,30.7700,31.8500,4.69 M,11/17/16,0.4299999999999997,1.3685550604710366
AA,29.6900,31.6900,29.6600,31.4200,6.15 M,11/16/16,1.2100000000000009,4.005296259516719
AA,28.9400,30.2300,28.8300,30.2100,3.67 M,11/15/16,0.5899999999999999,1.9918973666441588
AA,29.5000,29.9400,28.6100,29.6200,5.16 M,11/14/16,0.3200000000000003,1.092150170648465
AA,29.1800,29.9900,27.6300,29.3000,5.34 M,11/11/16,0.1999999999999993,0.6872852233676952
AA,29.0800,29.7000,28.3000,29.1000,8.19 M,11/10/16,0.38000000000000256,1.3231197771587833
AA,26.8300,29.1400,26.0000,28.7200,10.68 M,11/09/16,2.3200000000000003,8.787878787878789
AA,24.3000,26.5900,24.3000,26.4000,6.47 M,11/08/16,1.3200000000000003,5.263157894736843
AA,25.5400,26.4100,24.8900,25.0800,8.38 M,11/07/16,-0.120000000000001,-0.47619047619048016
AA,23.8200,25.5000,23.5600,25.2000,6.88 M,11/04/16,1.0500000000000007,4.347826086956525
AA,22.9600,24.3493,22.9400,24.1500,8.08 M,11/03/16,1.2399999999999984,5.412483631601914
AA,22.6700,23.2650,22.6358,22.9100,10.76 M,11/02/16,-0.08999999999999986,-0.39130434782608636
AA,22.1000,23.5500,21.7800,23.0000,32.22 M,11/01/16,1.5599999999999987,7.276119402985069
AA,21.2900,22.1000,20.8100,21.4400,1.94 M,10/31/16,0.0400000000000027,0.1869158878504799
AA,22.0000,22.0000,20.7600,21.4000,616841,10/28/16,0.1999999999999993,0.943396226415091
AA,21.0000,21.7500,20.7100,21.2000,71878,10/27/16,0.1999999999999993,0.952380952380949
AA,21.0000,21.0000,20.0000,21.0000,117516,10/26/16,-0.25,-1.1764705882352942
AA,22.1600,22.5000,20.6400,21.2500,165157,10/25/16,0.25,1.1904761904761905
AA,21.0000,21.0000,20.9800,21.0000,5930,10/24/16,0.0,0.0
AA,21.2000,21.2000,20.8900,21.0000,10963,10/21/16,0.0,0.0
AA,22.5000,24.2500,20.1300,21.0000,6639,10/20/16,-1.5,-6.666666666666667
AA,22.5000,22.5000,22.5000,22.5000,0,10/19/16,0.0,0.0