ABEV,6.6100,6.6300,6.5401,6.6100,17.84 M,04/25/18,-0.08000000000000007,-1.1958146487294479
ABEV,6.7300,6.8000,6.6600,6.6900,15.13 M,04/24/18,-0.05999999999999961,-0.8888888888888831
ABEV,6.7600,6.7900,6.6900,6.7500,10.95 M,04/23/18,-0.05999999999999961,-0.8810572687224613
ABEV,6.8100,6.8400,6.7600,6.8100,18.57 M,04/20/18,-0.08000000000000007,-1.1611030478955018
ABEV,6.8000,6.8900,6.7700,6.8900,24.14 M,04/19/18,0.009999999999999787,0.14534883720929923
ABEV,6.7800,6.9250,6.7800,6.8800,28.67 M,04/18/18,0.1200000000000001,1.7751479289940846
ABEV,6.7100,6.7900,6.6400,6.7600,29.69 M,04/17/18,0.08999999999999986,1.3493253373313323
ABEV,6.7800,6.8000,6.6400,6.6700,24.10 M,04/16/18,-0.08000000000000007,-1.1851851851851862
ABEV,6.8100,6.8250,6.6900,6.7500,16.66 M,04/13/18,-0.019999999999999574,-0.2954209748892109
ABEV,6.9700,7.0000,6.7600,6.7700,28.65 M,04/12/18,-0.23000000000000043,-3.285714285714292
ABEV,6.9400,7.0650,6.9300,7.0000,22.24 M,04/11/18,0.05999999999999961,0.8645533141210318
ABEV,6.8000,6.9600,6.7700,6.9400,32.38 M,04/10/18,0.15000000000000036,2.2091310751104616
ABEV,6.8300,6.8700,6.7550,6.7900,33.43 M,04/09/18,-0.07000000000000028,-1.0204081632653101
ABEV,6.9500,6.9850,6.7450,6.8600,43.69 M,04/06/18,-0.2999999999999998,-4.1899441340782095
ABEV,7.3200,7.3500,7.1500,7.1600,20.02 M,04/05/18,-0.04999999999999982,-0.6934812760055454
ABEV,7.0900,7.2400,7.0600,7.2100,16.23 M,04/04/18,0.03000000000000025,0.41782729805014274
ABEV,7.1900,7.2300,7.1100,7.1800,19.13 M,04/03/18,0.0699999999999994,0.98452883263009
ABEV,7.2000,7.2700,7.1000,7.1100,11.42 M,04/02/18,-0.15999999999999925,-2.200825309491049
ABEV,7.1600,7.2900,7.1500,7.2700,15.23 M,03/29/18,0.15999999999999925,2.2503516174402143
ABEV,7.1000,7.1300,7.0250,7.1100,21.59 M,03/28/18,0.03000000000000025,0.42372881355932557
ABEV,7.1400,7.2000,7.0700,7.0800,15.10 M,03/27/18,-0.1200000000000001,-1.666666666666668
ABEV,7.2400,7.2700,7.1000,7.2000,21.58 M,03/26/18,0.04999999999999982,0.6993006993006968
ABEV,7.1800,7.2597,7.1400,7.1500,14.80 M,03/23/18,-0.02999999999999936,-0.4178272980501304
ABEV,7.1900,7.2500,7.1234,7.1800,11.19 M,03/22/18,-0.08000000000000007,-1.1019283746556483
ABEV,7.1400,7.3100,7.1000,7.2600,24.70 M,03/21/18,0.16999999999999993,2.39774330042313
ABEV,7.1700,7.1900,7.0900,7.0900,12.88 M,03/20/18,-0.08000000000000007,-1.115760111576012
ABEV,7.0700,7.1900,7.0600,7.1700,14.33 M,03/19/18,0.040000000000000036,0.5610098176718098
ABEV,7.2200,7.2300,7.1300,7.1300,14.09 M,03/16/18,-0.07000000000000028,-0.9722222222222261
ABEV,7.3000,7.3441,7.1800,7.2000,23.21 M,03/15/18,-0.1899999999999995,-2.5710419485791545
ABEV,7.3500,7.4300,7.3100,7.3900,20.06 M,03/14/18,0.10999999999999943,1.5109890109890032
ABEV,7.3200,7.3950,7.2400,7.2800,24.46 M,03/13/18,-0.019999999999999574,-0.2739726027397202
ABEV,7.1800,7.3500,7.1600,7.3000,29.11 M,03/12/18,0.16000000000000014,2.2408963585434196
ABEV,7.1600,7.2200,7.1200,7.1400,15.38 M,03/09/18,0.040000000000000036,0.5633802816901414
ABEV,7.0700,7.1600,7.0200,7.1000,31.29 M,03/08/18,0.040000000000000036,0.5665722379603405
ABEV,7.0300,7.0950,6.9500,7.0600,34.21 M,03/07/18,-0.010000000000000675,-0.141442715700151
ABEV,6.9400,7.0900,6.9200,7.0700,31.28 M,03/06/18,0.1900000000000004,2.76162790697675
ABEV,6.8700,6.9700,6.8300,6.8800,24.87 M,03/05/18,0.0,0.0
ABEV,6.7300,6.9000,6.6800,6.8800,16.32 M,03/02/18,0.07000000000000028,1.0279001468428823
ABEV,6.8700,6.9200,6.7200,6.8100,19.62 M,03/01/18,0.05999999999999961,0.8888888888888831
ABEV,6.7800,6.8700,6.7450,6.7500,22.34 M,02/28/18,-0.03000000000000025,-0.4424778761061983
ABEV,6.8200,6.8400,6.7300,6.7800,11.05 M,02/27/18,-0.040000000000000036,-0.5865102639296192
ABEV,6.6900,6.8300,6.6700,6.8200,12.71 M,02/26/18,0.10000000000000053,1.4880952380952461
ABEV,6.8600,6.8900,6.6950,6.7200,22.72 M,02/23/18,-0.10000000000000053,-1.4662756598240547
ABEV,6.8400,6.8800,6.7838,6.8200,18.53 M,02/22/18,0.010000000000000675,0.14684287812042107
ABEV,6.9500,6.9600,6.7800,6.8100,32.42 M,02/21/18,-0.09000000000000075,-1.3043478260869672
ABEV,6.8000,6.9400,6.8000,6.9000,17.13 M,02/20/18,0.0,0.0
ABEV,6.7700,6.9600,6.7700,6.9000,17.44 M,02/16/18,0.020000000000000462,0.2906976744186114
ABEV,6.8500,6.9000,6.8150,6.8800,15.28 M,02/15/18,0.009999999999999787,0.1455604075691381
ABEV,6.6200,6.9000,6.5800,6.8700,17.66 M,02/14/18,0.20000000000000018,2.9985007496251903
ABEV,6.6500,6.7000,6.6300,6.6700,12.75 M,02/13/18,-0.009999999999999787,-0.14970059880239203
ABEV,6.5800,6.7200,6.5600,6.6800,17.76 M,02/12/18,0.13999999999999968,2.140672782874613
ABEV,6.5600,6.5900,6.3600,6.5400,25.85 M,02/09/18,0.08000000000000007,1.2383900928792582
ABEV,6.6200,6.6400,6.4500,6.4600,26.40 M,02/08/18,-0.08000000000000007,-1.2232415902140683
ABEV,6.6300,6.7450,6.5400,6.5400,24.16 M,02/07/18,-0.1200000000000001,-1.8018018018018034
ABEV,6.5400,6.6964,6.5207,6.6600,28.70 M,02/06/18,0.08000000000000007,1.2158054711246211
ABEV,6.7100,6.7588,6.5400,6.5800,22.25 M,02/05/18,-0.16999999999999993,-2.5185185185185173
ABEV,6.7900,6.8300,6.6900,6.7500,18.42 M,02/02/18,-0.20000000000000018,-2.8776978417266212
ABEV,6.9500,7.0400,6.9100,6.9500,29.94 M,02/01/18,0.08000000000000007,1.1644832605531306
ABEV,6.9200,6.9600,6.8300,6.8700,21.16 M,01/31/18,0.03000000000000025,0.4385964912280738
ABEV,6.8400,6.8700,6.8000,6.8400,13.06 M,01/30/18,0.019999999999999574,0.29325513196480313
ABEV,6.8400,6.8800,6.7912,6.8200,15.06 M,01/29/18,-0.08000000000000007,-1.1594202898550734
ABEV,6.8500,6.9400,6.8400,6.9000,24.82 M,01/26/18,0.08000000000000007,1.1730205278592385
ABEV,6.9000,7.0000,6.8200,6.8200,21.44 M,01/25/18,-0.04999999999999982,-0.7278020378457034
ABEV,6.8300,6.9000,6.7332,6.8700,33.98 M,01/24/18,0.16000000000000014,2.384500745156485
ABEV,6.7100,6.7700,6.6500,6.7100,16.05 M,01/23/18,-0.08999999999999986,-1.3235294117647038
ABEV,6.8100,6.8190,6.7600,6.8000,12.53 M,01/22/18,-0.0600000000000005,-0.8746355685131267
ABEV,6.7800,6.8700,6.7600,6.8600,14.32 M,01/19/18,0.10000000000000053,1.4792899408284104
ABEV,6.8100,6.8361,6.7450,6.7600,15.19 M,01/18/18,-0.020000000000000462,-0.29498525073746995
ABEV,6.7600,6.8100,6.7300,6.7800,14.46 M,01/17/18,0.03000000000000025,0.44444444444444814
ABEV,6.7100,6.7800,6.6900,6.7500,15.72 M,01/16/18,0.08000000000000007,1.1994002998500761
ABEV,6.7000,6.7900,6.6400,6.6700,25.88 M,01/12/18,-0.09999999999999964,-1.4771048744460804
ABEV,6.6300,6.7700,6.6200,6.7700,11.53 M,01/11/18,0.15999999999999925,2.4205748865355408
ABEV,6.6100,6.6600,6.5600,6.6100,8.25 M,01/10/18,0.03000000000000025,0.4559270516717363
ABEV,6.6000,6.6371,6.5700,6.5800,8.45 M,01/09/18,-0.040000000000000036,-0.6042296072507558
ABEV,6.6300,6.6550,6.5900,6.6200,10.90 M,01/08/18,-0.04999999999999982,-0.7496251874062942
ABEV,6.6300,6.6900,6.5900,6.6700,14.24 M,01/05/18,0.03000000000000025,0.45180722891566644
ABEV,6.6800,6.7150,6.5901,6.6400,10.70 M,01/04/18,-0.010000000000000675,-0.1503759398496342
ABEV,6.6700,6.7350,6.6200,6.6500,13.99 M,01/03/18,0.040000000000000036,0.6051437216338885
ABEV,6.5400,6.6300,6.5250,6.6100,16.19 M,01/02/18,0.15000000000000036,2.3219814241486123
ABEV,6.4300,6.5700,6.4280,6.4600,23.21 M,12/29/17,0.040000000000000036,0.6230529595015581
ABEV,6.4400,6.4400,6.3400,6.4200,9.82 M,12/28/17,0.04999999999999982,0.7849293563579249
ABEV,6.4100,6.4500,6.3600,6.3700,11.15 M,12/27/17,0.020000000000000462,0.3149606299212671
ABEV,6.3100,6.3900,6.2500,6.3500,8.81 M,12/26/17,0.08000000000000007,1.2759170653907508
ABEV,6.2300,6.3100,6.2300,6.2700,9.29 M,12/22/17,0.009999999999999787,0.1597444089456835
ABEV,6.2100,6.3300,6.2000,6.2600,11.36 M,12/21/17,0.019999999999999574,0.32051282051281366
ABEV,6.2000,6.2600,6.1900,6.2400,9.84 M,12/20/17,0.040000000000000036,0.6451612903225812
ABEV,6.2100,6.2368,6.1500,6.2000,7.71 M,12/19/17,-0.10999999999999943,-1.7432646592709895
ABEV,6.2900,6.3600,6.2750,6.3100,8.17 M,12/18/17,0.07999999999999918,1.2841091492776755
ABEV,6.2600,6.2884,6.2200,6.2300,11.81 M,12/15/17,0.010000000000000675,0.16077170418007516
ABEV,6.2500,6.2793,6.2000,6.2200,7.84 M,12/14/17,-0.08999999999999986,-1.4263074484944511
ABEV,6.4700,6.5000,6.2600,6.3100,18.48 M,12/13/17,-0.16000000000000014,-2.472952086553325
ABEV,6.2900,6.5200,6.2700,6.4700,28.91 M,12/12/17,0.1299999999999999,2.050473186119872
ABEV,6.3300,6.3800,6.3250,6.3400,10.40 M,12/11/17,-0.009999999999999787,-0.15748031496062656
ABEV,6.3000,6.3500,6.2738,6.3500,16.88 M,12/08/17,0.13999999999999968,2.254428341384858
ABEV,6.1200,6.2893,6.1100,6.2100,17.99 M,12/07/17,-0.1299999999999999,-2.050473186119872
ABEV,6.3300,6.3800,6.2500,6.3400,13.26 M,12/06/17,0.040000000000000036,0.6349206349206356
ABEV,6.4000,6.4300,6.2750,6.3000,22.46 M,12/05/17,0.019999999999999574,0.31847133757961105
ABEV,6.2500,6.3400,6.2300,6.2800,10.25 M,12/04/17,0.0600000000000005,0.9646302250803939
ABEV,6.2100,6.2650,6.1850,6.2200,14.31 M,12/01/17,0.02999999999999936,0.48465266558965037
ABEV,6.2800,6.3100,6.1500,6.1900,21.46 M,11/30/17,-0.10999999999999943,-1.7460317460317372
ABEV,6.3900,6.4100,6.2700,6.3000,14.91 M,11/29/17,-0.1299999999999999,-2.0217729393468105
ABEV,6.3800,6.4900,6.3700,6.4300,24.50 M,11/28/17,0.0699999999999994,1.1006289308176005
ABEV,6.3200,6.4000,6.3000,6.3600,12.03 M,11/27/17,-0.019999999999999574,-0.3134796238244447
ABEV,6.3400,6.3900,6.3300,6.3800,6.15 M,11/24/17,-0.020000000000000462,-0.3125000000000072
ABEV,6.3700,6.4200,6.3500,6.4000,13.42 M,11/22/17,0.05000000000000071,0.7874015748031609
ABEV,6.2900,6.3900,6.2900,6.3500,38.50 M,11/21/17,0.08000000000000007,1.2759170653907508
ABEV,6.2200,6.2800,6.1800,6.2700,8.36 M,11/20/17,0.02999999999999936,0.4807692307692205
ABEV,6.2000,6.2800,6.1500,6.2400,17.12 M,11/17/17,0.07000000000000028,1.1345218800648345
ABEV,6.1700,6.2400,6.1150,6.1700,15.92 M,11/16/17,0.1200000000000001,1.9834710743801671
ABEV,6.0500,6.0800,6.0192,6.0500,8.67 M,11/15/17,-0.009999999999999787,-0.16501650165016152
ABEV,6.1300,6.1450,6.0500,6.0600,13.49 M,11/14/17,-0.0600000000000005,-0.9803921568627532
ABEV,6.0600,6.1450,6.0300,6.1200,14.78 M,11/13/17,0.0,0.0
ABEV,6.1100,6.1500,6.0700,6.1200,20.09 M,11/10/17,-0.04999999999999982,-0.8103727714748755
ABEV,6.1200,6.1900,6.0936,6.1700,15.02 M,11/09/17,-0.009999999999999787,-0.16181229773462438
ABEV,6.2000,6.2200,6.0500,6.1800,53.63 M,11/08/17,0.05999999999999961,0.9803921568627387
ABEV,6.2300,6.2300,6.0700,6.1200,30.41 M,11/07/17,-0.1200000000000001,-1.9230769230769247
ABEV,6.2200,6.2900,6.1750,6.2400,25.07 M,11/06/17,0.07000000000000028,1.1345218800648345
ABEV,6.3000,6.3200,6.1200,6.1700,43.75 M,11/03/17,-0.11000000000000032,-1.751592356687903
ABEV,6.3100,6.3200,6.2100,6.2800,20.82 M,11/02/17,-0.009999999999999787,-0.158982511923685
ABEV,6.3800,6.4500,6.2900,6.2900,20.60 M,11/01/17,-0.040000000000000036,-0.6319115323854666
ABEV,6.3300,6.4293,6.2900,6.3300,22.22 M,10/31/17,-0.019999999999999574,-0.3149606299212531
ABEV,6.3500,6.3800,6.3100,6.3500,26.96 M,10/30/17,-0.040000000000000036,-0.6259780907668238
ABEV,6.4100,6.4800,6.3700,6.3900,21.93 M,10/27/17,0.0699999999999994,1.1075949367088511
ABEV,6.4100,6.4800,6.3200,6.3200,15.85 M,10/26/17,-0.16000000000000014,-2.469135802469138
ABEV,6.5300,6.5400,6.3500,6.4800,24.72 M,10/25/17,-0.04999999999999982,-0.7656967840735042
ABEV,6.5400,6.5500,6.4900,6.5300,17.33 M,10/24/17,0.010000000000000675,0.1533742331288447
ABEV,6.6700,6.6750,6.4900,6.5200,28.83 M,10/23/17,-0.1900000000000004,-2.8315946348733294
ABEV,6.8200,6.8200,6.6700,6.7100,27.46 M,10/20/17,-0.11000000000000032,-1.6129032258064562
ABEV,6.7500,6.8400,6.7200,6.8200,11.18 M,10/19/17,0.0,0.0
ABEV,6.8100,6.8400,6.7900,6.8200,11.28 M,10/18/17,-0.009999999999999787,-0.14641288433381824
ABEV,6.8200,6.8400,6.7600,6.8300,10.49 M,10/17/17,-0.009999999999999787,-0.1461988304093536
ABEV,6.8900,6.9400,6.8100,6.8400,18.15 M,10/16/17,-0.14000000000000057,-2.005730659025796
ABEV,7.0100,7.0300,6.9400,6.9800,36.07 M,10/13/17,0.1900000000000004,2.7982326951399172
ABEV,6.7400,6.8150,6.7400,6.7900,13.99 M,10/12/17,0.0,0.0
ABEV,6.8000,6.8100,6.7200,6.7900,26.32 M,10/11/17,0.04999999999999982,0.7418397626112733
ABEV,6.7000,6.8300,6.6600,6.7400,46.17 M,10/10/17,0.16999999999999993,2.587519025875189
ABEV,6.5700,6.6100,6.5700,6.5700,5.21 M,10/09/17,-0.040000000000000036,-0.6051437216338885
ABEV,6.6200,6.6300,6.5600,6.6100,15.74 M,10/06/17,-0.0699999999999994,-1.0479041916167575
ABEV,6.7700,6.8200,6.6800,6.6800,21.07 M,10/05/17,0.0,0.0
ABEV,6.7800,6.8093,6.6800,6.6800,17.44 M,10/04/17,-0.08000000000000007,-1.183431952662723
ABEV,6.5300,6.7800,6.5300,6.7600,23.42 M,10/03/17,0.25,3.8402457757296466
ABEV,6.5100,6.5400,6.4450,6.5100,33.70 M,10/02/17,-0.08000000000000007,-1.213960546282247
ABEV,6.6400,6.6500,6.5500,6.5900,32.05 M,09/29/17,0.03000000000000025,0.4573170731707355
ABEV,6.5700,6.6100,6.5400,6.5600,13.50 M,09/28/17,-0.03000000000000025,-0.45523520485584595
ABEV,6.5900,6.6200,6.4900,6.5900,18.95 M,09/27/17,-0.04999999999999982,-0.7530120481927685
ABEV,6.7500,6.7600,6.6100,6.6400,33.63 M,09/26/17,-0.11000000000000032,-1.6296296296296344
ABEV,6.8000,6.8100,6.7200,6.7500,20.55 M,09/25/17,-0.09999999999999964,-1.459854014598535
ABEV,6.7900,6.8600,6.7650,6.8500,12.12 M,09/22/17,0.10999999999999943,1.6320474777447986
ABEV,6.8500,6.8600,6.7200,6.7400,19.37 M,09/21/17,-0.08000000000000007,-1.1730205278592385
ABEV,6.7800,6.8200,6.7100,6.8200,19.95 M,09/20/17,0.05000000000000071,0.7385524372230534
ABEV,6.7500,6.8050,6.7307,6.7700,19.74 M,09/19/17,0.0699999999999994,1.044776119402976
ABEV,6.8000,6.8100,6.6950,6.7000,18.36 M,09/18/17,-0.10999999999999943,-1.6152716593245144
ABEV,6.7300,6.8200,6.7000,6.8100,27.23 M,09/15/17,0.0699999999999994,1.0385756676557774
ABEV,6.6600,6.7900,6.6400,6.7400,15.33 M,09/14/17,0.04999999999999982,0.7473841554559016
ABEV,6.6700,6.7500,6.6300,6.6900,20.47 M,09/13/17,0.010000000000000675,0.14970059880240533
ABEV,6.5800,6.7500,6.5600,6.6800,32.75 M,09/12/17,0.1999999999999993,3.0864197530864086
ABEV,6.4900,6.5700,6.4650,6.4800,14.03 M,09/11/17,0.05000000000000071,0.7776049766718618
ABEV,6.4600,6.4750,6.3800,6.4300,16.15 M,09/08/17,-0.03000000000000025,-0.4643962848297252
ABEV,6.4400,6.4800,6.4300,6.4600,9.88 M,09/07/17,0.009999999999999787,0.15503875968991918
ABEV,6.3400,6.4700,6.3400,6.4500,15.06 M,09/06/17,0.16000000000000014,2.5437201907790166
ABEV,6.3100,6.3400,6.2550,6.2900,23.72 M,09/05/17,0.04999999999999982,0.8012820512820484
ABEV,6.3200,6.3400,6.2400,6.2400,14.75 M,09/01/17,-0.019999999999999574,-0.319488817891367
ABEV,6.2900,6.2900,6.2550,6.2600,9.53 M,08/31/17,0.019999999999999574,0.32051282051281366
ABEV,6.2400,6.2600,6.1800,6.2400,16.37 M,08/30/17,0.009999999999999787,0.16051364365970763
ABEV,6.1900,6.2600,6.1900,6.2300,9.65 M,08/29/17,0.0,0.0
ABEV,6.2600,6.2600,6.2100,6.2300,8.94 M,08/28/17,-0.019999999999999574,-0.3199999999999932
ABEV,6.2500,6.2962,6.2200,6.2500,9.81 M,08/25/17,0.009999999999999787,0.16025641025640683
ABEV,6.2900,6.3000,6.2300,6.2400,12.19 M,08/24/17,-0.04999999999999982,-0.7949125596184391
ABEV,6.2300,6.3000,6.2000,6.2900,10.10 M,08/23/17,0.1299999999999999,2.1103896103896087
ABEV,6.2500,6.2800,6.1500,6.1600,13.34 M,08/22/17,-0.019999999999999574,-0.32362459546924877
ABEV,6.2200,6.2700,6.1600,6.1800,9.09 M,08/21/17,-0.05000000000000071,-0.8025682182985667
ABEV,6.2100,6.2500,6.1500,6.2300,15.54 M,08/18/17,0.040000000000000036,0.6462035541195482
ABEV,6.2000,6.2400,6.1800,6.1900,14.55 M,08/17/17,-0.040000000000000036,-0.6420545746388449
ABEV,6.2100,6.2600,6.1700,6.2300,15.24 M,08/16/17,0.040000000000000036,0.6462035541195482
ABEV,6.1300,6.2000,6.1200,6.1900,14.09 M,08/15/17,0.07000000000000028,1.1437908496732072
ABEV,6.1100,6.2000,6.0900,6.1200,21.93 M,08/14/17,0.0,0.0
ABEV,6.1000,6.1500,6.0650,6.1200,11.60 M,08/11/17,0.07000000000000028,1.1570247933884346
ABEV,6.0700,6.1200,6.0500,6.0500,15.54 M,08/10/17,-0.07000000000000028,-1.1437908496732072
ABEV,6.0700,6.1500,6.0600,6.1200,23.68 M,08/09/17,-0.040000000000000036,-0.6493506493506499
ABEV,6.1500,6.2200,6.1200,6.1600,21.11 M,08/08/17,0.009999999999999787,0.1626016260162567
ABEV,6.1100,6.1800,6.0900,6.1500,11.34 M,08/07/17,0.03000000000000025,0.4901960784313766
ABEV,6.1300,6.1500,6.0700,6.1200,10.74 M,08/04/17,-0.03000000000000025,-0.48780487804878453
ABEV,6.1700,6.1800,6.1200,6.1500,13.49 M,08/03/17,-0.040000000000000036,-0.6462035541195482
ABEV,6.0900,6.2000,6.0850,6.1900,19.30 M,08/02/17,0.08000000000000007,1.309328968903438
ABEV,6.0800,6.1600,6.0800,6.1100,11.55 M,08/01/17,0.03000000000000025,0.49342105263158303
ABEV,6.1300,6.1600,6.0638,6.0800,19.45 M,07/31/17,0.03000000000000025,0.49586776859504544
ABEV,6.0000,6.0900,5.9730,6.0500,14.73 M,07/28/17,0.019999999999999574,0.3316749585406231
ABEV,6.0100,6.1200,5.9800,6.0300,18.89 M,07/27/17,0.08999999999999986,1.5151515151515127
ABEV,5.8800,5.9600,5.8700,5.9400,9.72 M,07/26/17,0.020000000000000462,0.33783783783784566
ABEV,5.9600,6.0000,5.9000,5.9200,13.06 M,07/25/17,0.0,0.0
ABEV,5.9700,5.9700,5.9100,5.9200,9.17 M,07/24/17,-0.020000000000000462,-0.33670033670034444
ABEV,5.9700,5.9800,5.9200,5.9400,12.82 M,07/21/17,0.0,0.0
ABEV,5.9600,5.9800,5.9100,5.9400,16.84 M,07/20/17,0.0,0.0
ABEV,5.9100,5.9400,5.8700,5.9400,9.79 M,07/19/17,0.05000000000000071,0.8488964346349867
ABEV,5.8700,5.9050,5.8300,5.8900,7.51 M,07/18/17,0.009999999999999787,0.17006802721088074
ABEV,5.8500,5.9000,5.8400,5.8800,11.39 M,07/17/17,0.03000000000000025,0.5128205128205171
ABEV,5.8300,5.8700,5.8200,5.8500,8.13 M,07/14/17,0.08999999999999986,1.5624999999999976
ABEV,5.7900,5.8000,5.7400,5.7600,10.64 M,07/13/17,-0.020000000000000462,-0.3460207612456827
ABEV,5.7400,5.8000,5.6900,5.7800,25.06 M,07/12/17,0.14000000000000057,2.4822695035461093
ABEV,5.6000,5.7000,5.5900,5.6400,40.94 M,07/11/17,0.04999999999999982,0.8944543828264727
ABEV,5.4900,5.6100,5.4700,5.5900,37.53 M,07/10/17,0.13999999999999968,2.568807339449535
ABEV,5.4100,5.5000,5.4100,5.4500,26.97 M,07/07/17,0.11000000000000032,2.0599250936329647
ABEV,5.4700,5.4800,5.3300,5.3400,37.24 M,07/06/17,-0.15000000000000036,-2.7322404371584765
ABEV,5.4500,5.5200,5.4500,5.4900,36.70 M,07/05/17,0.020000000000000462,0.3656307129798988
ABEV,5.5400,5.5600,5.4600,5.4700,12.52 M,07/03/17,-0.020000000000000462,-0.3642987249544711
ABEV,5.5000,5.5500,5.4750,5.4900,21.03 M,06/30/17,0.020000000000000462,0.3656307129798988
ABEV,5.5200,5.5300,5.4300,5.4700,28.26 M,06/29/17,-0.04999999999999982,-0.9057971014492722
ABEV,5.5000,5.5700,5.4400,5.5200,25.71 M,06/28/17,0.05999999999999961,1.0989010989010917
ABEV,5.4500,5.5050,5.4000,5.4600,41.02 M,06/27/17,-0.03000000000000025,-0.5464480874316985
ABEV,5.4500,5.5400,5.4400,5.4900,37.80 M,06/26/17,0.04999999999999982,0.9191176470588202
ABEV,5.4200,5.4700,5.4000,5.4400,20.09 M,06/23/17,0.010000000000000675,0.18416206261511373
ABEV,5.4400,5.4700,5.4000,5.4300,27.45 M,06/22/17,0.009999999999999787,0.18450184501844624
ABEV,5.4000,5.4600,5.3700,5.4200,38.73 M,06/21/17,0.040000000000000036,0.7434944237918223
ABEV,5.3900,5.4700,5.3700,5.3800,67.95 M,06/20/17,-0.020000000000000462,-0.3703703703703789
ABEV,5.3400,5.4300,5.3000,5.4000,35.72 M,06/19/17,0.0600000000000005,1.123595505617987
ABEV,5.4700,5.4700,5.3300,5.3400,77.18 M,06/16/17,-0.11000000000000032,-2.0183486238532167
ABEV,5.4800,5.4900,5.4200,5.4500,13.06 M,06/15/17,-0.04999999999999982,-0.9090909090909058
ABEV,5.5500,5.5800,5.4400,5.5000,31.06 M,06/14/17,-0.019999999999999574,-0.36231884057970243
ABEV,5.4500,5.5300,5.4200,5.5200,20.78 M,06/13/17,0.08999999999999986,1.6574585635359091
ABEV,5.4000,5.4700,5.3900,5.4300,24.99 M,06/12/17,-0.040000000000000036,-0.7312614259597813
ABEV,5.5900,5.6000,5.4350,5.4700,30.83 M,06/09/17,-0.16000000000000014,-2.841918294849026
ABEV,5.6600,5.6700,5.5900,5.6300,28.61 M,06/08/17,-0.0600000000000005,-1.0544815465729436
ABEV,5.7700,5.8200,5.6600,5.6900,41.35 M,06/07/17,-0.07999999999999918,-1.386481802426329
ABEV,5.7200,5.8100,5.7100,5.7700,27.89 M,06/06/17,0.04999999999999982,0.8741258741258711
ABEV,5.6500,5.7300,5.6200,5.7200,37.35 M,06/05/17,0.04999999999999982,0.8818342151675453
ABEV,5.7400,5.7450,5.6000,5.6700,83.59 M,06/02/17,0.009999999999999787,0.1766784452296782
ABEV,5.7700,5.7700,5.6600,5.6600,68.46 M,06/01/17,-0.04999999999999982,-0.8756567425569146
ABEV,5.7600,5.7900,5.7000,5.7100,44.00 M,05/31/17,-0.009999999999999787,-0.1748251748251711
ABEV,5.7400,5.7600,5.7200,5.7200,36.83 M,05/30/17,-0.04999999999999982,-0.8665511265164615
ABEV,5.7400,5.8200,5.7200,5.7700,14.95 M,05/26/17,0.04999999999999982,0.8741258741258711
ABEV,5.7500,5.7750,5.6700,5.7200,20.31 M,05/25/17,-0.020000000000000462,-0.34843205574913694
ABEV,5.7900,5.8000,5.7200,5.7400,27.49 M,05/24/17,-0.019999999999999574,-0.3472222222222148
ABEV,5.6900,5.7800,5.6800,5.7600,23.23 M,05/23/17,0.1299999999999999,2.3090586145648295
ABEV,5.6400,5.7100,5.5600,5.6300,37.70 M,05/22/17,-0.03000000000000025,-0.5300353356890504
ABEV,5.6700,5.6700,5.5800,5.6600,46.48 M,05/19/17,0.16000000000000014,2.909090909090912
ABEV,5.8500,6.0000,5.4900,5.5000,79.77 M,05/18/17,-0.7300000000000004,-11.717495987158914
ABEV,6.3400,6.3600,6.2100,6.2300,29.08 M,05/17/17,-0.1299999999999999,-2.044025157232703
ABEV,6.3700,6.3850,6.2900,6.3600,28.06 M,05/16/17,0.03000000000000025,0.4739336492891035
ABEV,6.2800,6.3500,6.2400,6.3300,48.05 M,05/15/17,0.07000000000000028,1.1182108626198128
ABEV,6.2300,6.3000,6.1801,6.2600,32.91 M,05/12/17,0.10999999999999943,1.7886178861788524
ABEV,6.0600,6.1900,6.0400,6.1500,55.14 M,05/11/17,0.13000000000000078,2.159468438538219
ABEV,6.0100,6.0700,5.9800,6.0200,24.76 M,05/10/17,0.07999999999999918,1.346801346801333
ABEV,5.8800,5.9700,5.8550,5.9400,29.72 M,05/09/17,0.0600000000000005,1.0204081632653146
ABEV,5.8950,5.9100,5.8400,5.8800,25.07 M,05/08/17,-0.040000000000000036,-0.6756756756756763
ABEV,5.9500,5.9700,5.9100,5.9200,26.30 M,05/05/17,-0.020000000000000462,-0.33670033670034444
ABEV,5.8700,6.0200,5.8300,5.9400,63.70 M,05/04/17,0.10000000000000053,1.7123287671232967
ABEV,5.8300,5.8760,5.7800,5.8400,28.54 M,05/03/17,-0.020000000000000462,-0.3412969283276529
ABEV,5.7500,5.8700,5.7400,5.8600,30.62 M,05/02/17,0.09000000000000075,1.559792027729649
ABEV,5.7600,5.8200,5.7100,5.7700,22.74 M,05/01/17,0.03999999999999915,0.6980802792320968
ABEV,5.6300,5.7500,5.6300,5.7300,25.69 M,04/28/17,0.05000000000000071,0.8802816901408577
ABEV,5.6900,5.7100,5.6150,5.6800,24.41 M,04/27/17,0.0,0.0
ABEV,5.7200,5.7300,5.6200,5.6800,28.59 M,04/26/17,-0.10000000000000053,-1.730103806228383
ABEV,5.6600,5.8100,5.6500,5.7800,28.77 M,04/25/17,0.08000000000000007,1.4035087719298258
ABEV,5.7300,5.7900,5.7000,5.7000,19.06 M,04/24/17,0.0600000000000005,1.0638297872340514
ABEV,5.6500,5.7000,5.5900,5.6400,19.45 M,04/21/17,0.019999999999999574,0.35587188612098886
ABEV,5.6900,5.7600,5.6200,5.6200,31.50 M,04/20/17,-0.08999999999999986,-1.5761821366024493
ABEV,5.7600,5.7800,5.7000,5.7100,13.25 M,04/19/17,-0.08000000000000007,-1.3816925734024192
ABEV,5.7900,5.8600,5.7800,5.7900,14.99 M,04/18/17,-0.009999999999999787,-0.1724137931034446
ABEV,5.6800,5.8100,5.6700,5.8000,12.75 M,04/17/17,0.17999999999999972,3.202846975088963
ABEV,5.6000,5.6600,5.5900,5.6200,14.52 M,04/13/17,-0.009999999999999787,-0.17761989342806017
ABEV,5.6000,5.6300,5.5500,5.6300,16.93 M,04/12/17,0.05999999999999961,1.0771992818671383
ABEV,5.6000,5.6200,5.5000,5.5700,21.25 M,04/11/17,-0.13999999999999968,-2.451838879159364
ABEV,5.7100,5.7400,5.6500,5.7100,11.47 M,04/10/17,0.019999999999999574,0.35149384885763746
ABEV,5.7200,5.7600,5.6650,5.6900,11.34 M,04/07/17,0.040000000000000036,0.707964601769912
ABEV,5.6700,5.7600,5.6300,5.6500,17.07 M,04/06/17,-0.0699999999999994,-1.2237762237762133
ABEV,5.7900,5.8150,5.6800,5.7200,15.54 M,04/05/17,-0.0600000000000005,-1.0380622837370328
ABEV,5.7100,5.7900,5.6900,5.7800,8.74 M,04/04/17,0.010000000000000675,0.17331022530330462
ABEV,5.7900,5.8100,5.7400,5.7700,11.31 M,04/03/17,0.009999999999999787,0.1736111111111074
ABEV,5.7500,5.8200,5.7000,5.7600,19.54 M,03/31/17,-0.03000000000000025,-0.518134715025911
ABEV,5.7400,5.8150,5.7200,5.7900,20.69 M,03/30/17,0.020000000000000462,0.3466204506065938
ABEV,5.6700,5.7800,5.6700,5.7700,12.34 M,03/29/17,0.09999999999999964,1.7636684303350907
ABEV,5.6500,5.6880,5.6250,5.6700,9.53 M,03/28/17,0.040000000000000036,0.7104795737122565
ABEV,5.5600,5.6400,5.5450,5.6300,12.48 M,03/27/17,0.019999999999999574,0.35650623885917243
ABEV,5.5600,5.6200,5.5250,5.6100,16.71 M,03/24/17,0.08000000000000007,1.4466546112115743
ABEV,5.5200,5.5700,5.5000,5.5300,22.61 M,03/23/17,0.0,0.0
ABEV,5.5700,5.6100,5.5100,5.5300,13.67 M,03/22/17,-0.05999999999999961,-1.073345259391764
ABEV,5.7100,5.7100,5.5900,5.5900,16.00 M,03/21/17,-0.1200000000000001,-2.101576182136604
ABEV,5.5200,5.7400,5.4950,5.7100,20.57 M,03/20/17,0.20000000000000018,3.6297640653357566
ABEV,5.5600,5.5900,5.4700,5.5100,21.49 M,03/17/17,-0.020000000000000462,-0.36166365280290164
ABEV,5.5100,5.5600,5.4800,5.5300,10.13 M,03/16/17,0.020000000000000462,0.3629764065335837
ABEV,5.4000,5.5300,5.3500,5.5100,16.07 M,03/15/17,0.16999999999999993,3.1835205992509352
ABEV,5.4300,5.4600,5.3400,5.3400,9.06 M,03/14/17,-0.14000000000000057,-2.5547445255474552
ABEV,5.4800,5.5100,5.4550,5.4800,6.66 M,03/13/17,0.020000000000000462,0.36630036630037477
ABEV,5.4800,5.4900,5.4400,5.4600,20.78 M,03/10/17,0.08999999999999986,1.6759776536312823
ABEV,5.3900,5.4450,5.3600,5.3700,31.27 M,03/09/17,-0.03000000000000025,-0.5555555555555601
ABEV,5.3100,5.4100,5.3000,5.4000,27.63 M,03/08/17,0.020000000000000462,0.37174721189591936
ABEV,5.4700,5.4800,5.3600,5.3800,28.21 M,03/07/17,-0.08000000000000007,-1.4652014652014664
ABEV,5.5500,5.5500,5.4100,5.4600,17.14 M,03/06/17,-0.08000000000000007,-1.4440433212996402
ABEV,5.4200,5.5450,5.4100,5.5400,25.68 M,03/03/17,0.1200000000000001,2.214022140221404
ABEV,5.5200,5.5700,5.4100,5.4200,25.48 M,03/02/17,-0.33000000000000007,-5.73913043478261
ABEV,5.7200,5.7850,5.6750,5.7500,13.82 M,03/01/17,0.05999999999999961,1.054481546572928
ABEV,5.7200,5.7200,5.6600,5.6900,5.47 M,02/28/17,-0.04999999999999982,-0.8710801393728191
ABEV,5.7300,5.7600,5.6700,5.7400,4.58 M,02/27/17,0.03000000000000025,0.5253940455341549
ABEV,5.7600,5.8100,5.7100,5.7100,14.41 M,02/24/17,-0.16999999999999993,-2.891156462585033
ABEV,6.0000,6.0100,5.8700,5.8800,11.27 M,02/23/17,-0.03000000000000025,-0.5076142131979737
ABEV,5.8900,5.9200,5.8300,5.9100,16.62 M,02/22/17,0.11000000000000032,1.8965517241379366
ABEV,5.7600,5.8100,5.7200,5.8000,13.11 M,02/21/17,0.08000000000000007,1.3986013986013999
ABEV,5.7200,5.7800,5.7100,5.7200,13.80 M,02/17/17,-0.08999999999999986,-1.5490533562822697
ABEV,5.8300,5.8500,5.7800,5.8100,15.43 M,02/16/17,-0.03000000000000025,-0.5136986301369906
ABEV,5.6600,5.8800,5.6500,5.8400,29.43 M,02/15/17,0.2400000000000002,4.28571428571429
ABEV,5.5300,5.6200,5.5150,5.6000,12.02 M,02/14/17,0.1299999999999999,2.3765996343692852
ABEV,5.4800,5.5350,5.4650,5.4700,7.30 M,02/13/17,0.009999999999999787,0.18315018315017925
ABEV,5.3900,5.5000,5.3650,5.4600,9.00 M,02/10/17,0.1200000000000001,2.247191011235957
ABEV,5.4100,5.4300,5.3400,5.3400,18.92 M,02/09/17,-0.04999999999999982,-0.9276437847866387
ABEV,5.4000,5.4200,5.3400,5.3900,15.66 M,02/08/17,0.0,0.0
ABEV,5.4300,5.4800,5.3800,5.3900,11.05 M,02/07/17,-0.07000000000000028,-1.2820512820512873
ABEV,5.4700,5.4900,5.4200,5.4600,8.23 M,02/06/17,-0.03000000000000025,-0.5464480874316985
ABEV,5.4800,5.5400,5.4600,5.4900,9.23 M,02/03/17,0.040000000000000036,0.733944954128441
ABEV,5.4900,5.5000,5.4200,5.4500,8.52 M,02/02/17,-0.03000000000000025,-0.5474452554744571
ABEV,5.4700,5.5000,5.4000,5.4800,12.20 M,02/01/17,0.09000000000000075,1.6697588126159695
ABEV,5.4000,5.4300,5.3550,5.3900,8.94 M,01/31/17,-0.010000000000000675,-0.18518518518519766
ABEV,5.4500,5.4700,5.3550,5.4000,11.86 M,01/30/17,-0.04999999999999982,-0.9174311926605472
ABEV,5.4400,5.4800,5.3500,5.4500,14.70 M,01/27/17,0.009999999999999787,0.18382352941176078
ABEV,5.4400,5.4500,5.3800,5.4400,9.92 M,01/26/17,-0.040000000000000036,-0.7299270072992706
ABEV,5.4700,5.5000,5.4500,5.4800,9.55 M,01/25/17,0.05000000000000071,0.9208103130755195
ABEV,5.4000,5.4700,5.3900,5.4300,12.79 M,01/24/17,-0.05000000000000071,-0.9124087591241005
ABEV,5.4200,5.4900,5.3800,5.4800,9.67 M,01/23/17,0.05000000000000071,0.9208103130755195
ABEV,5.4100,5.4400,5.3500,5.4300,9.93 M,01/20/17,0.0699999999999994,1.30597014925372
ABEV,5.4100,5.4200,5.3400,5.3600,13.60 M,01/19/17,0.05000000000000071,0.9416195856873958
ABEV,5.2800,5.4200,5.2800,5.3100,16.79 M,01/18/17,-0.03000000000000025,-0.5617977528089935
ABEV,5.2300,5.3500,5.1900,5.3400,17.52 M,01/17/17,0.03000000000000025,0.564971751412434
ABEV,5.2200,5.3100,5.1800,5.3100,17.48 M,01/13/17,0.05999999999999961,1.1428571428571355
ABEV,5.2400,5.3200,5.2100,5.2500,22.51 M,01/12/17,0.08000000000000007,1.547388781431336
ABEV,5.0200,5.1700,4.9800,5.1700,19.50 M,01/11/17,0.11000000000000032,2.1739130434782674
ABEV,5.1600,5.1700,5.0600,5.0600,13.99 M,01/10/17,-0.07000000000000028,-1.3645224171540016
ABEV,5.1700,5.1800,5.1200,5.1300,14.84 M,01/09/17,0.040000000000000036,0.785854616895875
ABEV,5.1300,5.1500,5.0500,5.0900,17.01 M,01/06/17,-0.07000000000000028,-1.3565891472868272
ABEV,5.1200,5.1900,5.1000,5.1600,9.03 M,01/05/17,0.04999999999999982,0.9784735812133037
ABEV,5.0900,5.1250,5.0600,5.1100,11.87 M,01/04/17,0.040000000000000036,0.788954635108482
ABEV,5.0600,5.0800,5.0200,5.0700,16.28 M,01/03/17,0.16000000000000014,3.2586558044806546
ABEV,4.9600,4.9700,4.8900,4.9100,8.42 M,12/30/16,-0.040000000000000036,-0.8080808080808087
ABEV,4.9500,4.9700,4.9235,4.9500,11.42 M,12/29/16,0.040000000000000036,0.8146639511201637
ABEV,4.9000,4.9400,4.8600,4.9100,10.68 M,12/28/16,0.020000000000000462,0.4089979550102344
ABEV,4.9100,4.9200,4.8650,4.8900,8.00 M,12/27/16,0.02999999999999936,0.6172839506172707
ABEV,4.8500,4.8800,4.8200,4.8600,5.97 M,12/23/16,0.09000000000000075,1.8867924528302045
ABEV,4.7800,4.8100,4.7300,4.7700,12.31 M,12/22/16,-0.07000000000000028,-1.446280991735543
ABEV,4.9100,4.9100,4.8400,4.8400,10.78 M,12/21/16,0.009999999999999787,0.20703933747411565
ABEV,4.8100,4.8650,4.7600,4.8300,15.26 M,12/20/16,-0.009999999999999787,-0.20661157024792948
ABEV,4.8800,4.8900,4.7900,4.8400,16.44 M,12/19/16,-0.07000000000000028,-1.425661914460291
ABEV,4.8800,4.9300,4.8300,4.9100,26.29 M,12/16/16,0.10000000000000053,2.07900207900209
ABEV,4.8000,4.8700,4.7700,4.8100,50.66 M,12/15/16,0.02999999999999936,0.6276150627614928
ABEV,4.8200,4.9300,4.7500,4.7800,56.55 M,12/14/16,-0.09999999999999964,-2.049180327868845
ABEV,4.8600,4.8950,4.8000,4.8800,30.56 M,12/13/16,0.05999999999999961,1.2448132780082906
ABEV,4.9000,4.9100,4.7600,4.8200,24.80 M,12/12/16,-0.0699999999999994,-1.4314928425357751
ABEV,4.8600,4.9600,4.8500,4.8900,19.67 M,12/09/16,0.040000000000000036,0.824742268041238
ABEV,4.8900,4.9000,4.8200,4.8500,13.15 M,12/08/16,-0.0600000000000005,-1.2219959266802545
ABEV,4.8800,4.9200,4.8450,4.9100,17.37 M,12/07/16,0.0600000000000005,1.237113402061866
ABEV,4.7900,4.8900,4.7400,4.8500,21.39 M,12/06/16,0.02999999999999936,0.6224066390041361
ABEV,4.7800,4.8400,4.7500,4.8200,13.23 M,12/05/16,0.040000000000000036,0.8368200836820091
ABEV,4.7400,4.8100,4.7000,4.7800,36.16 M,12/02/16,0.020000000000000462,0.4201680672269005
ABEV,4.8400,4.9100,4.7400,4.7600,51.29 M,12/01/16,-0.23000000000000043,-4.609218436873756
ABEV,5.1500,5.1550,4.9850,4.9900,30.01 M,11/30/16,0.0,0.0
ABEV,5.0500,5.0800,4.9500,4.9900,39.72 M,11/29/16,-0.1200000000000001,-2.3483365949119395
ABEV,5.0200,5.1500,5.0000,5.1100,22.18 M,11/28/16,0.15000000000000036,3.024193548387104
ABEV,5.0000,5.0471,4.9400,4.9600,7.32 M,11/25/16,-0.20999999999999996,-4.061895551257253
ABEV,4.9700,5.1700,4.9700,5.1700,21.25 M,11/23/16,0.11000000000000032,2.1739130434782674
ABEV,5.2500,5.2600,5.0600,5.0600,23.48 M,11/22/16,-0.1200000000000001,-2.3166023166023186
ABEV,5.1300,5.1900,5.1200,5.1800,10.76 M,11/21/16,0.1200000000000001,2.371541501976287
ABEV,5.1500,5.1550,4.9900,5.0600,25.74 M,11/18/16,-0.040000000000000036,-0.7843137254901968
ABEV,5.1500,5.2000,5.0900,5.1000,13.46 M,11/17/16,-0.07000000000000028,-1.3539651837524234
ABEV,5.1000,5.2000,5.1000,5.1700,22.21 M,11/16/16,0.009999999999999787,0.19379844961239898
ABEV,5.1100,5.1800,5.0700,5.1600,12.06 M,11/15/16,0.15000000000000036,2.9940119760479114
ABEV,5.0000,5.0500,4.9600,5.0100,37.70 M,11/14/16,-0.11000000000000032,-2.148437500000006
ABEV,5.1500,5.2200,5.0350,5.1200,30.43 M,11/11/16,-0.1899999999999995,-3.5781544256120434
ABEV,5.2700,5.3400,5.1600,5.3100,33.30 M,11/10/16,-0.17000000000000082,-3.1021897810219126
ABEV,5.4500,5.5850,5.4500,5.4800,21.73 M,11/09/16,-0.17999999999999972,-3.1802120141342707
ABEV,5.5600,5.6800,5.5000,5.6600,17.25 M,11/08/16,0.08999999999999986,1.6157989228007155
ABEV,5.5900,5.6150,5.5500,5.5700,14.95 M,11/07/16,0.14000000000000057,2.578268876611429
ABEV,5.5000,5.5250,5.4100,5.4300,33.56 M,11/04/16,-0.040000000000000036,-0.7312614259597813
ABEV,5.6700,5.6750,5.4700,5.4700,40.53 M,11/03/16,-0.08000000000000007,-1.4414414414414427
ABEV,5.6200,5.6500,5.5100,5.5500,15.15 M,11/02/16,-0.08000000000000007,-1.420959147424513
ABEV,5.8200,5.8350,5.6300,5.6300,27.59 M,11/01/16,-0.27000000000000046,-4.576271186440685
ABEV,5.9400,5.9600,5.8600,5.9000,18.74 M,10/31/16,-0.02999999999999936,-0.5059021922428223
ABEV,5.9500,6.0400,5.9100,5.9300,34.96 M,10/28/16,-0.23000000000000043,-3.7337662337662407
ABEV,6.2200,6.2350,6.1300,6.1600,12.78 M,10/27/16,-0.05999999999999961,-0.9646302250803797
ABEV,6.2000,6.2800,6.1800,6.2200,13.33 M,10/26/16,-0.010000000000000675,-0.1605136436597219
ABEV,6.2600,6.2700,6.2200,6.2300,10.13 M,10/25/16,-0.02999999999999936,-0.4792332268370505
ABEV,6.3200,6.3400,6.2600,6.2600,8.97 M,10/24/16,0.0,0.0
ABEV,6.1800,6.2800,6.1650,6.2600,27.60 M,10/21/16,0.02999999999999936,0.4815409309791229
ABEV,6.1700,6.2500,6.1600,6.2300,6.90 M,10/20/16,0.03000000000000025,0.4838709677419395
ABEV,6.1500,6.2000,6.1200,6.2000,11.06 M,10/19/16,0.08000000000000007,1.3071895424836613
ABEV,6.1400,6.1900,6.1100,6.1200,12.55 M,10/18/16,0.040000000000000036,0.6578947368421059
ABEV,6.0600,6.1500,6.0500,6.0800,9.23 M,10/17/16,-0.009999999999999787,-0.16420361247947104
ABEV,6.0400,6.1100,6.0300,6.0900,14.56 M,10/14/16,0.07000000000000028,1.1627906976744233
ABEV,5.9600,6.0500,5.9100,6.0200,15.80 M,10/13/16,0.02999999999999936,0.5008347245408908
ABEV,6.0400,6.0800,5.9550,5.9900,11.14 M,10/12/16,-0.04999999999999982,-0.8278145695364209
ABEV,6.0800,6.1100,6.0000,6.0400,16.24 M,10/11/16,-0.05999999999999961,-0.9836065573770428
ABEV,6.1000,6.1300,6.0800,6.1000,4.67 M,10/10/16,0.040000000000000036,0.6600660066006607
ABEV,6.1300,6.1300,6.0100,6.0600,14.28 M,10/07/16,-0.020000000000000462,-0.3289473684210602
ABEV,6.0200,6.1000,6.0000,6.0800,6.25 M,10/06/16,0.009999999999999787,0.16474464579900802
ABEV,6.0600,6.1000,6.0200,6.0700,5.23 M,10/05/16,0.11000000000000032,1.845637583892623
ABEV,6.0800,6.1200,5.9600,5.9600,12.85 M,10/04/16,-0.16999999999999993,-2.773246329526916
ABEV,6.0900,6.1400,6.0700,6.1300,10.13 M,10/03/16,0.040000000000000036,0.6568144499178988
ABEV,6.1000,6.1500,6.0500,6.0900,8.65 M,09/30/16,0.05999999999999961,0.995024875621884
ABEV,6.1200,6.1600,5.9900,6.0300,11.33 M,09/29/16,-0.1200000000000001,-1.9512195121951235
ABEV,6.0900,6.1700,6.0500,6.1500,5.67 M,09/28/16,0.0600000000000005,0.9852216748768555
ABEV,6.0500,6.0900,5.9900,6.0900,8.20 M,09/27/16,0.08000000000000007,1.3311148086522475
ABEV,6.0100,6.0400,5.9800,6.0100,8.44 M,09/26/16,-0.0600000000000005,-0.9884678747940774
ABEV,6.1000,6.1300,6.0500,6.0700,7.66 M,09/23/16,-0.019999999999999574,-0.3284072249589421
ABEV,6.1000,6.1600,6.0650,6.0900,8.55 M,09/22/16,0.04999999999999982,0.8278145695364209
ABEV,5.9900,6.0700,5.9200,6.0400,14.56 M,09/21/16,0.08999999999999986,1.5126050420168042
ABEV,5.9700,5.9900,5.9200,5.9500,8.34 M,09/20/16,0.040000000000000036,0.6768189509306266
ABEV,5.9600,5.9700,5.8800,5.9100,11.23 M,09/19/16,0.009999999999999787,0.1694915254237252
ABEV,5.9000,5.9300,5.8400,5.9000,14.79 M,09/16/16,-0.0699999999999994,-1.1725293132328207
ABEV,5.9100,5.9800,5.8500,5.9700,12.56 M,09/15/16,0.08999999999999986,1.5306122448979569
ABEV,5.7800,5.9400,5.7800,5.8800,27.22 M,09/14/16,0.05999999999999961,1.0309278350515396
ABEV,5.9500,5.9900,5.7800,5.8200,30.61 M,09/13/16,-0.2599999999999998,-4.2763157894736805
ABEV,5.9700,6.0900,5.9500,6.0800,28.17 M,09/12/16,0.08999999999999986,1.502504173622702
ABEV,6.0700,6.1000,5.9900,5.9900,21.87 M,09/09/16,-0.25,-4.006410256410256
ABEV,6.2300,6.2500,6.1400,6.2400,21.34 M,09/08/16,0.040000000000000036,0.6451612903225812
ABEV,6.2200,6.2500,6.1500,6.2000,10.30 M,09/07/16,-0.04999999999999982,-0.7999999999999972
ABEV,6.1200,6.2500,6.0900,6.2500,21.70 M,09/06/16,0.1200000000000001,1.957585644371943
ABEV,6.1400,6.1600,6.0500,6.1300,15.30 M,09/02/16,0.040000000000000036,0.6568144499178988
ABEV,5.8600,6.0900,5.8600,6.0900,29.56 M,09/01/16,0.16000000000000014,2.698145025295112
ABEV,5.9200,5.9450,5.8500,5.9300,20.07 M,08/31/16,0.0,0.0
ABEV,5.9100,5.9400,5.8600,5.9300,10.87 M,08/30/16,-0.020000000000000462,-0.33613445378152035
ABEV,5.8800,5.9700,5.8400,5.9500,39.29 M,08/29/16,0.08999999999999986,1.5358361774744003
ABEV,5.9900,6.0600,5.8400,5.8600,24.23 M,08/26/16,-0.09999999999999964,-1.6778523489932826
ABEV,6.0900,6.1200,5.9500,5.9600,20.65 M,08/25/16,-0.11000000000000032,-1.812191103789132
ABEV,6.0300,6.1000,6.0100,6.0700,6.53 M,08/24/16,0.0,0.0
ABEV,6.1500,6.1800,6.0600,6.0700,11.36 M,08/23/16,-0.02999999999999936,-0.49180327868851414
ABEV,6.1700,6.1700,6.0600,6.1000,7.75 M,08/22/16,-0.08000000000000007,-1.294498381877024
ABEV,6.1500,6.2200,6.1000,6.1800,10.60 M,08/19/16,0.02999999999999936,0.48780487804877004
ABEV,6.2000,6.2200,6.1400,6.1500,12.94 M,08/18/16,-0.09999999999999964,-1.5999999999999943
ABEV,6.2000,6.2700,6.1500,6.2500,22.41 M,08/17/16,-0.03000000000000025,-0.4777070063694307
ABEV,6.2600,6.3200,6.2200,6.2800,12.18 M,08/16/16,0.010000000000000675,0.15948963317385448
ABEV,6.2300,6.3000,6.2000,6.2700,12.87 M,08/15/16,0.0699999999999994,1.1290322580645062
ABEV,6.1800,6.2700,6.1650,6.2000,17.51 M,08/12/16,-0.009999999999999787,-0.1610305958132011
ABEV,6.1200,6.2100,6.1100,6.2100,15.48 M,08/11/16,0.1200000000000001,1.9704433497536964
ABEV,6.1500,6.1600,6.0800,6.0900,12.96 M,08/10/16,-0.040000000000000036,-0.652528548123981
ABEV,6.0800,6.1500,6.0600,6.1300,15.49 M,08/09/16,0.03000000000000025,0.4918032786885287
ABEV,6.0100,6.1000,6.0050,6.1000,24.24 M,08/08/16,0.0699999999999994,1.1608623548921955
ABEV,5.9300,6.0300,5.8700,6.0300,23.55 M,08/05/16,0.16999999999999993,2.9010238907849817
ABEV,5.7200,5.8700,5.7200,5.8600,19.04 M,08/04/16,0.1299999999999999,2.268760907504361
ABEV,5.7000,5.7600,5.6600,5.7300,29.30 M,08/03/16,-0.019999999999999574,-0.34782608695651435
ABEV,5.8200,5.8400,5.7200,5.7500,17.89 M,08/02/16,-0.04999999999999982,-0.8620689655172383
ABEV,5.7100,5.8300,5.6800,5.8000,15.21 M,08/01/16,0.019999999999999574,0.34602076124566733
ABEV,5.8250,5.8400,5.7310,5.7800,33.97 M,07/29/16,-0.08999999999999986,-1.5332197614991459
ABEV,5.8600,5.8950,5.8400,5.8700,4.70 M,07/28/16,-0.009999999999999787,-0.17006802721088074
ABEV,5.8900,5.9200,5.8200,5.8800,7.36 M,07/27/16,-0.009999999999999787,-0.1697792869269913
ABEV,5.8600,5.9400,5.8550,5.8900,6.19 M,07/26/16,0.02999999999999936,0.5119453924914567
ABEV,5.8300,5.9000,5.8200,5.8600,6.10 M,07/25/16,-0.04999999999999982,-0.8460236886632796
ABEV,5.8400,5.9300,5.7900,5.9100,10.93 M,07/22/16,0.07000000000000028,1.1986301369863062
ABEV,5.8400,5.8700,5.7900,5.8400,6.90 M,07/21/16,-0.020000000000000462,-0.3412969283276529
ABEV,5.8500,5.8800,5.8100,5.8600,8.60 M,07/20/16,0.020000000000000462,0.34246575342466545
ABEV,5.7900,5.8400,5.7800,5.8400,8.59 M,07/19/16,0.009999999999999787,0.17152658662092257
ABEV,5.7700,5.8550,5.7600,5.8300,10.21 M,07/18/16,0.04999999999999982,0.8650519031141838
ABEV,5.8200,5.8300,5.7300,5.7800,7.82 M,07/15/16,-0.09999999999999964,-1.7006802721088374
ABEV,5.8800,5.9200,5.8200,5.8800,12.18 M,07/14/16,0.08000000000000007,1.3793103448275874
ABEV,5.8000,5.8200,5.7500,5.8000,6.80 M,07/13/16,-0.03000000000000025,-0.514579759862783
ABEV,5.8500,5.9100,5.8200,5.8300,7.20 M,07/12/16,0.0,0.0
ABEV,5.8800,5.8850,5.8000,5.8300,11.14 M,07/11/16,-0.07000000000000028,-1.1864406779661065
ABEV,5.8000,5.9500,5.7750,5.9000,15.53 M,07/08/16,0.23000000000000043,4.056437389770731
ABEV,5.7500,5.7600,5.6600,5.6700,10.35 M,07/07/16,-0.08000000000000007,-1.3913043478260883
ABEV,5.7700,5.7800,5.6700,5.7500,8.24 M,07/06/16,-0.05999999999999961,-1.032702237521508
ABEV,5.7800,5.8400,5.7500,5.8100,12.73 M,07/05/16,-0.10000000000000053,-1.692047377326574
ABEV,5.9400,5.9500,5.8700,5.9100,10.22 M,07/01/16,0.0,0.0
ABEV,5.8600,5.9500,5.8300,5.9100,9.67 M,06/30/16,0.07000000000000028,1.1986301369863062
ABEV,5.7400,5.8900,5.7400,5.8400,14.21 M,06/29/16,0.21999999999999975,3.9145907473309562
ABEV,5.5800,5.6750,5.5700,5.6200,23.50 M,06/28/16,0.15000000000000036,2.742230347349184
ABEV,5.4300,5.5300,5.3900,5.4700,27.15 M,06/27/16,0.019999999999999574,0.3669724770642124
ABEV,5.3300,5.4700,5.3200,5.4500,11.03 M,06/24/16,-0.08999999999999986,-1.6245487364620912
ABEV,5.4500,5.5400,5.4400,5.5400,5.42 M,06/23/16,0.16999999999999993,3.1657355679702035
ABEV,5.4500,5.4700,5.3600,5.3700,11.63 M,06/22/16,-0.05999999999999961,-1.1049723756906007
ABEV,5.5000,5.5100,5.4100,5.4300,8.49 M,06/21/16,-0.020000000000000462,-0.36697247706422864
ABEV,5.4800,5.5600,5.4100,5.4500,10.10 M,06/20/16,0.04999999999999982,0.9259259259259226
ABEV,5.4000,5.4300,5.3500,5.4000,9.28 M,06/17/16,0.020000000000000462,0.37174721189591936
ABEV,5.2600,5.3900,5.2100,5.3800,6.76 M,06/16/16,0.08000000000000007,1.5094339622641524
ABEV,5.3300,5.3700,5.2450,5.3000,10.48 M,06/15/16,-0.009999999999999787,-0.18832391713747246
ABEV,5.3800,5.4200,5.2500,5.3100,14.69 M,06/14/16,-0.10000000000000053,-1.8484288354898435
ABEV,5.3800,5.4400,5.3700,5.4100,8.03 M,06/13/16,0.0,0.0
ABEV,5.5300,5.5300,5.4100,5.4100,7.36 M,06/10/16,-0.22999999999999954,-4.078014184397155
ABEV,5.6500,5.6700,5.5800,5.6400,9.27 M,06/09/16,-0.040000000000000036,-0.7042253521126767
ABEV,5.5900,5.7200,5.5500,5.6800,16.79 M,06/08/16,0.17999999999999972,3.2727272727272676
ABEV,5.4900,5.5300,5.4700,5.5000,10.22 M,06/07/16,-0.040000000000000036,-0.7220216606498201
ABEV,5.5300,5.5600,5.5000,5.5400,8.85 M,06/06/16,0.020000000000000462,0.3623188405797185
ABEV,5.4400,5.5200,5.4200,5.5200,20.43 M,06/03/16,0.15999999999999925,2.9850746268656576
ABEV,5.3000,5.3600,5.2800,5.3600,11.39 M,06/02/16,-0.019999999999999574,-0.3717472118959029
ABEV,5.2400,5.3800,5.1700,5.3800,16.05 M,06/01/16,0.1200000000000001,2.281368821292778
ABEV,5.3000,5.3400,5.2200,5.2600,26.74 M,05/31/16,-0.08999999999999986,-1.6822429906542031
ABEV,5.2800,5.3600,5.2450,5.3500,26.79 M,05/27/16,0.02999999999999936,0.5639097744360781
ABEV,5.3200,5.3600,5.3050,5.3200,6.24 M,05/26/16,0.05000000000000071,0.9487666034155733
ABEV,5.2200,5.3300,5.2100,5.2700,43.94 M,05/25/16,0.07999999999999918,1.5414258188824503
ABEV,5.1500,5.2000,5.1300,5.1900,8.03 M,05/24/16,0.09000000000000075,1.764705882352956
ABEV,5.1200,5.1600,5.0900,5.1000,12.48 M,05/23/16,-0.1200000000000001,-2.2988505747126458
ABEV,5.2100,5.2550,5.2000,5.2200,8.25 M,05/20/16,0.02999999999999936,0.5780346820809125
ABEV,5.1000,5.2000,5.0850,5.1900,18.73 M,05/19/16,0.05000000000000071,0.9727626459144108
ABEV,5.1800,5.2500,5.1000,5.1400,12.37 M,05/18/16,-0.1299999999999999,-2.4667931688804536
ABEV,5.2600,5.3000,5.2100,5.2700,11.92 M,05/17/16,-0.05000000000000071,-0.9398496240601637
ABEV,5.2700,5.3400,5.2700,5.3200,6.94 M,05/16/16,0.040000000000000036,0.7575757575757582
ABEV,5.4400,5.4700,5.2700,5.2800,12.42 M,05/13/16,-0.21999999999999975,-3.9999999999999956
ABEV,5.4100,5.5100,5.3300,5.5000,28.16 M,05/12/16,0.05999999999999961,1.102941176470581
ABEV,5.5000,5.5100,5.3900,5.4400,11.16 M,05/11/16,0.010000000000000675,0.18416206261511373
ABEV,5.3900,5.4500,5.3600,5.4300,10.41 M,05/10/16,0.10999999999999943,2.06766917293232
ABEV,5.3100,5.3300,5.1350,5.3200,17.92 M,05/09/16,-0.009999999999999787,-0.1876172607879885
ABEV,5.3500,5.3800,5.3000,5.3300,19.92 M,05/06/16,-0.019999999999999574,-0.3738317757009266
ABEV,5.4900,5.4900,5.3442,5.3500,13.01 M,05/05/16,-0.13000000000000078,-2.3722627737226416
ABEV,5.4000,5.5100,5.3700,5.4800,13.34 M,05/04/16,0.03000000000000025,0.5504587155963349
ABEV,5.4000,5.5000,5.3700,5.4500,16.55 M,05/03/16,-0.09999999999999964,-1.8018018018017954
ABEV,5.5400,5.5700,5.5000,5.5500,10.95 M,05/02/16,-0.040000000000000036,-0.7155635062611814
ABEV,5.5800,5.6000,5.4700,5.5900,18.50 M,04/29/16,0.05999999999999961,1.0849909584086728
ABEV,5.4500,5.5500,5.4500,5.5300,13.20 M,04/28/16,0.08000000000000007,1.467889908256882
ABEV,5.4300,5.4800,5.3800,5.4500,14.81 M,04/27/16,0.03000000000000025,0.5535055350553552
ABEV,5.3900,5.4300,5.3450,5.4200,22.08 M,04/26/16,0.05999999999999961,1.1194029850746194
ABEV,5.3600,5.3700,5.3100,5.3600,4.59 M,04/25/16,0.03000000000000025,0.5628517823639821
ABEV,5.2800,5.3950,5.2700,5.3300,11.57 M,04/22/16,-0.05999999999999961,-1.113172541743963
ABEV,5.4400,5.4450,5.3100,5.3900,12.80 M,04/21/16,0.0,0.0
ABEV,5.3400,5.4100,5.3100,5.3900,17.19 M,04/20/16,0.009999999999999787,0.18587360594795144
ABEV,5.2600,5.3900,5.2500,5.3800,11.58 M,04/19/16,0.14999999999999947,2.8680688336519973
ABEV,5.2200,5.3000,5.1900,5.2300,18.77 M,04/18/16,-0.10999999999999943,-2.0599250936329483
ABEV,5.2800,5.3500,5.2700,5.3400,14.61 M,04/15/16,0.009999999999999787,0.1876172607879885
ABEV,5.2200,5.3500,5.1800,5.3300,13.86 M,04/14/16,0.08999999999999986,1.7175572519083941
ABEV,5.2200,5.2700,5.1850,5.2400,20.09 M,04/13/16,0.040000000000000036,0.7692307692307699
ABEV,5.1400,5.2100,5.0700,5.2000,12.15 M,04/12/16,0.03000000000000025,0.5802707930367553
ABEV,5.1900,5.2000,5.1000,5.1700,15.36 M,04/11/16,0.07000000000000028,1.3725490196078487
ABEV,5.1300,5.1400,5.0400,5.1000,14.18 M,04/08/16,0.08999999999999986,1.7964071856287398
ABEV,5.0500,5.0750,4.9600,5.0100,10.10 M,04/07/16,-0.040000000000000036,-0.7920792079207928
ABEV,5.0200,5.0600,4.9600,5.0500,6.95 M,04/06/16,-0.040000000000000036,-0.785854616895875
ABEV,5.0600,5.0900,4.9900,5.0900,10.19 M,04/05/16,-0.009999999999999787,-0.19607843137254485
ABEV,5.1500,5.1700,5.0700,5.1000,14.53 M,04/04/16,-0.14000000000000057,-2.6717557251908506
ABEV,5.1300,5.2800,5.0850,5.2400,15.70 M,04/01/16,0.0600000000000005,1.158301158301168
ABEV,5.2400,5.2700,5.1500,5.1800,16.45 M,03/31/16,-0.0600000000000005,-1.1450381679389408
ABEV,5.3100,5.3600,5.2200,5.2400,16.75 M,03/30/16,-0.02999999999999936,-0.5692599620493237
ABEV,5.2600,5.3200,5.2100,5.2700,24.18 M,03/29/16,0.0,0.0
ABEV,5.2300,5.2900,5.1900,5.2700,12.36 M,03/28/16,0.14999999999999947,2.9296874999999893
ABEV,5.0800,5.1550,5.0700,5.1200,29.37 M,03/24/16,0.009999999999999787,0.19569471624265727
ABEV,5.1100,5.1600,5.0900,5.1100,18.66 M,03/23/16,-0.040000000000000036,-0.7766990291262142
ABEV,5.1000,5.1800,5.0600,5.1500,26.05 M,03/22/16,0.010000000000000675,0.1945525291828925
ABEV,5.0500,5.1600,5.0300,5.1400,19.93 M,03/21/16,0.04999999999999982,0.9823182711198394
ABEV,5.1400,5.1500,5.0400,5.0900,24.62 M,03/18/16,0.040000000000000036,0.7920792079207928
ABEV,5.0500,5.0800,4.9400,5.0500,28.96 M,03/17/16,0.2400000000000002,4.989604989604994
ABEV,4.7400,4.8300,4.6300,4.8100,16.85 M,03/16/16,-0.010000000000000675,-0.2074688796680638
ABEV,4.8000,4.9100,4.7600,4.8200,20.96 M,03/15/16,-0.08999999999999986,-1.8329938900203637
ABEV,4.9300,4.9900,4.8750,4.9100,15.13 M,03/14/16,-0.08000000000000007,-1.6032064128256527
ABEV,5.1100,5.1400,4.9600,4.9900,27.49 M,03/11/16,-0.10999999999999943,-2.156862745098028
ABEV,5.0200,5.1200,4.9200,5.1000,32.43 M,03/10/16,0.09999999999999964,1.999999999999993
ABEV,5.1300,5.1400,4.9900,5.0000,26.30 M,03/09/16,0.0,0.0
ABEV,5.0400,5.0500,4.9400,5.0000,19.44 M,03/08/16,-0.040000000000000036,-0.7936507936507944
ABEV,5.0100,5.1100,4.9900,5.0400,21.88 M,03/07/16,-0.040000000000000036,-0.7874015748031503
ABEV,5.0000,5.0900,4.9800,5.0800,36.78 M,03/04/16,0.2400000000000002,4.958677685950418
ABEV,4.7200,4.8400,4.6901,4.8400,17.03 M,03/03/16,0.1899999999999995,4.086021505376333
ABEV,4.6000,4.6650,4.5500,4.6500,17.19 M,03/02/16,0.03000000000000025,0.6493506493506547
ABEV,4.3900,4.6300,4.3900,4.6200,21.73 M,03/01/16,0.28000000000000025,6.451612903225812
ABEV,4.4800,4.4800,4.3300,4.3400,12.14 M,02/29/16,-0.03000000000000025,-0.686498855835246
ABEV,4.5100,4.5100,4.3500,4.3700,8.34 M,02/26/16,-0.08999999999999986,-2.0179372197309386
ABEV,4.4800,4.5100,4.4000,4.4600,8.77 M,02/25/16,-0.08999999999999986,-1.978021978021975
ABEV,4.4800,4.5700,4.4300,4.5500,13.34 M,02/24/16,-0.020000000000000462,-0.4376367614879751
ABEV,4.6200,4.6400,4.5250,4.5700,13.57 M,02/23/16,-0.1299999999999999,-2.765957446808508
ABEV,4.6600,4.7500,4.6300,4.7000,13.64 M,02/22/16,0.20000000000000018,4.444444444444448
ABEV,4.4600,4.5500,4.4500,4.5000,5.14 M,02/19/16,-0.009999999999999787,-0.22172949002216824
ABEV,4.5300,4.5500,4.4650,4.5100,9.62 M,02/18/16,-0.07000000000000028,-1.5283842794759888
ABEV,4.4900,4.6500,4.4800,4.5800,16.91 M,02/17/16,0.16000000000000014,3.6199095022624466
ABEV,4.4600,4.4800,4.3800,4.4200,14.42 M,02/16/16,-0.07000000000000028,-1.5590200445434361
ABEV,4.4500,4.5100,4.4400,4.4900,8.26 M,02/12/16,0.04999999999999982,1.126126126126122
ABEV,4.4500,4.4600,4.3800,4.4400,8.27 M,02/11/16,-0.04999999999999982,-1.1135857461024459
ABEV,4.5400,4.5500,4.4000,4.4900,14.37 M,02/10/16,0.040000000000000036,0.8988764044943828
ABEV,4.5100,4.5700,4.4100,4.4500,16.88 M,02/09/16,-0.10999999999999943,-2.4122807017543737
ABEV,4.5500,4.5900,4.5000,4.5600,10.76 M,02/08/16,-0.040000000000000036,-0.8695652173913052
ABEV,4.7300,4.7375,4.5800,4.6000,15.35 M,02/05/16,-0.14000000000000057,-2.9535864978903072
ABEV,4.7500,4.8200,4.6800,4.7400,18.59 M,02/04/16,0.10000000000000053,2.155172413793115
ABEV,4.5300,4.6600,4.4100,4.6400,19.94 M,02/03/16,0.20999999999999996,4.74040632054176
ABEV,4.5600,4.5700,4.4300,4.4300,19.05 M,02/02/16,-0.20000000000000018,-4.319654427645792
ABEV,4.4800,4.6500,4.4500,4.6300,20.01 M,02/01/16,-0.040000000000000036,-0.8565310492505361
ABEV,4.5100,4.6800,4.4700,4.6700,19.19 M,01/29/16,0.2699999999999996,6.136363636363626
ABEV,4.4100,4.4800,4.3400,4.4000,21.77 M,01/28/16,0.07000000000000028,1.616628175519637
ABEV,4.2000,4.3700,4.1800,4.3300,22.34 M,01/27/16,0.16999999999999993,4.08653846153846
ABEV,4.0700,4.1600,4.0400,4.1600,17.30 M,01/26/16,0.07000000000000028,1.7114914425427943
ABEV,4.0900,4.1400,4.0400,4.0900,11.91 M,01/25/16,-0.020000000000000462,-0.4866180048661912
ABEV,3.9800,4.1100,3.9500,4.1100,24.03 M,01/22/16,0.23000000000000043,5.927835051546403
ABEV,3.9200,3.9700,3.8600,3.8800,26.02 M,01/21/16,-0.15000000000000036,-3.722084367245666
ABEV,4.0700,4.0800,3.9300,4.0300,12.20 M,01/20/16,-0.09999999999999964,-2.4213075060532603
ABEV,4.0800,4.1500,4.0700,4.1300,9.36 M,01/19/16,0.07000000000000028,1.72413793103449
ABEV,4.0200,4.0900,3.9100,4.0600,20.31 M,01/15/16,-0.17000000000000082,-4.018912529550846
ABEV,4.1400,4.2400,4.0900,4.2300,31.24 M,01/14/16,0.09000000000000075,2.173913043478279
ABEV,4.2800,4.3100,4.1300,4.1400,17.53 M,01/13/16,-0.0600000000000005,-1.4285714285714404
ABEV,4.1900,4.2100,4.1200,4.2000,20.73 M,01/12/16,0.08999999999999986,2.1897810218978067
ABEV,4.2500,4.2700,4.0900,4.1100,20.85 M,01/11/16,-0.0699999999999994,-1.6746411483253445
ABEV,4.2300,4.2300,4.1600,4.1800,11.96 M,01/08/16,0.0699999999999994,1.7031630170316154
ABEV,4.2000,4.2200,4.1100,4.1100,13.13 M,01/07/16,-0.16999999999999993,-3.971962616822428
ABEV,4.2800,4.3400,4.2500,4.2800,11.51 M,01/06/16,-0.04999999999999982,-1.1547344110854463
ABEV,4.2700,4.3500,4.2600,4.3300,17.93 M,01/05/16,0.0600000000000005,1.4051522248243677
ABEV,4.2900,4.3300,4.2200,4.2700,20.50 M,01/04/16,-0.1900000000000004,-4.260089686098664
ABEV,4.4700,4.5100,4.4400,4.4600,7.01 M,12/31/15,0.0,0.0
ABEV,4.5500,4.6000,4.4600,4.4600,15.45 M,12/30/15,-0.21999999999999975,-4.700854700854696
ABEV,4.6900,4.7150,4.6400,4.6800,11.32 M,12/29/15,0.009999999999999787,0.21413276231262926
ABEV,4.5900,4.6900,4.5750,4.6700,12.92 M,12/28/15,0.09999999999999964,2.188183807439817
ABEV,4.5800,4.6200,4.5400,4.5700,3.63 M,12/24/15,-0.019999999999999574,-0.4357298474945441
ABEV,4.5000,4.5900,4.4900,4.5900,16.13 M,12/23/15,0.09999999999999964,2.2271714922048917
ABEV,4.4200,4.5100,4.3800,4.4900,14.09 M,12/22/15,0.040000000000000036,0.8988764044943828
ABEV,4.5100,4.5700,4.4300,4.4500,12.15 M,12/21/15,0.009999999999999787,0.2252252252252204
ABEV,4.5600,4.6000,4.4400,4.4400,42.69 M,12/18/15,-0.17999999999999972,-3.89610389610389
ABEV,4.7700,4.8000,4.5700,4.6200,16.24 M,12/17/15,-0.11000000000000032,-2.3255813953488436
ABEV,4.5200,4.7500,4.4550,4.7300,16.99 M,12/16/15,0.17000000000000082,3.7280701754386145
ABEV,4.6800,4.6900,4.5600,4.5600,10.99 M,12/15/15,-0.03000000000000025,-0.6535947712418355
ABEV,4.6200,4.6700,4.5800,4.5900,17.36 M,12/14/15,-0.03000000000000025,-0.6493506493506547
ABEV,4.7100,4.7100,4.6200,4.6200,28.16 M,12/11/15,-0.08000000000000007,-1.7021276595744694
ABEV,4.8300,4.8700,4.7000,4.7000,12.37 M,12/10/15,-0.1899999999999995,-3.8854805725971273
ABEV,4.9000,4.9800,4.8250,4.8900,21.70 M,12/09/15,0.08000000000000007,1.6632016632016648
ABEV,4.8000,4.8200,4.7000,4.8100,17.68 M,12/08/15,-0.07000000000000028,-1.4344262295082026
ABEV,4.9600,4.9800,4.8500,4.8800,14.47 M,12/07/15,0.009999999999999787,0.2053388090349032
ABEV,4.9200,5.0342,4.8700,4.8700,14.95 M,12/04/15,-0.08000000000000007,-1.6161616161616175
ABEV,4.9800,5.0000,4.8800,4.9500,15.58 M,12/03/15,0.1299999999999999,2.697095435684645
ABEV,4.8200,4.8300,4.7200,4.8200,20.19 M,12/02/15,0.010000000000000675,0.20790020790022196
ABEV,4.7800,4.8700,4.7700,4.8100,20.04 M,12/01/15,0.040000000000000036,0.8385744234800847
ABEV,4.7700,4.8500,4.7550,4.7700,45.07 M,11/30/15,-0.13000000000000078,-2.6530612244898117
ABEV,5.0100,5.0100,4.8900,4.9000,7.99 M,11/27/15,-0.05999999999999961,-1.2096774193548308
ABEV,4.9100,4.9800,4.8900,4.9600,10.09 M,11/25/15,-0.09999999999999964,-1.9762845849802302
ABEV,5.0500,5.1000,5.0200,5.0600,12.12 M,11/24/15,0.0,0.0
ABEV,5.1400,5.1700,5.0400,5.0600,12.39 M,11/23/15,-0.11000000000000032,-2.1276595744680913
ABEV,5.1500,5.2800,5.1300,5.1700,21.13 M,11/20/15,0.03000000000000025,0.583657587548643
ABEV,5.1500,5.1600,5.1000,5.1400,28.35 M,11/19/15,0.009999999999999787,0.19493177387913815
ABEV,5.0100,5.1300,5.0050,5.1300,20.55 M,11/18/15,0.1200000000000001,2.395209580838326
ABEV,4.9900,5.0250,4.9400,5.0100,13.17 M,11/17/15,0.040000000000000036,0.8048289738430591
ABEV,4.9200,5.0100,4.8900,4.9700,16.72 M,11/16/15,0.040000000000000036,0.8113590263691691
ABEV,4.9200,5.0200,4.8950,4.9300,15.57 M,11/13/15,-0.020000000000000462,-0.40404040404041336
ABEV,4.9300,5.0400,4.9100,4.9500,18.85 M,11/12/15,-0.0699999999999994,-1.3944223107569602
ABEV,5.0600,5.0600,4.9200,5.0200,14.75 M,11/11/15,0.09999999999999964,2.0325203252032447
ABEV,4.8300,4.9800,4.7550,4.9200,13.31 M,11/10/15,0.08999999999999986,1.8633540372670778
ABEV,4.9700,4.9800,4.8300,4.8300,9.54 M,11/09/15,-0.15000000000000036,-3.012048192771091
ABEV,5.0000,5.0100,4.9100,4.9800,14.36 M,11/06/15,-0.07999999999999918,-1.5810276679841737
ABEV,5.1100,5.1200,5.0300,5.0600,16.37 M,11/05/15,0.0,0.0
ABEV,5.1700,5.1950,5.0100,5.0600,14.93 M,11/04/15,-0.11000000000000032,-2.1276595744680913
ABEV,4.9800,5.1900,4.9800,5.1700,19.67 M,11/03/15,0.21999999999999975,4.444444444444439
ABEV,4.9200,5.0000,4.8800,4.9500,20.98 M,11/02/15,0.08000000000000007,1.6427104722792623
ABEV,4.9100,4.9600,4.8400,4.8700,18.67 M,10/30/15,0.0,0.0
ABEV,4.8700,4.9500,4.8100,4.8700,13.51 M,10/29/15,-0.019999999999999574,-0.40899795501021624
ABEV,5.0000,5.0500,4.8700,4.8900,17.50 M,10/28/15,-0.14000000000000057,-2.783300198807168
ABEV,5.0000,5.0800,4.9300,5.0300,29.56 M,10/27/15,0.0600000000000005,1.2072434607645977
ABEV,5.0700,5.0800,4.9650,4.9700,15.65 M,10/26/15,-0.07000000000000028,-1.3888888888888946
ABEV,5.0200,5.0700,5.0100,5.0400,12.04 M,10/23/15,0.040000000000000036,0.8000000000000007
ABEV,4.9500,5.0500,4.9300,5.0000,44.20 M,10/22/15,0.08000000000000007,1.6260162601626031
ABEV,4.9800,4.9915,4.8700,4.9200,18.49 M,10/21/15,-0.0600000000000005,-1.2048192771084436
ABEV,4.9600,4.9950,4.9000,4.9800,8.74 M,10/20/15,0.020000000000000462,0.4032258064516222
ABEV,4.8900,4.9900,4.8500,4.9600,10.49 M,10/19/15,-0.03000000000000025,-0.6012024048096242
ABEV,5.0000,5.0500,4.8600,4.9900,16.47 M,10/16/15,-0.019999999999999574,-0.39920159680637873
ABEV,4.8000,5.0300,4.7100,5.0100,52.71 M,10/15/15,0.21999999999999975,4.592901878914399
ABEV,4.8400,4.8900,4.7100,4.7900,48.87 M,10/14/15,0.020000000000000462,0.4192872117400516
ABEV,5.0500,5.0800,4.7400,4.7700,72.88 M,10/13/15,-0.33000000000000007,-6.4705882352941195
ABEV,5.2000,5.2400,5.0800,5.1000,17.25 M,10/12/15,-0.1200000000000001,-2.2988505747126458
ABEV,5.2100,5.3000,5.1500,5.2200,12.20 M,10/09/15,0.0699999999999994,1.3592233009708619
ABEV,5.1600,5.2100,5.0600,5.1500,40.75 M,10/08/15,0.0,0.0
ABEV,5.2100,5.2700,5.1050,5.1500,14.15 M,10/07/15,0.03000000000000025,0.5859375000000049
ABEV,5.2200,5.2700,5.1000,5.1200,14.90 M,10/06/15,-0.08000000000000007,-1.5384615384615399
ABEV,5.1400,5.2250,5.1200,5.2000,10.89 M,10/05/15,0.11000000000000032,2.1611001964636607
ABEV,4.8700,5.1000,4.8500,5.0900,12.04 M,10/02/15,0.16000000000000014,3.2454361054766765
ABEV,4.9000,4.9500,4.8200,4.9300,12.94 M,10/01/15,0.02999999999999936,0.6122448979591706
ABEV,4.9200,4.9500,4.8500,4.9000,15.79 M,09/30/15,0.1200000000000001,2.510460251046027
ABEV,4.6700,4.8300,4.6200,4.7800,14.22 M,09/29/15,0.07000000000000028,1.486199575371556
ABEV,4.8300,4.8400,4.6900,4.7100,21.39 M,09/28/15,-0.16000000000000014,-3.2854209445585245
ABEV,4.8100,4.9600,4.7500,4.8700,20.85 M,09/25/15,0.1299999999999999,2.742616033755272
ABEV,4.4400,4.7700,4.4100,4.7400,21.12 M,09/24/15,0.15000000000000036,3.2679738562091583
ABEV,4.7500,4.7700,4.5900,4.5900,15.13 M,09/23/15,-0.17999999999999972,-3.7735849056603716
ABEV,4.7500,4.8000,4.7000,4.7700,14.05 M,09/22/15,-0.07000000000000028,-1.446280991735543
ABEV,4.8800,4.9200,4.8100,4.8400,10.05 M,09/21/15,-0.04999999999999982,-1.0224948875255588
ABEV,4.9500,5.0450,4.8800,4.8900,19.83 M,09/18/15,-0.1200000000000001,-2.395209580838326
ABEV,4.9700,5.1300,4.9400,5.0100,21.16 M,09/17/15,-0.03000000000000025,-0.5952380952381001
ABEV,5.0000,5.1000,4.9900,5.0400,47.46 M,09/16/15,0.13999999999999968,2.8571428571428505
ABEV,4.8900,4.9400,4.8600,4.9000,17.55 M,09/15/15,0.0,0.0
ABEV,4.8800,4.9100,4.8300,4.9000,32.80 M,09/14/15,0.07000000000000028,1.4492753623188463
ABEV,4.9100,4.9300,4.8200,4.8300,13.14 M,09/11/15,-0.13999999999999968,-2.816901408450698
ABEV,4.8700,5.0500,4.8600,4.9700,14.92 M,09/10/15,-0.0600000000000005,-1.1928429423459344
ABEV,5.1400,5.1600,5.0300,5.0300,13.18 M,09/09/15,-0.09999999999999964,-1.949317738791416
ABEV,5.2500,5.2800,5.0900,5.1300,10.82 M,09/08/15,0.040000000000000036,0.785854616895875
ABEV,5.2000,5.2100,5.0700,5.0900,9.69 M,09/04/15,-0.11000000000000032,-2.1153846153846216
ABEV,5.0100,5.2500,4.9900,5.2000,28.87 M,09/03/15,0.11000000000000032,2.1611001964636607
ABEV,5.0300,5.1100,4.9900,5.0900,27.12 M,09/02/15,0.019999999999999574,0.3944773175542322
ABEV,5.1100,5.1875,5.0250,5.0700,20.77 M,09/01/15,-0.1999999999999993,-3.795066413662226
ABEV,5.0600,5.2900,5.0300,5.2700,18.23 M,08/31/15,-0.07000000000000028,-1.3108614232209792
ABEV,5.3000,5.3500,5.2600,5.3400,12.44 M,08/28/15,-0.03000000000000025,-0.5586592178770996
ABEV,5.2700,5.4350,5.2700,5.3700,15.59 M,08/27/15,0.15000000000000036,2.8735632183908115
ABEV,5.1000,5.2400,5.0800,5.2200,22.39 M,08/26/15,0.14999999999999947,2.958579881656794
ABEV,5.1600,5.2000,5.0700,5.0700,26.54 M,08/25/15,0.05000000000000071,0.9960159362549943
ABEV,4.8400,5.0600,4.7200,5.0200,22.44 M,08/24/15,-0.10000000000000053,-1.9531250000000104
ABEV,5.1900,5.2100,5.1200,5.1200,15.11 M,08/21/15,-0.17999999999999972,-3.3962264150943344
ABEV,5.1600,5.3300,5.1400,5.3000,20.28 M,08/20/15,0.10999999999999943,2.1194605009633802
ABEV,5.3500,5.3550,5.1600,5.1900,26.25 M,08/19/15,-0.1999999999999993,-3.7105751391465547
ABEV,5.2900,5.5300,5.2600,5.3900,19.91 M,08/18/15,0.08999999999999986,1.6981132075471672
ABEV,5.3350,5.3800,5.2800,5.3000,16.53 M,08/17/15,-0.040000000000000036,-0.7490636704119857
ABEV,5.3200,5.3700,5.2900,5.3400,16.47 M,08/14/15,0.05999999999999961,1.136363636363629
ABEV,5.4100,5.4300,5.2700,5.2800,20.18 M,08/13/15,-0.14999999999999947,-2.7624309392265096
ABEV,5.4800,5.4800,5.3800,5.4300,18.56 M,08/12/15,-0.14000000000000057,-2.5134649910233495
ABEV,5.6000,5.6000,5.4900,5.5700,7.97 M,08/11/15,-0.08999999999999986,-1.5901060070671353
ABEV,5.5500,5.6700,5.5400,5.6600,14.27 M,08/10/15,0.14000000000000057,2.5362318840579814
ABEV,5.5100,5.5600,5.4900,5.5200,8.78 M,08/07/15,-0.05000000000000071,-0.897666068222634
ABEV,5.6500,5.6600,5.5400,5.5700,11.10 M,08/06/15,-0.1299999999999999,-2.280701754385963
ABEV,5.6300,5.7200,5.6250,5.7000,13.30 M,08/05/15,0.020000000000000462,0.35211267605634616
ABEV,5.6000,5.7000,5.6000,5.6800,10.81 M,08/04/15,0.019999999999999574,0.3533568904593564
ABEV,5.6500,5.6900,5.6100,5.6600,7.07 M,08/03/15,-0.019999999999999574,-0.35211267605633056
ABEV,5.6600,5.6850,5.6000,5.6800,12.97 M,07/31/15,0.08999999999999986,1.610017889087654
ABEV,5.6100,5.6300,5.5300,5.5900,19.21 M,07/30/15,-0.009999999999999787,-0.17857142857142477
ABEV,5.5600,5.6600,5.5200,5.6000,22.40 M,07/29/15,0.040000000000000036,0.7194244604316553
ABEV,5.5600,5.5900,5.4100,5.5600,49.03 M,07/28/15,0.0,0.0
ABEV,5.6100,5.6400,5.5100,5.5600,26.92 M,07/27/15,-0.09000000000000075,-1.592920353982314
ABEV,5.7600,5.7700,5.6200,5.6500,30.08 M,07/24/15,-0.15999999999999925,-2.753872633390693
ABEV,5.8600,5.9100,5.7900,5.8100,11.90 M,07/23/15,-0.20000000000000018,-3.327787021630619
ABEV,6.1000,6.1300,5.9700,6.0100,11.88 M,07/22/15,-0.1299999999999999,-2.1172638436482067
ABEV,6.1500,6.1800,6.1100,6.1400,11.32 M,07/21/15,0.0,0.0
ABEV,6.1100,6.1500,6.0500,6.1400,13.91 M,07/20/15,-0.020000000000000462,-0.32467532467533217
ABEV,6.2200,6.2300,6.1000,6.1600,14.30 M,07/17/15,-0.04999999999999982,-0.8051529790660197
ABEV,6.2800,6.3000,6.1700,6.2100,14.51 M,07/16/15,-0.040000000000000036,-0.6400000000000006
ABEV,6.1900,6.2500,6.1700,6.2500,14.25 M,07/15/15,0.040000000000000036,0.6441223832528186
ABEV,6.2200,6.2800,6.1900,6.2100,12.40 M,07/14/15,-0.020000000000000462,-0.32102728731942953
ABEV,6.1800,6.2400,6.1700,6.2300,10.93 M,07/13/15,0.07000000000000028,1.136363636363641
ABEV,6.0200,6.1800,6.0100,6.1600,15.69 M,07/10/15,0.21999999999999975,3.7037037037036993
ABEV,5.9700,6.0450,5.9400,5.9400,5.95 M,07/09/15,0.05000000000000071,0.8488964346349867
ABEV,5.9300,5.9700,5.8800,5.8900,12.73 M,07/08/15,-0.1200000000000001,-1.9966722129783712
ABEV,6.0300,6.0600,5.9300,6.0100,13.37 M,07/07/15,-0.08000000000000007,-1.3136288998357977
ABEV,6.0350,6.1100,6.0300,6.0900,8.24 M,07/06/15,-0.04999999999999982,-0.8143322475570004
ABEV,6.1400,6.1400,6.0900,6.1400,18.02 M,07/02/15,0.05999999999999961,0.9868421052631514
ABEV,6.1200,6.1500,6.0450,6.0800,9.93 M,07/01/15,-0.019999999999999574,-0.32786885245900943
ABEV,6.1400,6.1750,6.0700,6.1000,20.15 M,06/30/15,0.019999999999999574,0.3289473684210456
ABEV,6.0300,6.0900,6.0100,6.0800,7.09 M,06/29/15,-0.040000000000000036,-0.6535947712418306
ABEV,6.0600,6.1450,6.0400,6.1200,7.98 M,06/26/15,0.07000000000000028,1.1570247933884346
ABEV,6.1000,6.1000,5.9850,6.0500,7.04 M,06/25/15,-0.04999999999999982,-0.8196721311475381
ABEV,6.1500,6.2000,6.0900,6.1000,5.15 M,06/24/15,-0.05000000000000071,-0.8130081300813123
ABEV,6.1600,6.1700,6.1050,6.1500,5.61 M,06/23/15,0.0,0.0
ABEV,6.1900,6.2050,6.1300,6.1500,9.61 M,06/22/15,0.08000000000000007,1.3179571663920933
ABEV,6.0700,6.0900,6.0250,6.0700,10.29 M,06/19/15,-0.0699999999999994,-1.1400651465797949
ABEV,6.0900,6.1850,6.0675,6.1400,10.65 M,06/18/15,0.040000000000000036,0.6557377049180334
ABEV,6.0000,6.1100,5.9550,6.1000,11.19 M,06/17/15,0.05999999999999961,0.9933774834437021
ABEV,5.9650,6.0900,5.9350,6.0400,10.72 M,06/16/15,0.1299999999999999,2.1996615905245327
ABEV,5.9300,5.9400,5.8800,5.9100,9.22 M,06/15/15,-0.04999999999999982,-0.8389261744966413
ABEV,6.0200,6.0200,5.9600,5.9600,9.11 M,06/12/15,-0.04999999999999982,-0.831946755407651
ABEV,6.0000,6.0300,5.9350,6.0100,10.89 M,06/11/15,-0.020000000000000462,-0.33167495854063783
ABEV,6.0800,6.1200,5.9800,6.0300,9.89 M,06/10/15,0.08000000000000007,1.3445378151260516
ABEV,5.9500,5.9800,5.9200,5.9500,16.11 M,06/09/15,-0.009999999999999787,-0.1677852348993253
ABEV,6.0250,6.0250,5.9500,5.9600,9.80 M,06/08/15,0.040000000000000036,0.6756756756756763
ABEV,5.8200,5.9200,5.7500,5.9200,13.63 M,06/05/15,0.09999999999999964,1.7182130584192379
ABEV,5.8500,5.8700,5.7800,5.8200,7.40 M,06/04/15,-0.02999999999999936,-0.5128205128205019
ABEV,5.9300,5.9300,5.8100,5.8500,19.82 M,06/03/15,-0.040000000000000036,-0.6791171477079803
ABEV,5.8500,5.9200,5.8250,5.8900,10.96 M,06/02/15,0.05999999999999961,1.0291595197255508
ABEV,5.8400,5.8800,5.7900,5.8300,10.48 M,06/01/15,0.08000000000000007,1.3913043478260883
ABEV,5.8200,5.8500,5.7250,5.7500,19.06 M,05/29/15,-0.08000000000000007,-1.3722126929674112
ABEV,5.7600,5.8500,5.7250,5.8300,11.55 M,05/28/15,-0.019999999999999574,-0.3418803418803346
ABEV,5.8000,5.8800,5.7309,5.8500,24.14 M,05/27/15,-0.010000000000000675,-0.17064846416383403
ABEV,6.0200,6.0300,5.8600,5.8600,11.64 M,05/26/15,-0.1999999999999993,-3.3003300330032888
ABEV,6.1700,6.1800,6.0250,6.0600,22.62 M,05/22/15,-0.10000000000000053,-1.623376623376632
ABEV,6.2000,6.2200,6.1450,6.1600,38.89 M,05/21/15,-0.05999999999999961,-0.9646302250803797
ABEV,6.2750,6.2900,6.2100,6.2200,13.10 M,05/20/15,-0.08000000000000007,-1.269841269841271
ABEV,6.3500,6.3800,6.3000,6.3000,10.76 M,05/19/15,-0.08000000000000007,-1.2539184952978069
ABEV,6.5000,6.5000,6.3600,6.3800,10.72 M,05/18/15,-0.16000000000000014,-2.4464831804281366
ABEV,6.4800,6.5900,6.4250,6.5400,12.21 M,05/15/15,0.07000000000000028,1.0819165378670832
ABEV,6.4500,6.5400,6.4400,6.4700,12.70 M,05/14/15,0.08000000000000007,1.2519561815336475
ABEV,6.4600,6.4750,6.3400,6.3900,11.25 M,05/13/15,-0.05000000000000071,-0.7763975155279613
ABEV,6.4800,6.5300,6.4300,6.4400,17.02 M,05/12/15,-0.05999999999999961,-0.923076923076917
ABEV,6.6100,6.6300,6.4700,6.5000,5.62 M,05/11/15,-0.16999999999999993,-2.548725637181408
ABEV,6.5250,6.6800,6.5000,6.6700,20.10 M,05/08/15,0.1899999999999995,2.932098765432091
ABEV,6.4700,6.5100,6.4000,6.4800,12.17 M,05/07/15,0.03000000000000025,0.46511627906977127
ABEV,6.6200,6.6300,6.4100,6.4500,17.00 M,05/06/15,0.0600000000000005,0.9389671361502425
ABEV,6.2500,6.4100,6.2400,6.3900,13.20 M,05/05/15,0.1200000000000001,1.9138755980861262
ABEV,6.2800,6.3300,6.2400,6.2700,6.53 M,05/04/15,-0.040000000000000036,-0.633914421553091
ABEV,6.3400,6.3500,6.2400,6.3100,4.61 M,05/01/15,-0.020000000000000462,-0.3159557661927403
ABEV,6.3100,6.3300,6.2400,6.3300,14.66 M,04/30/15,-0.040000000000000036,-0.6279434850863428
ABEV,6.3900,6.4500,6.3500,6.3700,7.26 M,04/29/15,-0.05999999999999961,-0.9331259720062148
ABEV,6.5000,6.5100,6.4100,6.4300,9.31 M,04/28/15,0.009999999999999787,0.1557632398753861
ABEV,6.4400,6.5000,6.3900,6.4200,10.75 M,04/27/15,0.019999999999999574,0.31249999999999334
ABEV,6.3600,6.4400,6.3300,6.4000,22.89 M,04/24/15,0.07000000000000028,1.10584518167457
ABEV,6.2500,6.3600,6.2300,6.3300,25.22 M,04/23/15,0.04999999999999982,0.7961783439490417
ABEV,6.2400,6.3100,6.2300,6.2800,13.35 M,04/22/15,0.04999999999999982,0.8025682182985525
ABEV,6.2000,6.2550,6.1700,6.2300,9.69 M,04/21/15,0.03000000000000025,0.4838709677419395
ABEV,6.2600,6.3000,6.1900,6.2000,11.67 M,04/20/15,-0.04999999999999982,-0.7999999999999972
ABEV,6.2700,6.2900,6.2100,6.2500,10.72 M,04/17/15,-0.07000000000000028,-1.107594936708865
ABEV,6.2800,6.3400,6.2600,6.3200,16.40 M,04/16/15,0.040000000000000036,0.6369426751592362
ABEV,6.2900,6.3100,6.2100,6.2800,19.55 M,04/15/15,0.03000000000000025,0.480000000000004
ABEV,6.2800,6.3100,6.2300,6.2500,9.98 M,04/14/15,-0.009999999999999787,-0.1597444089456835
ABEV,6.3300,6.3700,6.2400,6.2600,7.00 M,04/13/15,-0.08999999999999986,-1.4173228346456672
ABEV,6.2900,6.3700,6.2700,6.3500,7.69 M,04/10/15,0.02999999999999936,0.47468354430378734
ABEV,6.3800,6.4450,6.2900,6.3200,16.16 M,04/09/15,-0.040000000000000036,-0.6289308176100634
ABEV,6.3900,6.4000,6.2800,6.3600,22.40 M,04/08/15,0.1299999999999999,2.0866773675762422
ABEV,6.1900,6.2900,6.1600,6.2300,14.89 M,04/07/15,0.040000000000000036,0.6462035541195482
ABEV,6.1400,6.2700,6.1400,6.1900,14.95 M,04/06/15,0.15000000000000036,2.4834437086092773
ABEV,6.0300,6.1000,5.9400,6.0400,22.54 M,04/02/15,0.1200000000000001,2.027027027027029
ABEV,5.9300,6.0200,5.8200,5.9200,23.95 M,04/01/15,0.16000000000000014,2.7777777777777803
ABEV,5.7800,5.8200,5.7200,5.7600,11.54 M,03/31/15,-0.009999999999999787,-0.1733102253032892
ABEV,5.6800,5.7966,5.6600,5.7700,9.66 M,03/30/15,0.10999999999999943,1.9434628975264916
ABEV,5.6450,5.7100,5.6000,5.6600,8.25 M,03/27/15,-0.009999999999999787,-0.17636684303350594
ABEV,5.7700,5.7800,5.6400,5.6700,16.59 M,03/26/15,-0.11000000000000032,-1.9031141868512165
ABEV,6.0000,6.0100,5.7600,5.7800,11.61 M,03/25/15,-0.16000000000000014,-2.693602693602696
ABEV,6.0400,6.0400,5.9000,5.9400,9.37 M,03/24/15,-0.040000000000000036,-0.6688963210702347
ABEV,5.8300,6.0100,5.8200,5.9800,18.07 M,03/23/15,0.16000000000000014,2.7491408934707926
ABEV,5.7500,5.8800,5.7200,5.8200,11.32 M,03/20/15,0.20000000000000018,3.5587188612099676
ABEV,5.6900,5.7150,5.5900,5.6200,10.30 M,03/19/15,-0.1299999999999999,-2.2608695652173894
ABEV,5.6300,5.8300,5.5800,5.7500,12.44 M,03/18/15,0.11000000000000032,1.9503546099290838
ABEV,5.5500,5.6700,5.5400,5.6400,10.78 M,03/17/15,0.05999999999999961,1.0752688172042941
ABEV,5.6800,5.7100,5.5800,5.5800,8.04 M,03/16/15,0.009999999999999787,0.1795332136445204
ABEV,5.5600,5.6300,5.5100,5.5700,9.55 M,03/13/15,-0.14999999999999947,-2.622377622377613
ABEV,5.8400,5.8800,5.6600,5.7200,12.59 M,03/12/15,-0.08999999999999986,-1.5490533562822697
ABEV,5.6600,5.8200,5.6550,5.8100,10.80 M,03/11/15,0.07999999999999918,1.396160558464209
ABEV,5.8300,5.8800,5.7300,5.7300,13.56 M,03/10/15,-0.11999999999999922,-2.051282051282038
ABEV,5.8800,5.9200,5.8300,5.8500,11.59 M,03/09/15,-0.13000000000000078,-2.1739130434782736
ABEV,6.0000,6.0500,5.9400,5.9800,9.67 M,03/06/15,-0.15999999999999925,-2.6058631921823983
ABEV,6.1500,6.2100,6.0600,6.1400,15.33 M,03/05/15,-0.020000000000000462,-0.32467532467533217
ABEV,6.1500,6.2200,6.0200,6.1600,16.16 M,03/04/15,-0.14999999999999947,-2.3771790808240802
ABEV,6.2400,6.4000,6.2400,6.3100,11.39 M,03/03/15,0.009999999999999787,0.15873015873015536
ABEV,6.3600,6.3800,6.2600,6.3000,8.88 M,03/02/15,-0.15000000000000036,-2.3255813953488427
ABEV,6.4200,6.6100,6.4200,6.4500,16.46 M,02/27/15,0.08000000000000007,1.2558869701726856
ABEV,6.3300,6.4000,6.2900,6.3700,12.57 M,02/26/15,0.0,0.0
ABEV,6.4100,6.4300,6.3200,6.3700,9.88 M,02/25/15,-0.14999999999999947,-2.3006134969325074
ABEV,6.4400,6.5850,6.3700,6.5200,10.59 M,02/24/15,0.07999999999999918,1.2422360248447077
ABEV,6.4300,6.4500,6.3500,6.4400,16.49 M,02/23/15,0.08000000000000007,1.2578616352201268
ABEV,6.3200,6.3800,6.2700,6.3600,7.59 M,02/20/15,-0.009999999999999787,-0.1569858712715822
ABEV,6.4000,6.4300,6.3400,6.3700,4.33 M,02/19/15,-0.05999999999999961,-0.9331259720062148
ABEV,6.4400,6.4700,6.3700,6.4300,5.00 M,02/18/15,0.019999999999999574,0.3120124804992133
ABEV,6.3800,6.4400,6.3000,6.4100,5.86 M,02/17/15,0.040000000000000036,0.6279434850863428
ABEV,6.3800,6.4500,6.3100,6.3700,5.84 M,02/13/15,-0.07000000000000028,-1.0869565217391348
ABEV,6.3800,6.4500,6.3350,6.4400,11.03 M,02/12/15,0.15000000000000036,2.3847376788553314
ABEV,6.2500,6.3200,6.1650,6.2900,10.91 M,02/11/15,-0.1200000000000001,-1.8720748829953215
ABEV,6.3800,6.4200,6.3200,6.4100,10.37 M,02/10/15,-0.1200000000000001,-1.8376722817764182
ABEV,6.3900,6.5800,6.3900,6.5300,12.65 M,02/09/15,0.10000000000000053,1.5552099533437098
ABEV,6.3200,6.4700,6.3100,6.4300,14.01 M,02/06/15,-0.10000000000000053,-1.5313935681470219
ABEV,6.3300,6.5300,6.2800,6.5300,13.99 M,02/05/15,0.16000000000000014,2.511773940345371
ABEV,6.3300,6.4500,6.3100,6.3700,15.33 M,02/04/15,-0.13999999999999968,-2.150537634408597
ABEV,6.5300,6.5800,6.4800,6.5100,13.44 M,02/03/15,0.009999999999999787,0.15384615384615058
ABEV,6.4800,6.5300,6.3800,6.5000,10.52 M,02/02/15,-0.08000000000000007,-1.2158054711246211
ABEV,6.5800,6.6850,6.5300,6.5800,13.10 M,01/30/15,-0.22999999999999954,-3.37738619676945
ABEV,6.6300,6.8300,6.6300,6.8100,24.68 M,01/29/15,0.23999999999999932,3.65296803652967
ABEV,6.5900,6.6700,6.5100,6.5700,10.79 M,01/28/15,-0.02999999999999936,-0.45454545454544487
ABEV,6.5300,6.6100,6.5300,6.6000,11.39 M,01/27/15,0.0,0.0
ABEV,6.5600,6.6000,6.5300,6.6000,6.82 M,01/26/15,-0.020000000000000462,-0.3021148036253846
ABEV,6.6200,6.6600,6.5610,6.6200,8.47 M,01/23/15,-0.1200000000000001,-1.7804154302670638
ABEV,6.7100,6.8000,6.6100,6.7400,12.14 M,01/22/15,0.16000000000000014,2.4316109422492422
ABEV,6.5200,6.6200,6.4900,6.5800,10.90 M,01/21/15,0.08999999999999986,1.3867488443759608
ABEV,6.3900,6.5000,6.3800,6.4900,11.24 M,01/20/15,-0.040000000000000036,-0.612557427258806
ABEV,6.4500,6.5300,6.4400,6.5300,8.16 M,01/16/15,0.16999999999999993,2.672955974842766
ABEV,6.4200,6.4500,6.3400,6.3600,13.71 M,01/15/15,-0.04999999999999982,-0.7800312012480471
ABEV,6.3400,6.4300,6.3400,6.4100,11.18 M,01/14/15,0.040000000000000036,0.6279434850863428
ABEV,6.3700,6.4700,6.2900,6.3700,13.89 M,01/13/15,0.04999999999999982,0.7911392405063262
ABEV,6.2400,6.3400,6.2200,6.3200,9.48 M,01/12/15,0.040000000000000036,0.6369426751592362
ABEV,6.2400,6.3300,6.2200,6.2800,14.70 M,01/09/15,0.08999999999999986,1.4539579967689797
ABEV,6.1200,6.2300,6.1000,6.1900,10.79 M,01/08/15,0.03000000000000025,0.48701298701299106
ABEV,6.1200,6.2100,6.0700,6.1600,23.43 M,01/07/15,0.10000000000000053,1.650165016501659
ABEV,5.8500,6.0900,5.8400,6.0600,22.49 M,01/06/15,0.21999999999999975,3.767123287671229
ABEV,5.7600,5.8500,5.7000,5.8400,17.54 M,01/05/15,-0.11000000000000032,-1.8487394957983248
ABEV,6.1000,6.1100,5.8600,5.9500,20.47 M,01/02/15,-0.2699999999999996,-4.34083601286173
ABEV,6.1900,6.2500,6.1300,6.2200,10.21 M,12/31/14,0.02999999999999936,0.48465266558965037
ABEV,6.1400,6.2500,6.1350,6.1900,13.39 M,12/30/14,0.03000000000000025,0.48701298701299106
ABEV,6.0600,6.1600,6.0600,6.1600,11.86 M,12/29/14,0.1200000000000001,1.986754966887419
ABEV,6.0700,6.1500,6.0400,6.0400,5.29 M,12/26/14,-0.04999999999999982,-0.8210180623973699
ABEV,6.1100,6.1500,6.0400,6.0900,3.23 M,12/24/14,0.019999999999999574,0.32948929159801604
ABEV,6.0800,6.1000,5.9700,6.0700,7.35 M,12/23/14,-0.009999999999999787,-0.1644736842105228
ABEV,6.0200,6.1400,6.0200,6.0800,10.46 M,12/22/14,0.07000000000000028,1.1647254575707202
ABEV,6.0000,6.0550,5.9400,6.0100,19.70 M,12/19/14,0.009999999999999787,0.1666666666666631
ABEV,5.9600,6.0500,5.9200,6.0000,18.58 M,12/18/14,0.16000000000000014,2.739726027397263
ABEV,5.7000,5.9900,5.6800,5.8400,19.63 M,12/17/14,0.16000000000000014,2.8169014084507067
ABEV,5.5900,5.8500,5.5600,5.6800,17.73 M,12/16/14,-0.07000000000000028,-1.217391304347831
ABEV,5.8900,5.8900,5.5800,5.7500,15.84 M,12/15/14,-0.11000000000000032,-1.877133105802053
ABEV,5.9200,5.9400,5.8100,5.8600,10.87 M,12/12/14,-0.1200000000000001,-2.006688963210704
ABEV,5.9500,6.0500,5.9100,5.9800,12.77 M,12/11/14,-0.04999999999999982,-0.8291873963515725
ABEV,6.0400,6.0800,5.9700,6.0300,12.46 M,12/10/14,-0.009999999999999787,-0.16556291390728123
ABEV,5.9900,6.0800,5.9100,6.0400,20.52 M,12/09/14,0.04999999999999982,0.8347245409014995
ABEV,6.1100,6.1300,5.9900,5.9900,17.53 M,12/08/14,-0.13999999999999968,-2.2838499184339263
ABEV,6.0800,6.2000,6.0600,6.1300,9.53 M,12/05/14,0.08000000000000007,1.322314049586778
ABEV,6.0800,6.1000,5.9900,6.0500,15.45 M,12/04/14,-0.08999999999999986,-1.4657980456026036
ABEV,6.2400,6.2500,6.1200,6.1400,17.26 M,12/03/14,0.040000000000000036,0.6557377049180334
ABEV,6.2000,6.2300,6.0700,6.1000,16.61 M,12/02/14,-0.13000000000000078,-2.0866773675762564
ABEV,6.3700,6.4000,6.1900,6.2300,19.76 M,12/01/14,-0.3199999999999994,-4.885496183206098
ABEV,6.5600,6.5800,6.4900,6.5500,7.46 M,11/28/14,-0.08000000000000007,-1.2066365007541489
ABEV,6.6300,6.6800,6.6000,6.6300,7.11 M,11/26/14,0.04999999999999982,0.7598784194528848
ABEV,6.7300,6.7300,6.5800,6.5800,9.93 M,11/25/14,-0.04999999999999982,-0.7541478129713397
ABEV,6.7800,6.8000,6.5900,6.6300,16.21 M,11/24/14,-0.1200000000000001,-1.7777777777777795
ABEV,6.5900,6.8600,6.5500,6.7500,22.76 M,11/21/14,0.3799999999999999,5.9654631083202485
ABEV,6.4500,6.6000,6.3100,6.3700,12.24 M,11/20/14,-0.05999999999999961,-0.9331259720062148
ABEV,6.3900,6.4600,6.2600,6.4300,13.86 M,11/19/14,0.20999999999999996,3.37620578778135
ABEV,6.2000,6.2650,6.1500,6.2200,9.73 M,11/18/14,0.08000000000000007,1.3029315960912065
ABEV,6.1900,6.2070,6.0800,6.1400,11.54 M,11/17/14,0.02999999999999936,0.4909983633387784
ABEV,6.1200,6.1600,6.0600,6.1100,12.50 M,11/14/14,-0.1299999999999999,-2.0833333333333317
ABEV,6.4100,6.4500,6.1650,6.2400,19.80 M,11/13/14,-0.1899999999999995,-2.954898911353025
ABEV,6.3000,6.5100,6.2900,6.4300,34.18 M,11/12/14,0.14999999999999947,2.388535031847125
ABEV,6.2400,6.2800,6.1800,6.2800,8.65 M,11/11/14,-0.10999999999999943,-1.7214397496087548
ABEV,6.4900,6.5100,6.3700,6.3900,6.02 M,11/10/14,-0.03000000000000025,-0.4672897196261721
ABEV,6.4000,6.5000,6.3600,6.4200,12.67 M,11/07/14,0.08000000000000007,1.2618296529968467
ABEV,6.4100,6.4500,6.3200,6.3400,19.34 M,11/06/14,-0.20999999999999996,-3.206106870229007
ABEV,6.4700,6.5900,6.4300,6.5500,22.28 M,11/05/14,0.0,0.0
ABEV,6.4300,6.5600,6.3600,6.5500,20.37 M,11/04/14,0.09999999999999964,1.5503875968992193
ABEV,6.4900,6.5400,6.3800,6.4500,20.45 M,11/03/14,-0.22999999999999954,-3.443113772455083
ABEV,6.3600,6.6800,6.3600,6.6800,22.35 M,10/31/14,0.14999999999999947,2.2970903522205126
ABEV,6.4600,6.5600,6.4400,6.5300,14.67 M,10/30/14,0.08999999999999986,1.3975155279503082
ABEV,6.4700,6.5000,6.2900,6.4400,15.51 M,10/29/14,0.13000000000000078,2.060221870047556
ABEV,6.2200,6.3900,6.2000,6.3100,11.54 M,10/28/14,0.09999999999999964,1.6103059581320394
ABEV,6.0600,6.2256,6.0600,6.2100,32.87 M,10/27/14,-0.16999999999999993,-2.664576802507836
ABEV,6.1600,6.4600,6.1400,6.3800,24.48 M,10/24/14,0.2999999999999998,4.934210526315787
ABEV,6.1000,6.1400,5.9400,6.0800,23.68 M,10/23/14,-0.1899999999999995,-3.0303030303030227
ABEV,6.3300,6.4200,6.1950,6.2700,12.33 M,10/22/14,-0.05000000000000071,-0.7911392405063403
ABEV,6.2500,6.4800,6.2100,6.3200,20.47 M,10/21/14,-0.16999999999999993,-2.6194144838212625
ABEV,6.5000,6.5400,6.4000,6.4900,11.76 M,10/20/14,-0.16000000000000014,-2.406015037593987
ABEV,6.3900,6.6800,6.3500,6.6500,16.24 M,10/17/14,0.33000000000000007,5.221518987341773
ABEV,6.2800,6.4700,6.2500,6.3200,18.32 M,10/16/14,-0.14999999999999947,-2.318392581143732
ABEV,6.5600,6.5600,6.3400,6.4700,18.54 M,10/15/14,-0.2600000000000007,-3.863298662704319
ABEV,6.6800,6.7899,6.6300,6.7300,12.96 M,10/14/14,0.05000000000000071,0.7485029940119867
ABEV,6.7200,6.8400,6.6300,6.6800,17.81 M,10/13/14,0.1899999999999995,2.9275808936825807
ABEV,6.7000,6.7100,6.4900,6.4900,10.41 M,10/10/14,-0.20999999999999996,-3.1343283582089545
ABEV,6.7800,6.8400,6.6800,6.7000,9.65 M,10/09/14,-0.0699999999999994,-1.033973412112251
ABEV,6.9300,6.9500,6.6700,6.7700,19.98 M,10/08/14,-0.08000000000000007,-1.1678832116788331
ABEV,6.9200,6.9600,6.8100,6.8500,21.72 M,10/07/14,0.02999999999999936,0.4398826979472047
ABEV,6.9300,6.9700,6.7700,6.8200,34.74 M,10/06/14,0.2600000000000007,3.963414634146352
ABEV,6.3100,6.6000,6.3100,6.5600,27.38 M,10/03/14,0.13999999999999968,2.1806853582554466
ABEV,6.2600,6.4250,6.1800,6.4200,19.36 M,10/02/14,0.1200000000000001,1.9047619047619064
ABEV,6.4900,6.5200,6.2150,6.3000,29.73 M,10/01/14,-0.25,-3.816793893129771
ABEV,6.5300,6.6300,6.5000,6.5500,16.91 M,09/30/14,-0.020000000000000462,-0.30441400304414706
ABEV,6.4700,6.6000,6.4300,6.5700,27.25 M,09/29/14,-0.21999999999999975,-3.2400589101619994
ABEV,6.7300,6.8400,6.6700,6.7900,9.87 M,09/26/14,0.020000000000000462,0.295420974889224
ABEV,6.8100,6.8400,6.6950,6.7700,12.92 M,09/25/14,-0.11000000000000032,-1.5988372093023302
ABEV,6.7400,6.9200,6.6800,6.8800,12.07 M,09/24/14,0.09999999999999964,1.4749262536873102
ABEV,6.8000,6.8600,6.7000,6.7800,12.85 M,09/23/14,-0.08000000000000007,-1.1661807580174937
ABEV,6.7800,6.8900,6.7500,6.8600,15.18 M,09/22/14,-0.04999999999999982,-0.7235890014471754
ABEV,6.8700,6.9500,6.7950,6.9100,28.57 M,09/19/14,0.08999999999999986,1.3196480938416402
ABEV,6.7100,6.9300,6.7100,6.8200,27.44 M,09/18/14,0.05000000000000071,0.7385524372230534
ABEV,6.9500,6.9900,6.7300,6.7700,16.07 M,09/17/14,-0.1900000000000004,-2.72988505747127
ABEV,6.8500,7.0900,6.8100,6.9600,15.94 M,09/16/14,0.16000000000000014,2.3529411764705905
ABEV,6.6500,6.8200,6.6500,6.8000,10.37 M,09/15/14,0.16000000000000014,2.40963855421687
ABEV,6.7200,6.8200,6.5950,6.6400,26.42 M,09/12/14,-0.2600000000000007,-3.768115942028995
ABEV,6.9000,7.0200,6.8800,6.9000,14.06 M,09/11/14,0.0,0.0
ABEV,6.8200,6.9100,6.7570,6.9000,13.97 M,09/10/14,0.07000000000000028,1.0248901903367538
ABEV,6.8500,6.8900,6.8000,6.8300,14.84 M,09/09/14,-0.1200000000000001,-1.7266187050359727
ABEV,7.1300,7.1500,6.9200,6.9500,20.02 M,09/08/14,-0.16999999999999993,-2.387640449438201
ABEV,7.2400,7.2400,7.0900,7.1200,5.45 M,09/05/14,-0.1200000000000001,-1.657458563535913
ABEV,7.1900,7.2600,7.1600,7.2400,9.88 M,09/04/14,0.020000000000000462,0.2770083102493139
ABEV,7.2100,7.2400,7.1100,7.2200,10.81 M,09/03/14,0.13999999999999968,1.9774011299434984
ABEV,7.0100,7.1000,7.0100,7.0800,15.99 M,09/02/14,-0.20999999999999996,-2.880658436213991
ABEV,7.2700,7.3000,7.2000,7.2900,7.01 M,08/29/14,0.03000000000000025,0.4132231404958712
ABEV,7.2800,7.3400,7.1800,7.2600,8.31 M,08/28/14,-0.07000000000000028,-0.9549795361528006
ABEV,7.2800,7.3700,7.2300,7.3300,10.79 M,08/27/14,0.08999999999999986,1.2430939226519317
ABEV,7.3000,7.3100,7.1800,7.2400,6.77 M,08/26/14,0.0,0.0
ABEV,7.1600,7.2500,7.1300,7.2400,6.79 M,08/25/14,0.16999999999999993,2.4045261669024036
ABEV,7.1100,7.1300,7.0200,7.0700,7.16 M,08/22/14,-0.0699999999999994,-0.9803921568627367
ABEV,7.2000,7.2000,7.0900,7.1400,8.12 M,08/21/14,-0.08000000000000007,-1.1080332409972309
ABEV,7.1900,7.2400,7.1400,7.2200,7.43 M,08/20/14,0.02999999999999936,0.4172461752433847
ABEV,7.0700,7.2200,7.0700,7.1900,10.54 M,08/19/14,0.09000000000000075,1.2676056338028274
ABEV,7.0200,7.1100,6.9800,7.1000,13.92 M,08/18/14,0.11999999999999922,1.7191977077363785
ABEV,6.9400,6.9900,6.8100,6.9800,9.64 M,08/15/14,0.09000000000000075,1.3062409288824492
ABEV,6.8300,6.8900,6.8100,6.8900,5.17 M,08/14/14,0.0699999999999994,1.026392961876824
ABEV,6.9700,6.9900,6.7100,6.8200,16.61 M,08/13/14,-0.10999999999999943,-1.5873015873015792
ABEV,6.8900,6.9550,6.8500,6.9300,9.42 M,08/12/14,-0.010000000000000675,-0.14409221902018263
ABEV,6.8800,6.9650,6.8500,6.9400,13.55 M,08/11/14,0.1200000000000001,1.7595307917888579
ABEV,6.7000,6.8400,6.6900,6.8200,22.47 M,08/08/14,0.08999999999999986,1.337295690936105
ABEV,6.8000,6.8500,6.7200,6.7300,11.90 M,08/07/14,-0.02999999999999936,-0.44378698224851126
ABEV,6.6700,6.8200,6.5500,6.7600,30.30 M,08/06/14,0.08999999999999986,1.3493253373313323
ABEV,6.8100,6.8550,6.6400,6.6700,29.06 M,08/05/14,-0.20999999999999996,-3.0523255813953485
ABEV,6.9200,6.9400,6.7800,6.8800,20.66 M,08/04/14,-0.020000000000000462,-0.2898550724637748
ABEV,6.8900,6.9500,6.8300,6.9000,14.01 M,08/01/14,0.010000000000000675,0.14513788098694738
ABEV,7.0400,7.0500,6.8600,6.8900,26.80 M,07/31/14,-0.3799999999999999,-5.226960110041264
ABEV,7.3200,7.3400,7.2200,7.2700,14.18 M,07/30/14,-0.05000000000000071,-0.6830601092896271
ABEV,7.3000,7.4200,7.2500,7.3200,11.47 M,07/29/14,-0.08999999999999986,-1.2145748987854232
ABEV,7.4200,7.4600,7.3700,7.4100,8.72 M,07/28/14,-0.019999999999999574,-0.26917900403767936
ABEV,7.4500,7.5000,7.4000,7.4300,16.71 M,07/25/14,-0.08000000000000007,-1.0652463382157134
ABEV,7.4500,7.5200,7.4000,7.5100,10.44 M,07/24/14,0.10999999999999943,1.4864864864864786
ABEV,7.4400,7.4700,7.3500,7.4000,13.79 M,07/23/14,-0.08000000000000007,-1.069518716577541
ABEV,7.5000,7.5250,7.4300,7.4800,7.97 M,07/22/14,-0.04999999999999982,-0.6640106241699844
ABEV,7.4100,7.5600,7.3700,7.5300,13.78 M,07/21/14,0.16000000000000014,2.170963364993218
ABEV,7.2500,7.4200,7.2100,7.3700,15.08 M,07/18/14,0.2400000000000002,3.3660589060308586
ABEV,7.1600,7.2450,7.0800,7.1300,11.19 M,07/17/14,-0.04999999999999982,-0.696378830083563
ABEV,7.0700,7.1900,7.0500,7.1800,24.42 M,07/16/14,0.16000000000000014,2.2792022792022815
ABEV,7.0000,7.0200,6.9200,7.0200,24.49 M,07/15/14,0.0,0.0
ABEV,7.0400,7.0400,6.9500,7.0200,16.73 M,07/14/14,0.0,0.0
ABEV,6.9900,7.0499,6.9700,7.0200,9.66 M,07/11/14,-0.010000000000000675,-0.14224751066857289
ABEV,7.1100,7.1300,6.9900,7.0300,15.33 M,07/10/14,-0.08999999999999986,-1.2640449438202228
ABEV,7.1500,7.2200,7.0500,7.1200,17.30 M,07/09/14,-0.03000000000000025,-0.419580419580423
ABEV,7.2100,7.2200,7.1300,7.1500,4.09 M,07/08/14,-0.02999999999999936,-0.4178272980501304
ABEV,7.2400,7.2500,7.1500,7.1800,5.75 M,07/07/14,-0.010000000000000675,-0.1390820584144739
ABEV,7.0700,7.2000,7.0550,7.1900,3.76 M,07/03/14,0.05000000000000071,0.7002801120448279
ABEV,7.1600,7.1900,7.1000,7.1400,15.03 M,07/02/14,-0.040000000000000036,-0.5571030640668528
ABEV,7.0900,7.1900,7.0800,7.1800,6.95 M,07/01/14,0.13999999999999968,1.988636363636359
ABEV,7.0400,7.0500,6.9900,7.0400,7.07 M,06/30/14,0.020000000000000462,0.2849002849002915
ABEV,7.0700,7.1000,6.9900,7.0200,7.45 M,06/27/14,-0.07000000000000028,-0.9873060648801169
ABEV,7.0000,7.1000,6.9900,7.0900,7.22 M,06/26/14,0.05999999999999961,0.8534850640113743
ABEV,7.0800,7.1100,6.9950,7.0300,22.88 M,06/25/14,0.03000000000000025,0.4285714285714321
ABEV,6.9900,7.0300,6.9700,7.0000,19.78 M,06/24/14,-0.040000000000000036,-0.5681818181818187
ABEV,7.1500,7.1500,7.0100,7.0400,5.73 M,06/23/14,-0.08999999999999986,-1.262272089761569
ABEV,7.0800,7.1400,7.0500,7.1300,7.75 M,06/20/14,0.03000000000000025,0.4225352112676092
ABEV,7.1000,7.1100,7.0100,7.1000,10.66 M,06/19/14,0.009999999999999787,0.14104372355429884
ABEV,6.9400,7.1000,6.9100,7.0900,10.07 M,06/18/14,0.14999999999999947,2.161383285302586
ABEV,6.9100,6.9400,6.8100,6.9400,8.24 M,06/17/14,-0.05999999999999961,-0.8571428571428515
ABEV,7.1100,7.1400,6.9700,7.0000,13.41 M,06/16/14,-0.08999999999999986,-1.2693935119887145
ABEV,7.1900,7.1900,7.0500,7.0900,6.65 M,06/13/14,-0.04999999999999982,-0.7002801120448154
ABEV,7.1900,7.2700,7.1250,7.1400,3.38 M,06/12/14,0.0,0.0
ABEV,7.2900,7.3200,7.1200,7.1400,8.71 M,06/11/14,-0.11000000000000032,-1.5172413793103492
ABEV,7.2200,7.3150,7.2100,7.2500,7.77 M,06/10/14,-0.08000000000000007,-1.0914051841746257
ABEV,7.2100,7.3500,7.2000,7.3300,8.14 M,06/09/14,0.15000000000000036,2.0891364902507013
ABEV,7.1900,7.2400,7.1550,7.1800,7.37 M,06/06/14,0.14999999999999947,2.1337126600284417
ABEV,7.1000,7.1600,7.0100,7.0300,7.93 M,06/05/14,0.010000000000000675,0.14245014245015208
ABEV,7.1400,7.1500,7.0000,7.0200,5.06 M,06/04/14,-0.11000000000000032,-1.54277699859748
ABEV,7.1400,7.2000,7.1000,7.1300,9.45 M,06/03/14,0.040000000000000036,0.5641748942172079
ABEV,7.0600,7.1400,7.0400,7.0900,9.39 M,06/02/14,0.04999999999999982,0.7102272727272702
ABEV,7.1700,7.2000,7.0400,7.0400,12.74 M,05/30/14,-0.16000000000000014,-2.222222222222224
ABEV,7.2100,7.2500,7.1800,7.2000,6.04 M,05/29/14,0.03000000000000025,0.41841004184100766
ABEV,7.1400,7.2200,7.0950,7.1700,6.94 M,05/28/14,0.05999999999999961,0.8438818565400789
ABEV,7.3900,7.4200,7.1100,7.1100,22.79 M,05/27/14,-0.29000000000000004,-3.9189189189189193
ABEV,7.4500,7.4700,7.3900,7.4000,3.53 M,05/23/14,-0.09999999999999964,-1.3333333333333286
ABEV,7.4900,7.5100,7.4550,7.5000,5.33 M,05/22/14,0.08999999999999986,1.2145748987854232
ABEV,7.3400,7.4500,7.3200,7.4100,5.31 M,05/21/14,0.10000000000000053,1.3679890560875587
ABEV,7.3700,7.5100,7.3000,7.3100,7.14 M,05/20/14,-0.13000000000000078,-1.7473118279569997
ABEV,7.3500,7.4400,7.3300,7.4400,5.06 M,05/19/14,0.040000000000000036,0.540540540540541
ABEV,7.4600,7.4700,7.3400,7.4000,8.36 M,05/16/14,0.020000000000000462,0.2710027100271065
ABEV,7.4600,7.4800,7.3300,7.3800,4.59 M,05/15/14,-0.10000000000000053,-1.3368983957219323
ABEV,7.4900,7.5300,7.4400,7.4800,7.86 M,05/14/14,0.040000000000000036,0.537634408602151
ABEV,7.4800,7.6650,7.4100,7.4400,15.59 M,05/13/14,-0.04999999999999982,-0.667556742323095
ABEV,7.4500,7.5000,7.4400,7.4900,8.09 M,05/12/14,0.10000000000000053,1.3531799729364078
ABEV,7.3100,7.4300,7.2500,7.3900,7.68 M,05/09/14,0.04999999999999982,0.6811989100817415
ABEV,7.3500,7.4200,7.2900,7.3400,10.27 M,05/08/14,0.05999999999999961,0.8241758241758188
ABEV,7.3500,7.3800,7.2100,7.2800,12.38 M,05/07/14,-0.1299999999999999,-1.7543859649122793
ABEV,7.3000,7.4800,7.2700,7.4100,13.32 M,05/06/14,0.08999999999999986,1.2295081967213095
ABEV,7.2000,7.3550,7.1900,7.3200,11.52 M,05/05/14,0.08000000000000007,1.1049723756906087
ABEV,7.2000,7.3250,7.1300,7.2400,27.25 M,05/02/14,0.08999999999999986,1.2587412587412568
ABEV,7.3100,7.3100,7.0900,7.1500,10.81 M,05/01/14,-0.09999999999999964,-1.3793103448275814
ABEV,7.3400,7.3600,7.1700,7.2500,39.65 M,04/30/14,-0.3899999999999997,-5.104712041884813
ABEV,7.7800,7.8000,7.6200,7.6400,10.63 M,04/29/14,-0.0600000000000005,-0.7792207792207857
ABEV,7.6900,7.7400,7.6300,7.7000,8.87 M,04/28/14,0.03000000000000025,0.39113428943937745
ABEV,7.7700,7.7800,7.6000,7.6700,9.59 M,04/25/14,-0.13999999999999968,-1.792573623559535
ABEV,7.8900,7.8900,7.6900,7.8100,9.92 M,04/24/14,-0.05000000000000071,-0.6361323155216375
ABEV,7.8600,7.8800,7.7700,7.8600,9.33 M,04/23/14,-0.040000000000000036,-0.5063291139240511
ABEV,7.7500,7.9100,7.6900,7.9000,9.72 M,04/22/14,0.10000000000000053,1.2820512820512888
ABEV,8.6700,8.6700,7.7000,7.8000,6.14 M,04/21/14,0.03000000000000025,0.3861003861003893
ABEV,7.7200,7.7800,7.6700,7.7700,9.06 M,04/17/14,0.03999999999999915,0.5174644243208169
ABEV,7.7500,7.7600,7.6500,7.7300,9.58 M,04/16/14,0.03000000000000025,0.38961038961039285
ABEV,7.7400,7.7600,7.5300,7.7000,10.13 M,04/15/14,-0.0699999999999994,-0.9009009009008931
ABEV,7.8200,7.8300,7.7200,7.7700,8.13 M,04/14/14,-0.03000000000000025,-0.3846153846153878
ABEV,7.5800,7.8200,7.5400,7.8000,13.42 M,04/11/14,0.16000000000000014,2.094240837696337
ABEV,7.6000,7.7200,7.5500,7.6400,11.18 M,04/10/14,0.04999999999999982,0.6587615283267434
ABEV,7.5500,7.6500,7.4500,7.5900,9.47 M,04/09/14,0.03000000000000025,0.39682539682540013
ABEV,7.6000,7.6300,7.5000,7.5600,16.61 M,04/08/14,0.019999999999999574,0.2652519893899148
ABEV,7.5500,7.5900,7.4700,7.5400,14.77 M,04/07/14,0.04999999999999982,0.667556742323095
ABEV,7.6600,7.7000,7.4600,7.4900,17.87 M,04/04/14,-0.009999999999999787,-0.1333333333333305
ABEV,7.5600,7.5700,7.4100,7.5000,9.00 M,04/03/14,-0.08000000000000007,-1.0554089709762542
ABEV,7.5100,7.6300,7.5000,7.5800,8.19 M,04/02/14,0.08000000000000007,1.0666666666666675
ABEV,7.4200,7.5000,7.4100,7.5000,6.73 M,04/01/14,0.08999999999999986,1.2145748987854232
ABEV,7.4500,7.5000,7.3900,7.4100,7.00 M,03/31/14,-0.04999999999999982,-0.6702412868632684
ABEV,7.4600,7.5800,7.4200,7.4600,7.97 M,03/28/14,0.009999999999999787,0.13422818791946023
ABEV,7.2800,7.4900,7.2400,7.4500,9.67 M,03/27/14,0.27000000000000046,3.76044568245126
ABEV,7.2200,7.2700,7.1400,7.1800,13.66 M,03/26/14,-0.03000000000000025,-0.4160887656033322
ABEV,7.2500,7.2800,7.1600,7.2100,8.08 M,03/25/14,0.04999999999999982,0.6983240223463663
ABEV,7.1700,7.2200,7.1200,7.1600,9.33 M,03/24/14,0.009999999999999787,0.13986013986013687
ABEV,7.1400,7.3550,7.1200,7.1500,11.65 M,03/21/14,-0.009999999999999787,-0.13966480446927076
ABEV,7.1000,7.2000,7.0200,7.1600,7.32 M,03/20/14,0.04999999999999982,0.7032348804500678
ABEV,7.0300,7.2000,7.0200,7.1100,10.16 M,03/19/14,-0.009999999999999787,-0.1404494382022442
ABEV,7.0300,7.1500,7.0200,7.1200,8.17 M,03/18/14,0.0600000000000005,0.849858356940517
ABEV,6.9400,7.0900,6.9300,7.0600,8.15 M,03/17/14,0.1299999999999999,1.8759018759018744
ABEV,6.9100,7.0100,6.8800,6.9300,6.86 M,03/14/14,-0.020000000000000462,-0.2877697841726685
ABEV,7.1300,7.1400,6.9300,6.9500,7.17 M,03/13/14,-0.1200000000000001,-1.6973125884016989
ABEV,7.0100,7.0700,6.9600,7.0700,7.22 M,03/12/14,0.08000000000000007,1.1444921316165961
ABEV,7.1500,7.1800,6.9500,6.9900,5.16 M,03/11/14,-0.05999999999999961,-0.8510638297872285
ABEV,7.1600,7.1600,6.9800,7.0500,6.17 M,03/10/14,-0.10000000000000053,-1.398601398601406
ABEV,7.1800,7.2200,7.0700,7.1500,8.04 M,03/07/14,-0.09999999999999964,-1.3793103448275814
ABEV,7.2700,7.3600,7.1950,7.2500,16.73 M,03/06/14,0.019999999999999574,0.27662517289072713
ABEV,7.2200,7.2700,7.0750,7.2300,7.55 M,03/05/14,0.05000000000000071,0.6963788300835754
ABEV,7.1200,7.3700,7.1000,7.1800,5.73 M,03/04/14,0.09999999999999964,1.4124293785310684
ABEV,7.1400,7.1700,6.9300,7.0800,5.94 M,03/03/14,-0.1200000000000001,-1.666666666666668
ABEV,7.2100,7.2600,7.1100,7.2000,11.14 M,02/28/14,-0.03000000000000025,-0.414937759336103
ABEV,7.1700,7.2880,7.0700,7.2300,6.90 M,02/27/14,0.15000000000000036,2.118644067796615
ABEV,7.1200,7.2100,7.0500,7.0800,8.01 M,02/26/14,0.0600000000000005,0.8547008547008619
ABEV,7.0300,7.1750,7.0000,7.0200,8.36 M,02/25/14,-0.010000000000000675,-0.14224751066857289
ABEV,7.0800,7.1500,6.9800,7.0300,5.87 M,02/24/14,0.020000000000000462,0.28530670470756725
ABEV,6.9700,7.1400,6.9400,7.0100,9.18 M,02/21/14,0.040000000000000036,0.5738880918220952
ABEV,6.8200,7.0500,6.8100,6.9700,13.30 M,02/20/14,0.22999999999999954,3.4124629080118627
ABEV,6.6400,6.7900,6.6130,6.7400,9.86 M,02/19/14,0.020000000000000462,0.2976190476190545
ABEV,6.8300,6.9100,6.7000,6.7200,9.12 M,02/18/14,-0.1900000000000004,-2.749638205499282
ABEV,6.9000,6.9775,6.8600,6.9100,7.44 M,02/14/14,0.08000000000000007,1.171303074670572
ABEV,6.5600,6.8600,6.5400,6.8300,9.86 M,02/13/14,0.11000000000000032,1.6369047619047667
ABEV,6.7900,6.8100,6.5900,6.7200,8.36 M,02/12/14,-0.15000000000000036,-2.183406113537123
ABEV,6.6800,6.9200,6.6650,6.8700,10.26 M,02/11/14,0.16999999999999993,2.53731343283582
ABEV,6.8000,6.8000,6.6200,6.7000,6.91 M,02/10/14,-0.09999999999999964,-1.4705882352941124
ABEV,6.7800,6.8700,6.6600,6.8000,20.50 M,02/07/14,0.1200000000000001,1.7964071856287442
ABEV,6.4600,6.7900,6.4500,6.6800,13.41 M,02/06/14,0.2699999999999996,4.212168486739463
ABEV,6.4400,6.4600,6.3000,6.4100,15.17 M,02/05/14,0.03000000000000025,0.470219435736681
ABEV,6.3200,6.4800,6.2900,6.3800,14.57 M,02/04/14,0.14999999999999947,2.4077046548956575
ABEV,6.5500,6.5500,6.2300,6.2300,9.11 M,02/03/14,-0.3099999999999996,-4.740061162079504
ABEV,6.4100,6.6900,6.3600,6.5400,12.10 M,01/31/14,-0.019999999999999574,-0.3048780487804813
ABEV,6.6300,6.6500,6.4700,6.5600,7.07 M,01/30/14,0.02999999999999936,0.45941807044409433
ABEV,6.5600,6.6900,6.4400,6.5300,11.18 M,01/29/14,-0.14999999999999947,-2.24550898203592
ABEV,6.7200,6.7900,6.6150,6.6800,11.42 M,01/28/14,0.02999999999999936,0.45112781954886255
ABEV,6.7200,6.7400,6.5800,6.6500,9.40 M,01/27/14,-0.0699999999999994,-1.0416666666666576
ABEV,6.7700,6.8800,6.6200,6.7200,30.27 M,01/24/14,-0.28000000000000025,-4.0000000000000036
ABEV,7.2200,7.2300,6.8600,7.0000,20.52 M,01/23/14,-0.17999999999999972,-2.506963788300832
ABEV,7.1800,7.2200,7.1300,7.1800,10.86 M,01/22/14,0.009999999999999787,0.13947001394699843
ABEV,7.1400,7.2500,7.0700,7.1700,12.42 M,01/21/14,0.08999999999999986,1.271186440677964
ABEV,7.0700,7.1200,7.0300,7.0800,5.07 M,01/17/14,0.009999999999999787,0.14144271570013842
ABEV,7.1700,7.1900,7.0200,7.0700,6.25 M,01/16/14,-0.08000000000000007,-1.1188811188811199
ABEV,7.2000,7.3000,7.1500,7.1500,7.65 M,01/15/14,-0.11999999999999922,-1.6506189821182837
ABEV,7.2300,7.3300,7.2000,7.2700,9.12 M,01/14/14,0.02999999999999936,0.41436464088396907
ABEV,7.2900,7.3200,7.2050,7.2400,10.42 M,01/13/14,-0.05999999999999961,-0.8219178082191727
ABEV,7.1100,7.3200,7.0900,7.3000,13.64 M,01/10/14,0.21999999999999975,3.107344632768358
ABEV,7.2200,7.2300,7.0600,7.0800,16.32 M,01/09/14,-0.16999999999999993,-2.3448275862068955
ABEV,7.2400,7.3200,7.2100,7.2500,7.23 M,01/08/14,0.0,0.0
ABEV,7.2800,7.3400,7.2000,7.2500,19.49 M,01/07/14,0.2699999999999996,3.8681948424068704
ABEV,7.0600,7.0700,6.9500,6.9800,6.41 M,01/06/14,-0.15999999999999925,-2.240896358543407
ABEV,7.2100,7.2300,7.0800,7.1400,6.44 M,01/03/14,-0.14000000000000057,-1.923076923076931
ABEV,7.2800,7.3000,7.2000,7.2800,5.24 M,01/02/14,-0.0699999999999994,-0.9523809523809442
ABEV,7.4000,7.4000,7.2000,7.3500,3.86 M,12/31/13,-0.020000000000000462,-0.2713704206241582
ABEV,7.3000,7.3700,7.2800,7.3700,3.76 M,12/30/13,0.0,0.0
ABEV,7.1900,7.3800,7.1700,7.3700,6.97 M,12/27/13,0.20999999999999996,2.932960893854748
ABEV,7.2100,7.2350,7.1300,7.1600,3.47 M,12/26/13,0.009999999999999787,0.13986013986013687
ABEV,6.9600,7.1800,6.9200,7.1500,3.89 M,12/24/13,0.010000000000000675,0.14005602240897305
ABEV,7.1400,7.2200,7.1100,7.1400,5.97 M,12/23/13,0.019999999999999574,0.2808988764044884
ABEV,7.1100,7.1400,7.0300,7.1200,9.74 M,12/20/13,0.0,0.0
ABEV,7.1400,7.2300,7.0200,7.1200,9.43 M,12/19/13,-0.1200000000000001,-1.657458563535913
ABEV,7.0900,7.3900,6.7500,7.2400,9.64 M,12/18/13,0.1800000000000006,2.5495750708215383
ABEV,7.1300,7.1300,6.9600,7.0600,8.28 M,12/17/13,0.019999999999999574,0.284090909090903
ABEV,6.9800,7.1700,6.9600,7.0400,8.31 M,12/16/13,0.11000000000000032,1.5873015873015919
ABEV,7.0900,7.1000,6.9200,6.9300,7.26 M,12/13/13,-0.15000000000000036,-2.118644067796615
ABEV,7.1200,7.1500,7.0100,7.0800,7.70 M,12/12/13,-0.08000000000000007,-1.117318435754191
ABEV,7.2400,7.2600,7.1150,7.1600,6.83 M,12/11/13,-0.10999999999999943,-1.5130674002750955
ABEV,7.2800,7.3300,7.1800,7.2700,6.23 M,12/10/13,0.009999999999999787,0.13774104683195298
ABEV,7.1409,7.3200,7.1400,7.2600,7.65 M,12/09/13,0.09999999999999964,1.3966480446927325
ABEV,7.1600,7.2171,7.1100,7.1600,6.38 M,12/06/13,-0.03000000000000025,-0.417246175243397
ABEV,7.0000,7.2400,6.9900,7.1900,7.01 M,12/05/13,0.10000000000000053,1.410437235543026
ABEV,7.0900,7.1500,6.9050,7.0900,14.04 M,12/04/13,-0.20999999999999996,-2.876712328767123
ABEV,7.2600,7.3400,7.1100,7.3000,8.45 M,12/03/13,-0.020000000000000462,-0.2732240437158533
ABEV,7.4600,7.5300,7.2900,7.3200,5.81 M,12/02/13,-0.23999999999999932,-3.174603174603166
ABEV,7.4500,7.5700,7.4400,7.5600,3.74 M,11/29/13,0.02999999999999936,0.3984063745019835
ABEV,7.5800,7.5900,7.4200,7.5300,6.96 M,11/27/13,-0.16999999999999993,-2.207792207792207
ABEV,7.4900,7.7200,7.4200,7.7000,6.60 M,11/26/13,0.20999999999999996,2.8037383177570088
ABEV,7.5600,7.6100,7.4200,7.4900,3.83 M,11/25/13,-0.0699999999999994,-0.9259259259259179
ABEV,7.5200,7.6700,7.4900,7.5600,5.98 M,11/22/13,0.14999999999999947,2.0242914979757014
ABEV,7.4300,7.5300,7.3600,7.4100,5.43 M,11/21/13,-0.17999999999999972,-2.3715415019762807
ABEV,7.5700,7.7300,7.5300,7.5900,5.27 M,11/20/13,0.0,0.0
ABEV,7.8300,7.8500,7.4800,7.5900,8.53 M,11/19/13,-0.08000000000000007,-1.043024771838332
ABEV,7.6300,7.7900,7.5500,7.6700,8.98 M,11/18/13,0.15000000000000036,1.9946808510638345
ABEV,7.4500,7.7400,7.4000,7.5200,6.34 M,11/15/13,0.04999999999999982,0.6693440428380164
ABEV,7.3800,7.5600,7.2500,7.4700,5.87 M,11/14/13,0.17999999999999972,2.469135802469132
ABEV,7.2800,7.3600,7.2400,7.2900,5.49 M,11/13/13,-0.08999999999999986,-1.2195121951219494
ABEV,7.2700,7.4600,7.1700,7.3800,6.86 M,11/12/13,0.16000000000000014,2.2160664819944618