CFG,42.4400,42.6100,41.9400,41.9800,3.83 M,04/26/18,-0.5400000000000063,-1.2699905926622912
CFG,42.1400,42.8100,41.6200,42.5200,3.77 M,04/25/18,0.25,0.5914360066240832
CFG,42.8900,43.5100,41.7000,42.2700,5.98 M,04/24/18,-0.23999999999999488,-0.5645730416372499
CFG,42.5600,43.0100,42.3000,42.5100,5.52 M,04/23/18,0.5300000000000011,1.2625059552167728
CFG,42.0000,42.5100,41.5200,41.9800,5.39 M,04/20/18,0.11999999999999744,0.2866698518872371
CFG,41.1400,41.9850,41.0700,41.8600,5.86 M,04/19/18,0.8299999999999983,2.022910065805504
CFG,41.3800,41.8250,40.7000,41.0300,6.79 M,04/18/18,-0.259999999999998,-0.6296924194720224
CFG,42.6300,42.7550,40.8200,41.2900,7.11 M,04/17/18,-1.0799999999999983,-2.548973330186449
CFG,42.7000,42.9300,41.9600,42.3700,2.92 M,04/16/18,0.0899999999999963,0.21286660359507167
CFG,43.5200,43.6200,42.0300,42.2800,3.79 M,04/13/18,-0.9600000000000009,-2.2201665124884387
CFG,42.6300,43.4950,42.5900,43.2400,3.78 M,04/12/18,1.0600000000000023,2.5130393551446235
CFG,42.2500,42.5100,42.0500,42.1800,3.16 M,04/11/18,-0.5200000000000031,-1.2177985948477825
CFG,42.5000,42.9300,42.1800,42.7000,3.65 M,04/10/18,0.9600000000000009,2.2999520843315784
CFG,41.7100,42.7500,41.6650,41.7400,4.32 M,04/09/18,0.2600000000000051,0.6268081002893084
CFG,42.3300,42.4850,40.9800,41.4800,5.38 M,04/06/18,-1.5400000000000063,-3.57973035797305
CFG,43.0600,43.3600,42.4900,43.0200,5.23 M,04/05/18,0.25,0.5845218611176057
CFG,41.4700,42.8700,41.0700,42.7700,4.96 M,04/04/18,0.9600000000000009,2.296101411145661
CFG,41.2500,41.9663,41.0750,41.8100,3.58 M,04/03/18,0.7100000000000009,1.7274939172749413
CFG,41.9400,42.0000,40.4500,41.1000,4.66 M,04/02/18,-0.8799999999999955,-2.0962363030014184
CFG,41.8200,42.1700,41.4200,41.9800,6.67 M,03/29/18,0.4299999999999997,1.034897713598074
CFG,41.8000,41.9700,40.8000,41.5500,5.28 M,03/28/18,-0.04000000000000625,-0.09617696561674982
CFG,43.2500,43.4200,41.2000,41.5900,5.43 M,03/27/18,-1.529999999999994,-3.548237476808892
CFG,42.0300,43.2250,41.7100,43.1200,6.22 M,03/26/18,1.8499999999999943,4.482675066634345
CFG,43.1000,43.2300,41.1850,41.2700,5.17 M,03/23/18,-1.6799999999999997,-3.911525029103608
CFG,44.2900,44.5300,42.8650,42.9500,5.41 M,03/22/18,-1.9699999999999989,-4.385574354407834
CFG,44.7700,45.5600,44.5300,44.9200,3.60 M,03/21/18,0.14999999999999858,0.33504578959124093
CFG,45.1900,45.4200,44.6900,44.7700,2.06 M,03/20/18,-0.13999999999999346,-0.31173458027163986
CFG,44.8600,45.0600,44.2700,44.9100,3.17 M,03/19/18,0.03999999999999915,0.08914642299977524
CFG,45.0800,45.6500,44.8500,44.8700,6.37 M,03/16/18,-0.09000000000000341,-0.20017793594306807
CFG,45.3700,45.4600,44.7600,44.9600,3.24 M,03/15/18,-0.1700000000000017,-0.3766895634832743
CFG,45.8600,45.9100,44.9900,45.1300,5.01 M,03/14/18,-0.5999999999999943,-1.3120489831620257
CFG,46.4700,46.5500,45.6250,45.7300,3.04 M,03/13/18,-0.4200000000000017,-0.9100758396533082
CFG,46.3000,46.6600,46.1100,46.1500,3.58 M,03/12/18,-0.10999999999999943,-0.23778642455685137
CFG,45.5800,46.3150,45.3300,46.2600,4.26 M,03/09/18,1.0399999999999991,2.2998673153471896
CFG,45.6800,45.9000,44.5600,45.2200,3.96 M,03/08/18,-0.21999999999999886,-0.4841549295774623
CFG,44.7600,45.5600,44.6000,45.4400,3.47 M,03/07/18,0.11999999999999744,0.26478375992938535
CFG,45.1600,45.5100,44.4400,45.3200,3.84 M,03/06/18,0.46000000000000085,1.0254123941150264
CFG,43.7300,45.0800,43.3800,44.8600,5.29 M,03/05/18,0.6799999999999997,1.5391579900407417
CFG,43.1400,44.2750,42.5800,44.1800,5.85 M,03/02/18,0.6499999999999986,1.4932230645531783
CFG,43.5400,44.5300,43.2100,43.5300,7.40 M,03/01/18,0.03999999999999915,0.09197516670498769
CFG,44.1700,44.7000,43.4700,43.4900,8.10 M,02/28/18,-0.259999999999998,-0.5942857142857098
CFG,44.5200,45.4600,43.7500,43.7500,13.97 M,02/27/18,-0.7899999999999991,-1.7736865738661858
CFG,46.5250,46.6200,43.8200,44.5400,14.46 M,02/26/18,-1.8900000000000006,-4.070643980185226
CFG,45.7100,46.4400,45.6600,46.4300,2.39 M,02/23/18,0.9799999999999969,2.1562156215621493
CFG,46.5300,46.7900,45.3700,45.4500,2.47 M,02/22/18,-0.8499999999999943,-1.835853131749448
CFG,45.9800,46.9600,45.7600,46.3000,4.49 M,02/21/18,0.20999999999999375,0.4556302885658358
CFG,45.8900,46.6100,45.6900,46.0900,4.78 M,02/20/18,0.1600000000000037,0.3483561942085863
CFG,45.7300,46.5600,45.7300,45.9300,2.80 M,02/16/18,-0.09000000000000341,-0.1955671447196945
CFG,46.3300,46.6400,45.6000,46.0200,3.04 M,02/15/18,0.1700000000000017,0.3707742639040386
CFG,44.0100,45.8900,44.0100,45.8500,6.31 M,02/14/18,1.4600000000000009,3.289029060599236
CFG,43.5300,44.4200,43.3900,44.3900,3.44 M,02/13/18,0.4299999999999997,0.9781619654231113
CFG,43.5100,44.5200,43.1500,43.9600,4.38 M,02/12/18,0.9100000000000037,2.113821138211391
CFG,42.9400,43.4800,41.4900,43.0500,6.87 M,02/09/18,0.8599999999999994,2.038397724579283
CFG,44.8900,45.0200,42.1700,42.1900,4.71 M,02/08/18,-2.6500000000000057,-5.9099018733273985
CFG,44.3300,45.3900,43.7000,44.8400,6.55 M,02/07/18,0.240000000000002,0.5381165919282556
CFG,42.5000,45.0800,41.4800,44.6000,8.30 M,02/06/18,0.9200000000000017,2.1062271062271103
CFG,45.0800,46.2450,43.5700,43.6800,5.85 M,02/05/18,-2.3400000000000034,-5.084745762711871
CFG,46.6500,47.0600,45.7650,46.0200,6.07 M,02/02/18,-0.7899999999999991,-1.6876735740226427
CFG,45.9100,46.8500,45.7600,46.8100,6.74 M,02/01/18,0.9100000000000037,1.982570806100226
CFG,46.0500,46.6900,45.7800,45.9000,4.15 M,01/31/18,-0.2700000000000031,-0.5847953216374336
CFG,46.4100,46.9500,46.1550,46.1700,3.73 M,01/30/18,-0.5799999999999983,-1.2406417112299428
CFG,46.8300,47.1700,46.6600,46.7500,4.27 M,01/29/18,-0.20000000000000284,-0.42598509052183775
CFG,46.8000,47.0150,46.4100,46.9500,3.98 M,01/26/18,0.28000000000000114,0.5999571459181511
CFG,47.6000,47.6416,46.3400,46.6700,5.61 M,01/25/18,-0.7100000000000009,-1.4985225833685116
CFG,48.0700,48.2300,47.1200,47.3800,7.29 M,01/24/18,-0.4899999999999949,-1.0236055984959158
CFG,47.6900,48.1400,47.3000,47.8700,3.89 M,01/23/18,0.05999999999999517,0.12549675800040822
CFG,47.2400,47.8700,47.0100,47.8100,4.20 M,01/22/18,0.990000000000002,2.114480991029479
CFG,46.1400,47.3200,45.6400,46.8200,7.83 M,01/19/18,1.0600000000000023,2.3164335664335716
CFG,45.9500,46.1250,45.2200,45.7600,6.07 M,01/18/18,-0.0800000000000054,-0.1745200698080397
CFG,45.5200,46.0100,44.8300,45.8400,3.73 M,01/17/18,0.5900000000000034,1.3038674033149247
CFG,45.7900,45.9300,44.9450,45.2500,2.98 M,01/16/18,-0.2700000000000031,-0.5931458699472828
CFG,45.6100,45.7900,45.2900,45.5200,2.27 M,01/12/18,0.22000000000000597,0.4856512141280485
CFG,45.0600,45.3050,44.6300,45.3000,3.29 M,01/11/18,0.3999999999999986,0.8908685968819567
CFG,44.3400,45.4600,44.2800,44.9000,2.91 M,01/10/18,0.7100000000000009,1.6066983480425456
CFG,44.1700,44.8500,44.0100,44.1900,5.43 M,01/09/18,0.12999999999999545,0.29505220154333966
CFG,43.8000,44.2700,43.6300,44.0600,4.73 M,01/08/18,0.17999999999999972,0.4102096627164989
CFG,43.8900,44.2400,43.6500,43.8800,7.32 M,01/05/18,0.20000000000000284,0.4578754578754644
CFG,43.5800,44.3300,43.3900,43.6800,6.74 M,01/04/18,0.509999999999998,1.1813759555246652
CFG,42.5700,43.2900,42.4400,43.1700,6.28 M,01/03/18,0.490000000000002,1.1480787253983178
CFG,42.3500,42.6800,42.0200,42.6800,5.07 M,01/02/18,0.7000000000000028,1.6674606955693256
CFG,42.4400,42.6600,41.9500,41.9800,2.64 M,12/29/17,-0.46000000000000085,-1.0838831291234705
CFG,42.4300,42.4600,42.1000,42.4400,1.46 M,12/28/17,0.0799999999999983,0.18885741265344264
CFG,42.4500,42.5200,42.1500,42.3600,2.35 M,12/27/17,-0.1600000000000037,-0.3762935089369795
CFG,42.6300,42.9200,42.3400,42.5200,2.41 M,12/26/17,-0.10999999999999943,-0.2580342481820301
CFG,42.8500,42.9100,42.2100,42.6300,3.62 M,12/22/17,0.030000000000001137,0.07042253521127027
CFG,42.3900,42.9300,42.1950,42.6000,4.10 M,12/21/17,0.6700000000000017,1.5979012640114518
CFG,42.5800,42.6700,41.7500,41.9300,2.52 M,12/20/17,-0.14999999999999858,-0.35646387832699283
CFG,42.5600,42.8350,42.0600,42.0800,5.36 M,12/19/17,0.04999999999999716,0.11896264572923425
CFG,42.0400,42.7200,41.7300,42.0300,4.45 M,12/18/17,0.3299999999999983,0.791366906474816
CFG,41.2900,42.1900,41.0200,41.7000,9.19 M,12/15/17,0.8300000000000054,2.030829459261085
CFG,41.5800,41.7400,40.7000,40.8700,3.64 M,12/14/17,-0.47000000000000597,-1.136913401064359
CFG,41.9000,42.3400,41.3100,41.3400,4.00 M,12/13/17,-0.5799999999999983,-1.3835877862595378
CFG,41.6600,42.2050,41.4200,41.9200,4.22 M,12/12/17,0.5,1.2071463061323031
CFG,41.7000,41.9200,41.1600,41.4200,3.26 M,12/11/17,-0.3200000000000003,-0.7666506947771928
CFG,41.6400,41.8000,41.1800,41.7400,3.20 M,12/08/17,0.3100000000000023,0.7482500603427523
CFG,40.4100,41.4400,40.2700,41.4300,4.69 M,12/07/17,0.7999999999999972,1.9689884321929538
CFG,40.6700,40.9100,40.2400,40.6300,4.27 M,12/06/17,-0.259999999999998,-0.6358522866226413
CFG,41.8300,42.0900,40.7400,40.8900,6.21 M,12/05/17,-0.9600000000000009,-2.2939068100358444
CFG,41.4900,42.5200,41.3200,41.8500,6.49 M,12/04/17,1.1600000000000037,2.8508232981076524
CFG,40.9000,41.1900,39.4200,40.6900,6.69 M,12/01/17,-0.010000000000005116,-0.02457002457003714
CFG,41.0800,41.7700,40.6600,40.7000,13.19 M,11/30/17,0.030000000000001137,0.07376444553725384
CFG,39.2500,41.0800,39.1100,40.6700,8.74 M,11/29/17,1.8900000000000006,4.873646209386283
CFG,37.7500,38.8400,37.7150,38.7800,5.32 M,11/28/17,1.1499999999999986,3.0560722827531186
CFG,37.7400,37.8700,37.4650,37.6300,2.30 M,11/27/17,-0.11999999999999744,-0.31788079470198
CFG,38.0200,38.0900,37.6150,37.7500,807183,11/24/17,-0.0799999999999983,-0.21147237642082553
CFG,38.0000,38.2450,37.8000,37.8300,2.85 M,11/22/17,-0.07000000000000028,-0.18469656992084507
CFG,38.3700,38.3700,37.7900,37.9000,4.70 M,11/21/17,-0.3500000000000014,-0.9150326797385658
CFG,38.3100,38.4900,38.1000,38.2500,4.02 M,11/20/17,0.0799999999999983,0.20958868221115612
CFG,37.6500,38.3700,37.5700,38.1700,2.10 M,11/17/17,0.25,0.6592827004219409
CFG,38.5000,38.7400,37.9100,37.9200,3.58 M,11/16/17,-0.21999999999999886,-0.5768222338751936
CFG,37.6800,38.3500,37.4000,38.1400,4.19 M,11/15/17,0.07000000000000028,0.1838718150774896
CFG,37.0200,38.1400,36.9200,38.0700,4.90 M,11/14/17,0.8699999999999974,2.338709677419348
CFG,36.4700,37.2800,36.2500,37.2000,4.72 M,11/13/17,0.5200000000000031,1.417666303162495
CFG,36.8500,37.0816,36.6200,36.6800,3.62 M,11/10/17,-0.13000000000000256,-0.3531649008421694
CFG,36.9700,37.3200,36.4600,36.8100,4.78 M,11/09/17,-0.5,-1.3401232913428034
CFG,37.4500,37.5700,36.9800,37.3100,5.05 M,11/08/17,-0.35999999999999943,-0.955667640031854
CFG,38.8000,38.9900,37.5500,37.6700,4.87 M,11/07/17,-1.0499999999999972,-2.711776859504125
CFG,38.6900,38.9000,38.4800,38.7200,2.23 M,11/06/17,-0.10000000000000142,-0.25759917568264146
CFG,38.6800,39.1000,38.5300,38.8200,2.95 M,11/03/17,0.0799999999999983,0.20650490449147726
CFG,38.2600,38.8750,37.9000,38.7400,3.35 M,11/02/17,0.37000000000000455,0.9642950221527354
CFG,38.2100,38.9800,38.1200,38.3700,5.28 M,11/01/17,0.35999999999999943,0.9471191791633766
CFG,37.9700,38.3450,37.9100,38.0100,3.20 M,10/31/17,-0.07000000000000028,-0.18382352941176547
CFG,38.2500,38.4000,37.8925,38.0800,3.72 M,10/30/17,-0.37000000000000455,-0.9622886866059935
CFG,38.3700,38.5400,38.2200,38.4500,2.46 M,10/27/17,-0.05999999999999517,-0.1558036873539215
CFG,38.3000,38.9900,38.1900,38.5100,4.60 M,10/26/17,0.4799999999999969,1.262161451485661
CFG,38.4000,38.5400,37.6750,38.0300,5.42 M,10/25/17,-0.3399999999999963,-0.8861089392754661
CFG,38.6100,38.9400,38.3000,38.3700,6.31 M,10/24/17,-0.13000000000000256,-0.3376623376623443
CFG,38.5100,38.8200,38.3550,38.5000,8.43 M,10/23/17,0.1700000000000017,0.4435168275502262
CFG,38.3500,38.7000,37.7400,38.3300,6.99 M,10/20/17,0.8999999999999986,2.404488378306168
CFG,36.8000,37.5300,36.6800,37.4300,4.63 M,10/19/17,0.25,0.6724045185583647
CFG,36.8800,37.3200,36.6500,37.1800,5.67 M,10/18/17,0.5,1.3631406761177753
CFG,37.2400,37.2500,36.6000,36.6800,3.31 M,10/17/17,-0.36999999999999744,-0.9986504723346761
CFG,37.0400,37.3082,36.9200,37.0500,3.37 M,10/16/17,0.07000000000000028,0.18929150892374336
CFG,37.0000,37.3350,36.5100,36.9800,3.74 M,10/13/17,-0.17999999999999972,-0.4843918191603868
CFG,37.5400,37.6800,37.0400,37.1600,2.89 M,10/12/17,-0.29000000000000625,-0.7743658210948097
CFG,37.5800,37.7400,37.1800,37.4500,4.01 M,10/11/17,-0.35999999999999943,-0.9521290663845527
CFG,37.3400,37.8600,37.2750,37.8100,3.64 M,10/10/17,0.5,1.3401232913428034
CFG,37.6000,37.8100,37.1400,37.3100,3.70 M,10/09/17,-0.17999999999999972,-0.4801280341424372
CFG,37.3100,37.6800,37.0700,37.4900,5.05 M,10/06/17,0.35999999999999943,0.9695663883652017
CFG,36.6800,37.3300,36.4700,37.1300,4.74 M,10/05/17,0.5600000000000023,1.5313098167897246
CFG,36.1200,36.7700,36.1000,36.5700,11.40 M,10/04/17,-0.2700000000000031,-0.7328990228013114
CFG,37.2500,37.4000,36.7400,36.8400,6.93 M,10/03/17,-0.37999999999999545,-1.0209564750134215
CFG,37.5300,37.7000,36.9200,37.2200,9.02 M,10/02/17,-0.6499999999999986,-1.7163982043834134
CFG,37.1700,38.0550,37.0550,37.8700,5.71 M,09/29/17,0.7999999999999972,2.1580793094146133
CFG,37.3500,37.4300,36.7800,37.0700,3.76 M,09/28/17,-0.14999999999999858,-0.40300913487372
CFG,37.5200,37.6450,37.1150,37.2200,4.29 M,09/27/17,0.3999999999999986,1.0863661053775084
CFG,36.5400,37.0100,36.3600,36.8200,4.18 M,09/26/17,0.35999999999999943,0.987383433900163
CFG,36.3200,36.6600,36.0600,36.4600,3.92 M,09/25/17,0.10999999999999943,0.30261348005501904
CFG,36.0900,36.5200,36.0300,36.3500,2.60 M,09/22/17,0.0799999999999983,0.22056796250344166
CFG,35.8300,36.3850,35.8100,36.2700,4.44 M,09/21/17,0.480000000000004,1.341156747694898
CFG,35.8500,35.9760,35.0350,35.7900,8.89 M,09/20/17,-0.030000000000001137,-0.08375209380234823
CFG,35.6200,36.0100,35.4700,35.8200,4.24 M,09/19/17,0.22999999999999687,0.6462489463332308
CFG,35.1800,35.7200,35.1300,35.5900,3.55 M,09/18/17,0.4300000000000068,1.2229806598407476
CFG,34.6900,35.1700,34.4200,35.1600,6.79 M,09/15/17,0.37999999999999545,1.0925819436457602
CFG,34.9600,35.3400,34.7400,34.7800,5.51 M,09/14/17,0.09000000000000341,0.2594407610262422
CFG,34.3000,34.9550,34.2200,34.6900,4.05 M,09/13/17,0.21000000000000085,0.6090487238979143
CFG,33.6300,34.7500,33.6100,34.4800,5.62 M,09/12/17,1.019999999999996,3.048416019127304
CFG,33.2400,33.7700,33.0800,33.4600,4.41 M,09/11/17,0.6499999999999986,1.9811033221578742
CFG,32.1200,33.0200,32.1200,32.8100,5.45 M,09/08/17,0.730000000000004,2.2755610972568703
CFG,32.6900,32.7400,31.5100,32.0800,5.22 M,09/07/17,-0.6900000000000048,-2.105584375953631
CFG,32.8900,33.1800,32.6100,32.7700,4.00 M,09/06/17,0.12000000000000455,0.36753445635529725
CFG,33.4100,33.4500,32.5100,32.6500,3.95 M,09/05/17,-0.9600000000000009,-2.8562927700089284
CFG,33.2800,33.9000,33.1500,33.6100,2.88 M,09/01/17,0.4799999999999969,1.4488379112586685
CFG,33.5900,33.6500,33.1100,33.1300,3.63 M,08/31/17,-0.259999999999998,-0.7786762503743576
CFG,33.3400,33.8000,33.3400,33.3900,3.18 M,08/30/17,0.0799999999999983,0.24016811768237253
CFG,32.9200,33.4300,32.6700,33.3100,4.45 M,08/29/17,-0.1599999999999966,-0.47804003585299254
CFG,33.9400,33.9800,33.2900,33.4700,5.16 M,08/28/17,-0.38000000000000256,-1.1225997045790326
CFG,34.1100,34.3700,33.8400,33.8500,2.76 M,08/25/17,-0.14999999999999858,-0.4411764705882311
CFG,33.6800,34.0500,33.5400,34.0000,5.45 M,08/24/17,0.5,1.492537313432836
CFG,33.1400,34.0000,33.0800,33.5000,3.89 M,08/23/17,0.0799999999999983,0.23937761819269388
CFG,32.9600,33.4700,32.9100,33.4200,4.83 M,08/22/17,0.7199999999999989,2.2018348623853172
CFG,33.0600,33.1100,32.6000,32.7000,6.71 M,08/21/17,-0.35999999999999943,-1.088929219600724
CFG,32.7500,33.4150,32.4600,33.0600,3.97 M,08/18/17,0.25,0.7619628162145686
CFG,33.8500,33.9950,32.7700,32.8100,4.20 M,08/17/17,-1.1400000000000006,-3.3578792341678954
CFG,34.1500,34.3900,33.8000,33.9500,2.99 M,08/16/17,-0.03999999999999915,-0.11768167107972681
CFG,34.6500,34.9100,33.9700,33.9900,3.19 M,08/15/17,-0.22999999999999687,-0.6721215663354673
CFG,33.9100,34.6200,33.7950,34.2200,3.06 M,08/14/17,0.8299999999999983,2.4857741838873864
CFG,33.7300,34.0400,33.2200,33.3900,4.22 M,08/11/17,-0.3200000000000003,-0.9492732126965301
CFG,34.6400,34.8400,33.6700,33.7100,4.24 M,08/10/17,-1.3200000000000003,-3.768198686839852
CFG,34.9600,35.0900,34.7000,35.0300,2.56 M,08/09/17,-0.3100000000000023,-0.8771929824561467
CFG,35.2700,36.0600,35.2150,35.3400,3.55 M,08/08/17,-0.00999999999999801,-0.02828854314002266
CFG,35.6200,35.7200,35.3400,35.3500,4.10 M,08/07/17,-0.269999999999996,-0.7580011229646155
CFG,35.6200,36.3000,35.5300,35.6200,3.75 M,08/04/17,0.3999999999999986,1.135718341851217
CFG,35.5300,35.6550,35.1500,35.2200,4.18 M,08/03/17,-0.3999999999999986,-1.1229646266142577
CFG,35.1900,35.6250,35.1200,35.6200,3.56 M,08/02/17,0.3999999999999986,1.135718341851217
CFG,35.3700,35.4000,34.9650,35.2200,3.07 M,08/01/17,0.14000000000000057,0.39908779931585114
CFG,35.0000,35.2700,34.8350,35.0800,3.43 M,07/31/17,0.14000000000000057,0.40068689181454087
CFG,35.0400,35.2100,34.7500,34.9400,2.79 M,07/28/17,-0.10000000000000142,-0.28538812785388534
CFG,35.2500,35.5100,34.6950,35.0400,5.04 M,07/27/17,-0.13000000000000256,-0.3696332101222706
CFG,36.0100,36.0300,35.0000,35.1700,4.16 M,07/26/17,-0.6799999999999997,-1.8967921896792181
CFG,36.1400,36.3200,35.6950,35.8500,5.39 M,07/25/17,0.3999999999999986,1.1283497884344105
CFG,34.5500,35.5800,34.5000,35.4500,4.74 M,07/24/17,0.970000000000006,2.813225058004658
CFG,35.1900,35.9000,34.3250,34.4800,6.95 M,07/21/17,-0.7700000000000031,-2.1843971631205763
CFG,35.2500,35.4150,34.8200,35.2500,4.89 M,07/20/17,-0.020000000000003126,-0.05670541536717642
CFG,35.7800,35.7800,34.9100,35.2700,3.63 M,07/19/17,-0.3200000000000003,-0.8991289688114646
CFG,35.8100,35.8868,35.2900,35.5900,3.34 M,07/18/17,-0.5,-1.3854253255749513
CFG,36.1600,36.3600,35.8800,36.0900,2.91 M,07/17/17,-0.14999999999999858,-0.413907284768208
CFG,36.2200,36.4600,35.7900,36.2400,3.61 M,07/14/17,-0.6099999999999994,-1.6553595658073255
CFG,36.6400,36.9300,36.4000,36.8500,2.90 M,07/13/17,0.3299999999999983,0.9036144578313205
CFG,36.6000,36.6100,36.0800,36.5200,3.11 M,07/12/17,-0.20999999999999375,-0.5717397222978322
CFG,37.1100,37.2100,36.5600,36.7300,3.53 M,07/11/17,-0.3200000000000003,-0.8636977058029698
CFG,36.9300,37.2500,36.7100,37.0500,4.07 M,07/10/17,-0.020000000000003126,-0.05395198273537396
CFG,36.7300,37.1300,36.3900,37.0700,4.09 M,07/07/17,0.46999999999999886,1.2841530054644776
CFG,36.8700,37.2500,36.5300,36.6000,4.15 M,07/06/17,-0.28000000000000114,-0.7592190889370963
CFG,36.6600,37.0550,36.2100,36.8800,5.21 M,07/05/17,0.3400000000000034,0.9304871373836985
CFG,35.8900,36.7550,35.7600,36.5400,2.33 M,07/03/17,0.8599999999999994,2.41031390134529
CFG,35.8900,36.0100,35.2900,35.6800,3.28 M,06/30/17,0.030000000000001137,0.08415147265077458
CFG,36.1800,36.7300,35.1800,35.6500,5.57 M,06/29/17,0.30999999999999517,0.8771929824561266
CFG,35.1800,35.6500,35.1000,35.3400,5.23 M,06/28/17,0.5,1.4351320321469574
CFG,34.9200,35.2800,34.7200,34.8400,3.57 M,06/27/17,0.18000000000000682,0.5193306405078096
CFG,34.6000,35.0000,34.4000,34.6600,6.67 M,06/26/17,0.1699999999999946,0.4928964917367196
CFG,35.1400,35.2100,34.0500,34.4900,11.28 M,06/23/17,-0.4899999999999949,-1.4008004574042165
CFG,35.1400,35.2000,34.5350,34.9800,4.44 M,06/22/17,-0.22000000000000597,-0.6250000000000169
CFG,36.0500,36.0600,35.1500,35.2000,3.83 M,06/21/17,-0.7399999999999949,-2.0589872008903587
CFG,36.2900,36.4900,35.8400,35.9400,3.05 M,06/20/17,-0.6099999999999994,-1.6689466484268112
CFG,36.6500,36.9900,36.3800,36.5500,3.14 M,06/19/17,0.17999999999999972,0.4949133901567218
CFG,36.7500,36.7800,36.2900,36.3700,5.09 M,06/16/17,-0.3400000000000034,-0.9261781530918098
CFG,36.3300,36.9950,36.3200,36.7100,3.17 M,06/15/17,0.13000000000000256,0.35538545653363196
CFG,36.5400,36.6050,35.6100,36.5800,5.38 M,06/14/17,-0.30000000000000426,-0.8134490238611829
CFG,36.8800,37.1800,36.7100,36.8800,3.77 M,06/13/17,0.2700000000000031,0.7375034143676676
CFG,36.3500,36.9800,36.2000,36.6100,6.39 M,06/12/17,0.269999999999996,0.7429829389102807
CFG,35.8900,36.7399,35.8700,36.3400,4.73 M,06/09/17,0.720000000000006,2.0213363279056877
CFG,34.5300,36.0300,34.3900,35.6200,5.83 M,06/08/17,1.0999999999999943,3.186558516801837
CFG,34.0500,34.7100,33.8100,34.5200,3.64 M,06/07/17,0.6600000000000037,1.9492025989368096
CFG,33.6400,34.0800,33.4000,33.8600,3.28 M,06/06/17,-0.11999999999999744,-0.35314891112418323
CFG,34.1800,34.4800,33.9700,33.9800,4.94 M,06/05/17,-0.15000000000000568,-0.4394960445356158
CFG,34.1800,34.4000,33.7600,34.1300,5.80 M,06/02/17,-0.36999999999999744,-1.0724637681159346
CFG,34.2700,34.7000,33.9700,34.5000,4.07 M,06/01/17,0.3999999999999986,1.1730205278592334
CFG,34.3400,34.3900,33.4900,34.1000,5.85 M,05/31/17,-0.14999999999999858,-0.4379562043795579
CFG,34.4200,34.5100,34.1200,34.2500,6.64 M,05/30/17,-0.39000000000000057,-1.1258660508083158
CFG,34.5100,34.8200,34.3400,34.6400,4.87 M,05/26/17,0.07000000000000028,0.20248770610355882
CFG,34.7000,34.9700,34.4500,34.5700,3.95 M,05/25/17,-0.060000000000002274,-0.1732601790355249
CFG,35.1900,35.1900,34.4500,34.6300,4.15 M,05/24/17,-0.46000000000000085,-1.3109147905386174
CFG,34.6800,35.2900,34.4100,35.0900,4.38 M,05/23/17,0.5200000000000031,1.5041943881978685
CFG,34.7900,34.9600,34.2910,34.5700,4.21 M,05/22/17,0.0,0.0
CFG,34.6900,35.0100,34.4300,34.5700,5.27 M,05/19/17,0.10999999999999943,0.31921067904817013
CFG,34.3200,35.0300,34.3200,34.4600,6.11 M,05/18/17,-0.10999999999999943,-0.3181949667341609
CFG,35.4800,36.0700,34.3500,34.5700,9.94 M,05/17/17,-2.509999999999998,-6.76914778856526
CFG,37.0900,37.3100,36.7200,37.0800,3.49 M,05/16/17,0.05999999999999517,0.16207455429496262
CFG,36.7200,37.0800,36.6300,37.0200,3.53 M,05/15/17,0.37000000000000455,1.0095497953615404
CFG,36.8000,36.8000,36.0000,36.6500,3.35 M,05/12/17,-0.3500000000000014,-0.9459459459459498
CFG,37.0400,37.1750,36.5100,37.0000,2.63 M,05/11/17,-0.21000000000000085,-0.5643644181671617
CFG,37.0500,37.2500,36.8300,37.2100,2.50 M,05/10/17,0.030000000000001137,0.08068854222700682
CFG,37.4100,37.6900,37.0200,37.1800,2.62 M,05/09/17,-0.17999999999999972,-0.4817987152034254
CFG,37.0200,37.6200,37.0200,37.3600,2.76 M,05/08/17,0.39000000000000057,1.054909385988641
CFG,37.4200,37.4900,36.8300,36.9700,3.11 M,05/05/17,-0.37000000000000455,-0.990894483128025
CFG,37.6800,38.0100,37.2700,37.3400,3.84 M,05/04/17,0.13000000000000256,0.34936844934158173
CFG,36.6000,37.3000,36.4600,37.2100,3.54 M,05/03/17,0.36999999999999744,1.004343105320297
CFG,37.0900,37.3300,36.5300,36.8400,3.86 M,05/02/17,-0.28999999999999915,-0.7810395906275226
CFG,36.9900,37.4800,36.9000,37.1300,4.66 M,05/01/17,0.4200000000000017,1.144102424407523
CFG,36.7700,37.2500,36.5900,36.7100,7.82 M,04/28/17,-0.060000000000002274,-0.16317650258363411
CFG,36.8200,36.9400,36.2500,36.7700,7.43 M,04/27/17,-0.02999999999999403,-0.08152173913041857
CFG,36.3400,37.1000,36.3200,36.8000,5.83 M,04/26/17,0.3499999999999943,0.9602194787379816
CFG,36.4800,36.6500,36.1500,36.4500,7.08 M,04/25/17,0.6000000000000014,1.6736401673640207
CFG,36.0900,36.5700,35.6550,35.8500,7.97 M,04/24/17,0.9500000000000028,2.722063037249292
CFG,35.2800,35.5000,34.5250,34.9000,7.13 M,04/21/17,-0.37000000000000455,-1.0490501842926128
CFG,34.6500,35.7500,34.6500,35.2700,5.21 M,04/20/17,1.0500000000000043,3.068381063705448
CFG,34.0400,34.4867,33.8900,34.2200,7.39 M,04/19/17,0.519999999999996,1.543026706231442
CFG,33.6400,34.0900,33.3500,33.7000,4.82 M,04/18/17,-0.21999999999999886,-0.648584905660374
CFG,33.2800,33.9600,33.1350,33.9200,3.35 M,04/17/17,0.6799999999999997,2.045728038507821
CFG,33.5600,34.1400,33.2400,33.2400,3.88 M,04/13/17,-0.4899999999999949,-1.4527127186480728
CFG,34.2900,34.3400,33.5000,33.7300,4.05 M,04/12/17,-0.6500000000000057,-1.8906340895869855
CFG,34.1200,34.3800,33.6300,34.3800,4.16 M,04/11/17,0.0,0.0
CFG,34.6200,35.0900,34.2000,34.3800,3.94 M,04/10/17,-0.25,-0.721917412647993
CFG,34.5400,34.9100,34.3000,34.6300,3.75 M,04/07/17,-0.28999999999999915,-0.8304696449026321
CFG,34.3700,35.0400,34.1500,34.9200,3.10 M,04/06/17,0.5399999999999991,1.5706806282722487
CFG,35.3400,35.5500,34.3700,34.3800,4.95 M,04/05/17,-0.519999999999996,-1.4899713467048596
CFG,34.5700,35.1500,34.4000,34.9000,4.65 M,04/04/17,0.0799999999999983,0.22975301550832364
CFG,34.6400,35.0000,34.0900,34.8200,5.15 M,04/03/17,0.2700000000000031,0.7814761215629613
CFG,34.6700,35.0300,34.4100,34.5500,5.06 M,03/31/17,-0.3300000000000054,-0.946100917431208
CFG,34.5500,35.2500,34.3100,34.8800,5.52 M,03/30/17,0.39000000000000057,1.1307625398666297
CFG,35.0000,35.1800,33.8600,34.4900,11.16 M,03/29/17,-0.5399999999999991,-1.5415358264344823
CFG,34.0800,35.2900,34.0500,35.0300,4.38 M,03/28/17,0.7899999999999991,2.307242990654203
CFG,33.4500,34.3100,32.9900,34.2400,5.08 M,03/27/17,-0.269999999999996,-0.7823819182845437
CFG,34.7900,34.9300,34.0200,34.5100,4.92 M,03/24/17,-0.060000000000002274,-0.17356089094591343
CFG,34.3000,35.2700,34.0600,34.5700,4.74 M,03/23/17,0.14000000000000057,0.4066221318617501
CFG,34.1200,34.9000,33.4500,34.4300,7.07 M,03/22/17,0.07000000000000028,0.20372526193248044
CFG,36.5200,36.6100,34.2100,34.3600,7.59 M,03/21/17,-1.8699999999999974,-5.161468396356604
CFG,36.5000,36.6500,36.1000,36.2300,5.88 M,03/20/17,-0.39000000000000057,-1.0649918077553266
CFG,37.0500,37.2000,36.4200,36.6200,13.51 M,03/17/17,-0.480000000000004,-1.2938005390835687
CFG,37.0600,37.3100,36.7700,37.1000,3.36 M,03/16/17,0.3200000000000003,0.8700380641653079
CFG,37.4000,37.6300,36.6500,36.7800,5.34 M,03/15/17,-0.4099999999999966,-1.1024468943264227
CFG,37.2000,37.2600,36.7300,37.1900,3.38 M,03/14/17,-0.17999999999999972,-0.48166978860048093
CFG,37.5900,37.8700,37.2886,37.3700,4.18 M,03/13/17,-0.2700000000000031,-0.7173219978746098
CFG,38.0600,38.1400,36.9700,37.6400,4.47 M,03/10/17,-0.0899999999999963,-0.238536973230841
CFG,37.9900,38.2600,37.5400,37.7300,2.95 M,03/09/17,-0.12000000000000455,-0.31704095112286534
CFG,38.5700,38.6400,37.7700,37.8500,3.45 M,03/08/17,-0.11999999999999744,-0.31603897814063064
CFG,38.2200,38.3500,37.7600,37.9700,2.63 M,03/07/17,-0.30000000000000426,-0.7839038411288326
CFG,38.0700,38.4500,37.7500,38.2700,2.72 M,03/06/17,-0.03999999999999915,-0.10441138084050938
CFG,38.2400,38.5300,38.1300,38.3100,4.49 M,03/03/17,0.2600000000000051,0.6833114323259005
CFG,39.6800,39.7400,38.0100,38.0500,5.93 M,03/02/17,-1.5400000000000063,-3.889871179590821
CFG,38.4200,39.7500,38.3400,39.5900,7.13 M,03/01/17,2.220000000000006,5.9405940594059565
CFG,37.0000,37.4350,36.8200,37.3700,4.45 M,02/28/17,0.17999999999999972,0.48400107555794497
CFG,36.7700,37.2600,36.6600,37.1900,4.02 M,02/27/17,0.5399999999999991,1.4733969986357411
CFG,36.7500,37.1600,36.4600,36.6500,7.56 M,02/24/17,-0.6000000000000014,-1.610738255033561
CFG,37.8400,37.8600,36.7700,37.2500,5.96 M,02/23/17,-0.4200000000000017,-1.1149455800371693
CFG,37.8100,37.9400,37.5100,37.6700,5.25 M,02/22/17,-0.37999999999999545,-0.9986859395532076
CFG,38.0100,38.2300,37.6150,38.0500,4.62 M,02/21/17,0.20999999999999375,0.5549682875264105
CFG,37.7200,37.8400,37.4500,37.8400,5.50 M,02/17/17,-0.4099999999999966,-1.0718954248365924
CFG,38.1100,38.3950,37.9800,38.2500,2.76 M,02/16/17,-0.11999999999999744,-0.31274433150898473
CFG,38.1000,38.4300,37.7600,38.3700,3.84 M,02/15/17,0.39000000000000057,1.0268562401263839
CFG,36.9200,38.0700,36.7700,37.9800,5.15 M,02/14/17,1.0599999999999952,2.871072589382435
CFG,36.8100,37.2000,36.7100,36.9200,3.51 M,02/13/17,0.5,1.372872048325096
CFG,36.1500,36.5300,36.0900,36.4200,3.28 M,02/10/17,0.17999999999999972,0.4966887417218535
CFG,35.5800,36.2750,35.2100,36.2400,5.73 M,02/09/17,0.8900000000000006,2.5176803394625193
CFG,36.2500,36.2800,35.2400,35.3500,8.45 M,02/08/17,-1.240000000000002,-3.388904072150866
CFG,36.6000,36.8100,36.3250,36.5900,3.82 M,02/07/17,0.12000000000000455,0.3290375651220306
CFG,36.3100,36.9200,36.2100,36.4700,4.63 M,02/06/17,-0.3200000000000003,-0.8698015765153583
CFG,36.8100,36.9050,36.3600,36.7900,3.87 M,02/03/17,0.75,2.081021087680355
CFG,36.1900,36.2200,35.6500,36.0400,4.36 M,02/02/17,-0.45000000000000284,-1.2332145793368123
CFG,36.5400,37.1600,36.3850,36.4900,4.80 M,02/01/17,0.3200000000000003,0.8847110865358039
CFG,36.3300,36.8700,35.8700,36.1700,4.77 M,01/31/17,-0.35999999999999943,-0.9854913769504501
CFG,36.5400,36.7600,35.9000,36.5300,4.98 M,01/30/17,-0.46000000000000085,-1.243579345769129
CFG,37.4300,37.4800,36.8700,36.9900,4.28 M,01/27/17,-0.5499999999999972,-1.465103889184862
CFG,37.5100,37.9500,37.2100,37.5400,4.80 M,01/26/17,0.01999999999999602,0.053304904051162096
CFG,36.7600,37.5400,36.6730,37.5200,5.71 M,01/25/17,1.220000000000006,3.360881542699741
CFG,35.9600,36.4100,35.8750,36.3000,6.05 M,01/24/17,0.4099999999999966,1.1423794928949473
CFG,35.6000,35.9700,35.3800,35.8900,4.89 M,01/23/17,0.07000000000000028,0.19542155220547258
CFG,35.5600,36.1800,35.3000,35.8200,8.16 M,01/20/17,1.0900000000000034,3.1384969766772346
CFG,34.9300,35.4250,34.4100,34.7300,5.74 M,01/19/17,-0.2600000000000051,-0.7430694484138471
CFG,34.3600,35.0200,33.8000,34.9900,6.39 M,01/18/17,0.8700000000000045,2.54982415005863
CFG,35.8300,35.9100,33.9700,34.1200,8.47 M,01/17/17,-2.1700000000000017,-5.979608707632962
CFG,36.2000,36.9800,35.9000,36.2900,5.20 M,01/13/17,0.36999999999999744,1.030066815144759
CFG,36.1000,36.1400,35.1650,35.9200,3.96 M,01/12/17,-0.3500000000000014,-0.9649848359525818
CFG,36.1700,36.3700,35.8400,36.2700,4.27 M,01/11/17,-0.00999999999999801,-0.02756339581035835
CFG,35.8800,36.3700,35.8000,36.2800,3.73 M,01/10/17,0.6000000000000014,1.6816143497757887
CFG,35.6300,35.8300,35.1500,35.6800,3.04 M,01/09/17,-0.22999999999999687,-0.640490114174316
CFG,35.9100,36.0800,35.7100,35.9100,3.62 M,01/06/17,0.18999999999999773,0.5319148936170149
CFG,36.0200,36.2550,35.2250,35.7200,3.73 M,01/05/17,-0.45000000000000284,-1.244124965440981
CFG,36.0300,36.2500,35.8300,36.1700,4.35 M,01/04/17,0.3100000000000023,0.8644729503625272
CFG,36.4400,37.0800,35.5600,35.8600,5.05 M,01/03/17,0.22999999999999687,0.6455234353073165
CFG,35.3400,35.6700,35.1500,35.6300,3.39 M,12/30/16,0.3500000000000014,0.9920634920634961
CFG,35.9500,36.0200,35.2350,35.2800,3.78 M,12/29/16,-0.7199999999999989,-1.999999999999997
CFG,36.4800,36.5188,35.8800,36.0000,2.84 M,12/28/16,-0.46000000000000085,-1.261656609983546
CFG,36.3900,36.5600,36.1700,36.4600,1.94 M,12/27/16,0.13000000000000256,0.357830993669151
CFG,36.0200,36.3300,35.9100,36.3300,1.90 M,12/23/16,0.3299999999999983,0.916666666666662
CFG,36.0200,36.1600,35.8600,36.0000,3.79 M,12/22/16,-0.020000000000003126,-0.05552470849528907
CFG,36.0500,36.1000,35.6950,36.0200,2.90 M,12/21/16,-0.05999999999999517,-0.16629711751661633
CFG,35.7200,36.1300,35.5800,36.0800,3.43 M,12/20/16,0.7100000000000009,2.007350862312697
CFG,35.3000,35.4200,34.8610,35.3700,5.26 M,12/19/16,0.04999999999999716,0.14156285390712672
CFG,35.7100,36.0500,35.1200,35.3200,13.13 M,12/16/16,-0.0799999999999983,-0.22598870056496695
CFG,35.1200,35.8100,34.5800,35.4000,6.35 M,12/15/16,0.769999999999996,2.223505630955807
CFG,34.4300,35.8100,34.1600,34.6300,7.10 M,12/14/16,-0.1699999999999946,-0.4885057471264213
CFG,35.1500,35.2000,34.1300,34.8000,6.05 M,12/13/16,-0.21000000000000085,-0.5998286203941756
CFG,35.0800,35.6900,34.7600,35.0100,4.84 M,12/12/16,-0.5,-1.4080540692762602
CFG,35.5400,35.5900,34.8700,35.5100,4.75 M,12/09/16,-0.030000000000001137,-0.08441193021947421
CFG,35.3700,35.7500,34.7600,35.5400,6.60 M,12/08/16,0.4799999999999969,1.3690815744438016
CFG,34.7300,35.0800,34.1250,35.0600,6.27 M,12/07/16,0.35999999999999943,1.0374639769452432
CFG,34.6100,34.8100,34.2200,34.7000,4.59 M,12/06/16,0.5500000000000043,1.6105417276720477
CFG,34.5500,34.7500,33.8900,34.1500,6.61 M,12/05/16,0.0,0.0
CFG,34.5400,34.5400,33.8100,34.1500,5.88 M,12/02/16,-0.23000000000000398,-0.6689936009307852
CFG,33.8700,34.9100,33.8300,34.3800,7.61 M,12/01/16,0.8700000000000045,2.596239928379602
CFG,33.0500,33.7000,33.0500,33.5100,7.35 M,11/30/16,1.1199999999999974,3.4578573633837526
CFG,31.9600,32.5850,31.8600,32.3900,5.71 M,11/29/16,0.6099999999999994,1.919446192573944
CFG,32.1400,32.3600,31.6900,31.7800,5.53 M,11/28/16,-0.6799999999999997,-2.094886013555144
CFG,32.3900,32.4600,32.2500,32.4600,1.51 M,11/25/16,0.060000000000002274,0.18518518518519222
CFG,31.9900,32.6300,31.8200,32.4000,5.69 M,11/23/16,0.4799999999999969,1.5037593984962307
CFG,32.1700,32.2600,31.7750,31.9200,8.29 M,11/22/16,-0.00999999999999801,-0.031318509238954
CFG,32.2300,32.2300,31.7000,31.9300,4.59 M,11/21/16,-0.03999999999999915,-0.12511729746637207
CFG,31.8100,32.1350,31.6500,31.9700,8.23 M,11/18/16,0.23999999999999844,0.7563819728963077
CFG,30.7300,31.8000,30.6900,31.7300,9.74 M,11/17/16,1.0,3.254149040026033
CFG,30.3500,30.7900,30.2600,30.7300,7.47 M,11/16/16,-0.21000000000000085,-0.6787330316742108
CFG,30.5000,31.1650,30.0900,30.9400,10.09 M,11/15/16,0.060000000000002274,0.1943005181347224
CFG,30.1300,31.0100,30.0850,30.8800,14.67 M,11/14/16,1.0299999999999976,3.450586264656608
CFG,29.4200,30.0000,29.0500,29.8500,16.25 M,11/11/16,0.25,0.8445945945945945
CFG,28.6600,30.0000,28.6600,29.6000,12.03 M,11/10/16,1.4000000000000021,4.964539007092207
CFG,27.2900,28.4400,27.2000,28.2000,12.78 M,11/09/16,1.25,4.63821892393321
CFG,26.8200,27.1550,26.4600,26.9500,5.13 M,11/08/16,-0.40000000000000213,-1.462522851919569
CFG,26.9400,27.3700,26.9400,27.3500,5.13 M,11/07/16,0.9400000000000013,3.5592578568724016
CFG,26.2600,26.7600,25.9750,26.4100,3.64 M,11/04/16,0.14000000000000057,0.5329272934906759
CFG,26.2600,26.5050,26.1550,26.2700,4.93 M,11/03/16,0.16999999999999815,0.6513409961685752
CFG,26.6300,26.6600,25.8700,26.1000,8.42 M,11/02/16,-0.7399999999999984,-2.7570789865871776
CFG,26.5200,26.8500,26.3400,26.8400,7.87 M,11/01/16,0.5,1.8982536066818527
CFG,26.3800,26.5400,26.2500,26.3400,5.90 M,10/31/16,-0.010000000000001563,-0.03795066413662832
CFG,26.8700,26.8900,26.2100,26.3500,7.86 M,10/28/16,-0.5199999999999996,-1.9352437662820974
CFG,27.0600,27.2100,26.7700,26.8700,5.74 M,10/27/16,0.0,0.0
CFG,26.3700,26.8700,26.3400,26.8700,4.99 M,10/26/16,0.41000000000000014,1.5495086923658357
CFG,26.4000,26.5450,26.1900,26.4600,4.26 M,10/25/16,0.10999999999999943,0.4174573055028441
CFG,26.3600,26.4900,26.1700,26.3500,5.13 M,10/24/16,0.38000000000000256,1.4632268001540338
CFG,25.6800,26.0900,25.5000,25.9700,4.31 M,10/21/16,0.41999999999999815,1.643835616438349
CFG,25.1900,25.7400,25.1400,25.5500,6.62 M,10/20/16,0.25,0.9881422924901185
CFG,24.9300,25.4050,24.9300,25.3000,3.58 M,10/19/16,0.4499999999999993,1.8108651911468783
CFG,24.9300,24.9500,24.5600,24.8500,3.37 M,10/18/16,0.2700000000000031,1.098454027664781
CFG,24.8400,25.0000,24.4350,24.5800,3.49 M,10/17/16,-0.21000000000000085,-0.8471157724889102
CFG,24.9200,25.1000,24.6100,24.7900,3.60 M,10/14/16,0.2699999999999996,1.1011419249592151
CFG,24.9400,24.9550,24.2200,24.5200,4.79 M,10/13/16,-0.7300000000000004,-2.8910891089108928
CFG,24.9900,25.4850,24.9500,25.2500,4.08 M,10/12/16,0.28999999999999915,1.161858974358971
CFG,25.5400,25.7600,24.8300,24.9600,7.27 M,10/11/16,-0.5799999999999983,-2.270947533281121
CFG,25.7900,25.9090,25.4900,25.5400,3.13 M,10/10/16,0.03999999999999915,0.15686274509803588
CFG,25.7000,25.8000,25.2200,25.5000,4.94 M,10/07/16,-0.19000000000000128,-0.7395873880887555
CFG,25.5900,25.7900,25.3300,25.6900,3.92 M,10/06/16,0.120000000000001,0.4692999608916738
CFG,25.1500,25.6800,25.0500,25.5700,5.30 M,10/05/16,0.5800000000000018,2.320928371348547
CFG,24.6700,25.3400,24.6400,24.9900,5.96 M,10/04/16,0.389999999999997,1.5853658536585244
CFG,24.5700,24.7200,24.4200,24.6000,3.17 M,10/03/16,-0.10999999999999943,-0.4451639012545505
CFG,24.2800,24.8200,24.1200,24.7100,6.66 M,09/30/16,0.6600000000000001,2.744282744282745
CFG,24.4700,24.5900,23.8400,24.0500,5.07 M,09/29/16,-0.35999999999999943,-1.4748054076198256
CFG,24.3100,24.4700,23.8900,24.4100,8.70 M,09/28/16,0.10000000000000142,0.41135335252982896
CFG,23.9000,24.3300,23.8100,24.3100,3.87 M,09/27/16,0.34999999999999787,1.4607679465776204
CFG,24.1900,24.2700,23.8400,23.9600,4.71 M,09/26/16,-0.4499999999999993,-1.843506759524782
CFG,24.1600,24.5650,24.1100,24.4100,4.94 M,09/23/16,0.1700000000000017,0.7013201320132084
CFG,24.3900,24.4950,24.1600,24.2400,4.44 M,09/22/16,-0.07000000000000028,-0.28794734677087735
CFG,24.3500,24.5350,24.0800,24.3100,3.83 M,09/21/16,0.13999999999999702,0.5792304509722673
CFG,24.3900,24.4500,23.9750,24.1700,4.08 M,09/20/16,-0.019999999999999574,-0.08267879288962204
CFG,24.2700,24.5300,24.1100,24.1900,4.03 M,09/19/16,0.08999999999999986,0.373443983402489
CFG,24.2600,24.3200,23.9400,24.1000,8.75 M,09/16/16,-0.379999999999999,-1.5522875816993422
CFG,24.3100,24.6200,24.2600,24.4800,5.13 M,09/15/16,0.08000000000000185,0.327868852459024
CFG,24.6100,24.8200,24.3500,24.4000,4.67 M,09/14/16,-0.22000000000000242,-0.893582453290018
CFG,24.7200,24.7900,24.2200,24.6200,6.66 M,09/13/16,-0.4499999999999993,-1.7949740725967263
CFG,24.6000,25.1100,24.3300,25.0700,6.58 M,09/12/16,0.26000000000000156,1.0479645304312841
CFG,24.7300,25.0700,24.7000,24.8100,7.10 M,09/09/16,-0.11000000000000298,-0.4414125200642174
CFG,24.6200,24.9400,24.5050,24.9200,4.29 M,09/08/16,0.3500000000000014,1.4245014245014302
CFG,24.2400,24.6425,24.1500,24.5700,3.65 M,09/07/16,0.2699999999999996,1.1111111111111094
CFG,24.6700,24.7300,24.1650,24.3000,5.00 M,09/06/16,-0.379999999999999,-1.539708265802265
CFG,24.5900,24.8750,24.4100,24.6800,4.89 M,09/02/16,0.16000000000000014,0.652528548123981
CFG,24.8600,24.9600,24.2950,24.5200,4.63 M,09/01/16,-0.25,-1.0092854259184498
CFG,24.7500,24.8000,24.4250,24.7700,6.70 M,08/31/16,0.03999999999999915,0.16174686615446482
CFG,24.5200,24.8100,24.0800,24.7300,4.56 M,08/30/16,0.2699999999999996,1.1038430089942746
CFG,24.2000,24.6900,24.1800,24.4600,6.64 M,08/29/16,0.33999999999999986,1.4096185737976776
CFG,23.7000,24.1600,23.6400,24.1200,6.16 M,08/26/16,0.4800000000000004,2.03045685279188
CFG,23.4700,23.6950,23.3700,23.6400,2.29 M,08/25/16,0.15000000000000213,0.6385696040868546
CFG,23.5800,23.7500,23.4300,23.4900,4.03 M,08/24/16,-0.0400000000000027,-0.1699957501062588
CFG,23.6300,23.7599,23.5050,23.5300,4.70 M,08/23/16,0.030000000000001137,0.12765957446808995
CFG,23.5600,23.6200,23.3700,23.5000,3.14 M,08/22/16,-0.0799999999999983,-0.3392705682781947
CFG,23.3100,23.6200,23.2000,23.5800,2.95 M,08/19/16,0.18999999999999773,0.8123129542539449
CFG,23.4600,23.5950,23.3200,23.3900,3.80 M,08/18/16,-0.05000000000000071,-0.21331058020478116
CFG,23.3200,23.5400,23.3189,23.4400,4.24 M,08/17/16,0.05000000000000071,0.21376656690893847
CFG,23.3500,23.6650,23.3210,23.3900,4.76 M,08/16/16,-0.14999999999999858,-0.637213254035678
CFG,23.4200,23.6800,23.3500,23.5400,4.49 M,08/15/16,0.2699999999999996,1.160292221744734
CFG,23.2200,23.2900,22.9600,23.2700,3.08 M,08/12/16,-0.129999999999999,-0.5555555555555514
CFG,23.2900,23.5200,23.1475,23.4000,3.69 M,08/11/16,0.14999999999999858,0.6451612903225745
CFG,23.4500,23.5300,23.1600,23.2500,3.48 M,08/10/16,-0.23999999999999844,-1.0217113665389461
CFG,23.3800,23.5900,23.2800,23.4900,5.15 M,08/09/16,0.03999999999999915,0.17057569296374903
CFG,23.4900,23.6900,23.3800,23.4500,5.40 M,08/08/16,0.05999999999999872,0.25651988029071704
CFG,22.9500,23.4500,22.8600,23.3900,7.33 M,08/05/16,0.7800000000000011,3.4498009730207926
CFG,22.4500,22.7250,22.4500,22.6100,5.90 M,08/04/16,0.14999999999999858,0.6678539626001717
CFG,22.0700,22.4800,22.0000,22.4600,4.84 M,08/03/16,0.41000000000000014,1.859410430839003
CFG,22.1600,22.4400,21.9200,22.0500,5.92 M,08/02/16,-0.14999999999999858,-0.6756756756756693
CFG,22.2500,22.5250,22.1200,22.2000,4.85 M,08/01/16,-0.129999999999999,-0.5821764442454054
CFG,22.3700,22.7301,22.2800,22.3300,4.01 M,07/29/16,-0.120000000000001,-0.5345211581291804
CFG,22.5500,22.7300,22.3050,22.4500,6.20 M,07/28/16,-0.129999999999999,-0.5757307351638574
CFG,22.4700,22.7500,22.2500,22.5800,8.85 M,07/27/16,0.08999999999999986,0.4001778568252551
CFG,21.9900,22.5600,21.9100,22.4900,6.20 M,07/26/16,0.4599999999999973,2.08806173399908
CFG,21.7400,22.0700,21.7400,22.0300,5.91 M,07/25/16,0.23000000000000043,1.055045871559635
CFG,21.7500,22.0000,21.6100,21.8000,6.39 M,07/22/16,0.120000000000001,0.5535055350553552
CFG,22.2600,22.5000,21.5150,21.6800,12.97 M,07/21/16,0.35999999999999943,1.6885553470919297
CFG,21.0600,21.5300,20.8400,21.3200,8.47 M,07/20/16,0.28999999999999915,1.378982406086539
CFG,20.7700,21.1800,20.7700,21.0300,5.20 M,07/19/16,0.05000000000000071,0.23832221163012732
CFG,20.9400,21.0800,20.7400,20.9800,8.28 M,07/18/16,0.0,0.0
CFG,21.1400,21.2700,20.9500,20.9800,5.16 M,07/15/16,-0.00999999999999801,-0.047641734159113915
CFG,21.0000,21.3600,20.8200,20.9900,4.67 M,07/14/16,0.4299999999999997,2.091439688715952
CFG,20.3700,20.6050,20.2100,20.5600,3.95 M,07/13/16,0.11999999999999744,0.5870841487279718
CFG,20.4500,20.6900,20.3600,20.4400,6.52 M,07/12/16,0.3200000000000003,1.590457256461234
CFG,20.0300,20.2250,19.9400,20.1200,4.95 M,07/11/16,0.2699999999999996,1.3602015113350103
CFG,19.7900,20.0100,19.5250,19.8500,8.87 M,07/08/16,0.4299999999999997,2.214212152420184
CFG,18.9900,19.4400,18.9900,19.4200,8.14 M,07/07/16,0.43000000000000327,2.264349657714604
CFG,18.6500,19.0100,18.5800,18.9900,7.90 M,07/06/16,0.08999999999999986,0.4761904761904755
CFG,19.3100,19.3400,18.7300,18.9000,5.69 M,07/05/16,-0.75,-3.816793893129771
CFG,19.8800,19.9100,19.3800,19.6500,5.72 M,07/01/16,-0.33000000000000185,-1.6516516516516608
CFG,19.7700,20.1200,19.6300,19.9800,10.74 M,06/30/16,0.46000000000000085,2.3565573770491848
CFG,19.2500,19.5900,18.8600,19.5200,8.30 M,06/29/16,0.5500000000000007,2.8993147074327927
CFG,18.9100,19.2800,18.6150,18.9700,23.33 M,06/28/16,0.5299999999999976,2.8741865509761255
CFG,19.5600,19.5600,18.3400,18.4400,13.06 M,06/27/16,-1.509999999999998,-7.568922305764401
CFG,20.4700,20.8200,19.9500,19.9500,21.60 M,06/24/16,-2.1700000000000017,-9.810126582278489
CFG,21.7500,22.1300,21.6900,22.1200,5.34 M,06/23/16,0.75,3.509592887225082
CFG,21.5200,21.8200,21.3400,21.3700,4.14 M,06/22/16,-0.17999999999999972,-0.8352668213457063
CFG,21.3300,21.5900,21.0600,21.5500,6.22 M,06/21/16,0.240000000000002,1.1262318160488127
CFG,21.5300,21.8200,21.2500,21.3100,6.02 M,06/20/16,0.2099999999999973,0.9952606635070962
CFG,21.0000,21.2350,20.9200,21.1000,9.97 M,06/17/16,0.16000000000000014,0.7640878701050627
CFG,21.1600,21.1900,20.8300,20.9400,4.99 M,06/16/16,-0.41999999999999815,-1.9662921348314522
CFG,21.4400,21.8400,21.3000,21.3600,6.08 M,06/15/16,0.05000000000000071,0.23463162834350404
CFG,22.0100,22.1800,20.9400,21.3100,8.92 M,06/14/16,-0.7699999999999996,-3.4873188405797086
CFG,22.3100,22.7200,22.0500,22.0800,5.18 M,06/13/16,-0.38000000000000256,-1.6918967052537959
CFG,22.5500,22.6900,22.2700,22.4600,4.68 M,06/10/16,-0.41999999999999815,-1.8356643356643276
CFG,23.2600,23.2600,22.8100,22.8800,4.45 M,06/09/16,-0.5800000000000018,-2.4722932651321474
CFG,23.4900,23.6900,23.3600,23.4600,3.34 M,06/08/16,-0.019999999999999574,-0.08517887563883975
CFG,23.4600,23.7000,23.3200,23.4800,3.72 M,06/07/16,0.010000000000001563,0.04260758414998536
CFG,23.2400,23.6700,23.1500,23.4700,5.45 M,06/06/16,0.3299999999999983,1.4261019878997334
CFG,22.8300,23.2300,22.5200,23.1400,7.80 M,06/03/16,-0.6899999999999977,-2.895509861519084
CFG,23.5500,23.8800,23.2900,23.8300,3.51 M,06/02/16,0.22999999999999687,0.9745762711864274
CFG,23.2800,23.7100,22.9600,23.6000,3.95 M,06/01/16,0.05000000000000071,0.21231422505308156
CFG,23.7600,23.8100,23.3500,23.5500,6.73 M,05/31/16,-0.03999999999999915,-0.16956337431114518
CFG,23.4300,23.6200,23.2600,23.5900,3.51 M,05/27/16,0.23999999999999844,1.0278372591006357
CFG,23.6800,23.7100,23.2700,23.3500,4.66 M,05/26/16,-0.33999999999999986,-1.43520472773322
CFG,23.4000,23.8550,23.2600,23.6900,6.77 M,05/25/16,0.4400000000000013,1.8924731182795753
CFG,23.1200,23.5700,23.0300,23.2500,3.17 M,05/24/16,0.28000000000000114,1.218981279930349
CFG,22.9700,23.1100,22.7200,22.9700,2.94 M,05/23/16,-0.010000000000001563,-0.043516100957361026
CFG,22.9900,23.4100,22.8600,22.9800,3.93 M,05/20/16,0.08000000000000185,0.34934497816594695
CFG,22.9400,23.4850,22.6200,22.9000,4.82 M,05/19/16,-0.23000000000000043,-0.9943795936013854
CFG,21.7400,23.1400,21.7400,23.1300,9.87 M,05/18/16,1.3099999999999987,6.003666361136567
CFG,21.5900,22.0900,21.4600,21.8200,4.17 M,05/17/16,0.10999999999999943,0.5066789497927197
CFG,21.4200,21.9000,21.3000,21.7100,4.28 M,05/16/16,0.3100000000000023,1.4485981308411322
CFG,22.0000,22.2200,21.2500,21.4000,6.52 M,05/13/16,-0.360000000000003,-1.654411764705896
CFG,22.3600,22.4700,21.6000,21.7600,5.75 M,05/12/16,-0.4399999999999977,-1.9819819819819717
CFG,22.3600,22.6300,22.1900,22.2000,3.67 M,05/11/16,-0.16000000000000014,-0.7155635062611814
CFG,21.9400,22.5200,21.8200,22.3600,10.16 M,05/10/16,0.509999999999998,2.3340961098398076
CFG,22.0300,22.2200,21.8300,21.8500,2.71 M,05/09/16,-0.23999999999999844,-1.086464463558164
CFG,21.9100,22.2200,21.7700,22.0900,3.71 M,05/06/16,-0.019999999999999574,-0.0904568068747154
CFG,22.0000,22.2000,21.7800,22.1100,4.87 M,05/05/16,0.120000000000001,0.545702592087317
CFG,22.2500,22.3400,21.6350,21.9900,5.20 M,05/04/16,-0.5200000000000031,-2.310084406930267
CFG,22.6800,22.7500,22.2900,22.5100,3.87 M,05/03/16,-0.5499999999999972,-2.3850823937554084
CFG,22.8400,23.0900,22.5700,23.0600,3.12 M,05/02/16,0.2099999999999973,0.9190371991247146
CFG,23.0800,23.2600,22.7100,22.8500,5.32 M,04/29/16,-0.389999999999997,-1.6781411359724485
CFG,23.4000,23.6500,23.1350,23.2400,3.27 M,04/28/16,-0.38000000000000256,-1.6088060965283766
CFG,23.5200,23.8300,23.3450,23.6200,4.81 M,04/27/16,0.07000000000000028,0.2972399150743112
CFG,23.4800,23.6450,23.3300,23.5500,4.07 M,04/26/16,0.1700000000000017,0.7271171941830697
CFG,23.5800,23.6300,23.1300,23.3800,3.33 M,04/25/16,-0.240000000000002,-1.016088060965292
CFG,23.6200,23.7700,23.4800,23.6200,5.18 M,04/22/16,0.08999999999999986,0.3824904377390559
CFG,23.7400,24.2400,23.4800,23.5300,8.22 M,04/21/16,0.1700000000000017,0.7277397260274046
CFG,23.1300,23.4300,22.9900,23.3600,7.53 M,04/20/16,0.259999999999998,1.125541125541117
CFG,22.7300,23.3750,22.7300,23.1000,8.80 M,04/19/16,0.38000000000000256,1.672535211267617
CFG,22.4000,22.7700,22.2500,22.7200,3.60 M,04/18/16,0.16999999999999815,0.7538802660753798
CFG,22.7700,22.8800,22.4100,22.5500,5.02 M,04/15/16,-0.2699999999999996,-1.1831726555652917
CFG,22.5800,23.2800,22.4500,22.8200,5.94 M,04/14/16,0.21999999999999886,0.9734513274336233
CFG,21.7500,22.7400,21.6600,22.6000,6.20 M,04/13/16,1.0899999999999999,5.06741050674105
CFG,21.1600,21.5450,21.1400,21.5100,4.15 M,04/12/16,0.4700000000000024,2.233840304182521
CFG,21.0300,21.4500,21.0200,21.0400,2.85 M,04/11/16,0.16999999999999815,0.8145663632007578
CFG,20.9600,21.3500,20.7800,20.8700,5.45 M,04/08/16,0.08000000000000185,0.3848003848003937
CFG,21.1200,21.2500,20.5300,20.7900,6.30 M,04/07/16,-0.5500000000000007,-2.5773195876288693
CFG,20.7400,21.3600,20.5500,21.3400,6.86 M,04/06/16,0.5799999999999983,2.793834296724462
CFG,21.2800,21.3450,20.6900,20.7600,6.99 M,04/05/16,-0.75,-3.4867503486750344
CFG,21.3000,21.6500,21.1150,21.5100,4.72 M,04/04/16,0.16000000000000014,0.7494145199063238
CFG,20.9200,21.3800,20.6300,21.3500,4.56 M,04/01/16,0.40000000000000213,1.9093078758949984
CFG,21.2000,21.2100,20.7400,20.9500,4.95 M,03/31/16,-0.3000000000000007,-1.4117647058823564
CFG,21.2100,21.3550,20.9800,21.2500,6.10 M,03/30/16,0.05000000000000071,0.23584905660377695
CFG,21.2300,21.3800,20.7900,21.2000,6.00 M,03/29/16,-0.19000000000000128,-0.8882655446470373
CFG,21.6700,21.7300,21.2700,21.3900,3.61 M,03/28/16,-0.1999999999999993,-0.9263547938860551
CFG,21.4400,21.7000,21.2200,21.5900,3.91 M,03/24/16,-0.10000000000000142,-0.46104195481789495
CFG,21.9300,21.9650,21.5500,21.6900,3.02 M,03/23/16,-0.23999999999999844,-1.094391244870034
CFG,21.8600,22.0700,21.5600,21.9300,3.75 M,03/22/16,-0.07000000000000028,-0.31818181818181945
CFG,22.1100,22.2500,21.7300,22.0000,3.72 M,03/21/16,-0.0799999999999983,-0.36231884057970243
CFG,21.9300,22.2400,21.7600,22.0800,10.24 M,03/18/16,0.34999999999999787,1.6106764841233219
CFG,21.5000,21.8150,21.1300,21.7300,7.43 M,03/17/16,0.120000000000001,0.5552984729292041
CFG,22.0100,22.5500,21.5800,21.6100,8.26 M,03/16/16,-0.5800000000000018,-2.6137899954934736
CFG,21.8200,22.2200,21.6300,22.1900,5.75 M,03/15/16,0.10000000000000142,0.4526935264825777
CFG,21.8100,22.1600,21.6000,22.0900,4.86 M,03/14/16,0.17999999999999972,0.821542674577817
CFG,21.3400,21.9350,21.2900,21.9100,5.96 M,03/11/16,0.8999999999999986,4.283674440742496
CFG,20.8800,21.2300,20.5800,21.0100,5.18 M,03/10/16,0.3100000000000023,1.497584541062813
CFG,21.1000,21.2300,20.5600,20.7000,5.65 M,03/09/16,-0.22000000000000242,-1.0516252390057477
CFG,21.2600,21.2600,20.5300,20.9200,9.76 M,03/08/16,-0.6099999999999994,-2.8332559219693425
CFG,21.7000,21.8600,21.4100,21.5300,6.16 M,03/07/16,-0.3999999999999986,-1.8239854081167286
CFG,21.6400,22.2300,21.5850,21.9300,7.15 M,03/04/16,0.48999999999999844,2.2854477611940225
CFG,20.8500,21.5599,20.8200,21.4400,8.73 M,03/03/16,0.4800000000000004,2.2900763358778646
CFG,20.2400,21.0950,20.1600,20.9600,8.91 M,03/02/16,0.6900000000000013,3.404045387271837
CFG,19.3300,20.2800,19.3150,20.2700,7.86 M,03/01/16,1.0399999999999991,5.4082163286531415
CFG,19.6600,19.8000,19.1800,19.2300,4.25 M,02/29/16,-0.509999999999998,-2.583586626139808
CFG,19.3000,20.1100,18.9900,19.7400,11.22 M,02/26/16,0.5599999999999987,2.9197080291970736
CFG,19.0200,19.2200,18.8300,19.1800,6.75 M,02/25/16,0.17999999999999972,0.9473684210526301
CFG,19.0000,19.1600,18.7750,19.0000,5.75 M,02/24/16,-0.370000000000001,-1.9101703665462104
CFG,19.7300,19.8100,19.0950,19.3700,6.18 M,02/23/16,-0.4299999999999997,-2.1717171717171704
CFG,19.5700,19.8200,19.4400,19.8000,4.79 M,02/22/16,0.5600000000000023,2.9106029106029228
CFG,19.1100,19.3000,18.8850,19.2400,4.54 M,02/19/16,0.129999999999999,0.6802721088435322
CFG,19.6700,19.8100,18.9600,19.1100,7.98 M,02/18/16,-0.5399999999999991,-2.748091603053431
CFG,19.5900,20.2500,19.4500,19.6500,9.44 M,02/17/16,0.28999999999999915,1.4979338842975163
CFG,19.1500,19.7550,18.9000,19.3600,8.90 M,02/16/16,0.46999999999999886,2.4880889359449383
CFG,18.6000,18.9900,18.3200,18.8900,9.36 M,02/12/16,0.75,4.134509371554575
CFG,18.4500,18.6500,18.0400,18.1400,8.39 M,02/11/16,-0.7199999999999989,-3.8176033934252325
CFG,19.6300,19.7600,18.7950,18.8600,10.45 M,02/10/16,-0.6900000000000013,-3.529411764705889
CFG,18.9300,19.6100,18.8900,19.5500,10.51 M,02/09/16,0.3500000000000014,1.822916666666674
CFG,19.5200,19.7400,18.9500,19.2000,10.23 M,02/08/16,-0.6500000000000021,-3.2745591939546705
CFG,20.2600,20.6200,19.7600,19.8500,8.11 M,02/05/16,-0.379999999999999,-1.8783984181908007
CFG,20.0400,20.5500,19.8900,20.2300,9.25 M,02/04/16,0.17999999999999972,0.8977556109725672
CFG,20.2700,20.3050,19.2500,20.0500,14.34 M,02/03/16,-0.16000000000000014,-0.7916872835230091
CFG,20.5100,20.6200,20.0800,20.2100,12.99 M,02/02/16,-0.5700000000000003,-2.743022136669876
CFG,21.1100,21.2100,20.5600,20.7800,10.62 M,02/01/16,-0.46999999999999886,-2.2117647058823477
CFG,21.8800,21.9500,21.2500,21.2500,94.88 M,01/29/16,-0.48999999999999844,-2.2539098436062486
CFG,21.5000,21.8500,21.1400,21.7400,21.32 M,01/28/16,0.5299999999999976,2.4988213107024873
CFG,20.9800,21.6100,20.8000,21.2100,33.94 M,01/27/16,0.9200000000000017,4.53425332676196
CFG,19.9700,20.5700,19.9700,20.2900,16.25 M,01/26/16,0.5,2.5265285497726127
CFG,20.7800,20.9150,19.7300,19.7900,12.60 M,01/25/16,-0.990000000000002,-4.7641963426371605
CFG,21.6500,21.8000,19.7500,20.7800,23.18 M,01/22/16,-0.5499999999999972,-2.578527894983578
CFG,21.6300,21.8400,21.1250,21.3300,9.82 M,01/21/16,-0.2700000000000031,-1.2500000000000144
CFG,21.8700,21.9700,21.0000,21.6000,11.16 M,01/20/16,-0.629999999999999,-2.8340080971659876
CFG,22.6000,22.7050,22.0400,22.2300,9.79 M,01/19/16,-0.08999999999999986,-0.40322580645161227
CFG,22.1900,22.4700,21.7000,22.3200,12.94 M,01/15/16,-0.5799999999999983,-2.5327510917030494
CFG,23.3400,23.3800,22.6000,22.9000,9.37 M,01/14/16,-0.3200000000000003,-1.3781223083548677
CFG,24.0800,24.1500,22.9550,23.2200,8.08 M,01/13/16,-0.6799999999999997,-2.8451882845188274
CFG,24.1000,24.1500,23.5900,23.9000,7.08 M,01/12/16,0.0,0.0
CFG,24.1800,24.2400,23.6700,23.9000,6.98 M,01/11/16,0.0799999999999983,0.3358522250209836
CFG,24.8100,24.8800,23.6600,23.8200,10.58 M,01/08/16,-0.7699999999999996,-3.1313542090280584
CFG,24.7900,24.9150,24.3000,24.5900,4.98 M,01/07/16,-0.6900000000000013,-2.7294303797468404
CFG,25.3000,25.5300,25.1500,25.2800,5.42 M,01/06/16,-0.3999999999999986,-1.5576323987538885
CFG,25.7700,25.9500,25.5200,25.6800,6.39 M,01/05/16,-0.120000000000001,-0.46511627906977127
CFG,25.7100,25.9900,25.4550,25.8000,5.60 M,01/04/16,-0.39000000000000057,-1.4891179839633468
CFG,26.2200,26.4900,26.1400,26.1900,2.31 M,12/31/15,-0.10999999999999943,-0.41825095057034
CFG,26.4900,26.6600,26.2600,26.3000,2.06 M,12/30/15,-0.3200000000000003,-1.2021036814425254
CFG,26.5400,26.8050,26.4900,26.6200,2.87 M,12/29/15,0.21000000000000085,0.795153351003411
CFG,26.4400,26.4700,26.0800,26.4100,2.24 M,12/28/15,-0.19000000000000128,-0.7142857142857191
CFG,26.4500,26.6800,26.3700,26.6000,1.07 M,12/24/15,0.08000000000000185,0.30165912518854393
CFG,26.3500,26.5400,26.1700,26.5200,3.89 M,12/23/15,0.2699999999999996,1.028571428571427
CFG,26.1600,26.4600,25.7000,26.2500,5.39 M,12/22/15,0.21999999999999886,0.8451786400307294
CFG,26.1400,26.3400,25.7310,26.0300,4.15 M,12/21/15,0.13000000000000256,0.5019305019305118
CFG,26.3900,26.4500,25.8400,25.9000,10.14 M,12/18/15,-0.5800000000000018,-2.1903323262839947
CFG,26.9100,27.0800,26.4250,26.4800,5.40 M,12/17/15,-0.4299999999999997,-1.597918989223336
CFG,26.7500,27.0200,25.9300,26.9100,9.25 M,12/16/15,0.370000000000001,1.3941220798794312
CFG,26.1800,26.7000,26.0400,26.5400,5.45 M,12/15/15,0.8200000000000003,3.188180404354589
CFG,25.7400,25.9600,25.4000,25.7200,5.12 M,12/14/15,0.10999999999999943,0.42951971885981816
CFG,25.9600,26.1700,25.3700,25.6100,6.50 M,12/11/15,-0.6900000000000013,-2.623574144486697
CFG,26.1000,26.5700,26.0400,26.3000,3.56 M,12/10/15,0.1999999999999993,0.7662835249042118
CFG,26.3300,26.7400,25.7900,26.1000,6.76 M,12/09/15,-0.3099999999999987,-1.1737978038621686
CFG,26.2500,26.5500,26.0900,26.4100,4.66 M,12/08/15,-0.10000000000000142,-0.37721614485100496
CFG,27.1000,27.1700,26.3650,26.5100,5.34 M,12/07/15,-0.6099999999999994,-2.2492625368731543
CFG,26.6900,27.1400,26.4600,27.1200,5.48 M,12/04/15,0.6500000000000021,2.455610124669445
CFG,26.8300,26.8400,26.3800,26.4700,10.03 M,12/03/15,-0.1700000000000017,-0.6381381381381446
CFG,26.7500,26.8600,26.4600,26.6400,10.32 M,12/02/15,0.14000000000000057,0.5283018867924549
CFG,26.8100,26.8700,26.2800,26.5000,6.00 M,12/01/15,-0.129999999999999,-0.4881712354487383
CFG,26.4300,26.6500,26.2550,26.6300,9.73 M,11/30/15,0.23999999999999844,0.9094353921940069
CFG,26.2300,26.5000,26.1450,26.3900,2.25 M,11/27/15,0.129999999999999,0.4950495049504912
CFG,26.1300,26.2800,25.9370,26.2600,4.38 M,11/25/15,0.13000000000000256,0.49751243781095505
CFG,25.6400,26.1500,25.5100,26.1300,4.96 M,11/24/15,0.39000000000000057,1.5151515151515174
CFG,25.9700,26.1800,25.6700,25.7400,4.37 M,11/23/15,-0.28000000000000114,-1.0760953112990053
CFG,26.3100,26.3100,25.8700,26.0200,3.10 M,11/20/15,-0.10000000000000142,-0.38284839203675886
CFG,26.1000,26.2400,25.9000,26.1200,3.42 M,11/19/15,-0.0799999999999983,-0.3053435114503752
CFG,25.7300,26.2200,25.6100,26.2000,5.74 M,11/18/15,0.5999999999999979,2.3437499999999916
CFG,25.7200,25.9100,25.5200,25.6000,4.46 M,11/17/15,-0.0799999999999983,-0.3115264797507722
CFG,25.6000,25.7200,25.2700,25.6800,6.91 M,11/16/15,0.14999999999999858,0.5875440658049298
CFG,25.4900,25.6000,25.2200,25.5300,9.83 M,11/13/15,0.019999999999999574,0.07840062720501596
CFG,25.7500,25.9500,25.4900,25.5100,8.34 M,11/12/15,-0.5799999999999983,-2.223073974702945
CFG,26.0000,26.1300,25.8900,26.0900,6.58 M,11/11/15,0.08999999999999986,0.3461538461538456
CFG,25.8700,26.0900,25.7700,26.0000,14.27 M,11/10/15,0.129999999999999,0.5025125628140665
CFG,25.7300,26.0500,25.4800,25.8700,10.01 M,11/09/15,0.14000000000000057,0.5441119315973594
CFG,25.4700,25.9700,25.1200,25.7300,16.32 M,11/06/15,1.120000000000001,4.550995530272251
CFG,24.4700,24.9300,24.4400,24.6100,10.04 M,11/05/15,0.0799999999999983,0.3261312678352967
CFG,24.5500,24.7400,24.2000,24.5300,11.12 M,11/04/15,0.10999999999999943,0.45045045045044807
CFG,24.4600,24.6200,24.1400,24.4200,6.33 M,11/03/15,-0.029999999999997584,-0.1226993865030576
CFG,24.5800,24.7000,24.1200,24.4500,14.76 M,11/02/15,0.14999999999999858,0.617283950617278
CFG,23.7500,24.3900,23.7300,24.3000,50.06 M,10/30/15,0.19000000000000128,0.7880547490667826
CFG,24.1800,24.4300,24.0100,24.1100,4.37 M,10/29/15,-0.07000000000000028,-0.28949545078577454
CFG,23.5200,24.4400,23.5200,24.1800,5.54 M,10/28/15,0.6499999999999986,2.762430939226513
CFG,23.4200,23.8000,23.2700,23.5300,4.04 M,10/27/15,-0.07000000000000028,-0.29661016949152663
CFG,24.2500,24.4900,23.5600,23.6000,4.69 M,10/26/15,-0.6199999999999974,-2.5598678777869424
CFG,23.5500,24.3000,23.2100,24.2200,9.49 M,10/23/15,1.3499999999999979,5.902929602098809
CFG,23.2600,23.6200,22.8700,22.8700,9.98 M,10/22/15,-0.3000000000000007,-1.29477772982305
CFG,23.4800,23.8650,23.1700,23.1700,3.92 M,10/21/15,-0.21999999999999886,-0.940572894399311
CFG,23.2300,23.6000,23.1600,23.3900,4.08 M,10/20/15,0.16000000000000014,0.6887645286267763
CFG,23.2000,23.4900,23.0300,23.2300,3.85 M,10/19/15,0.010000000000001563,0.04306632213609631
CFG,23.6200,23.7800,23.2200,23.2200,4.21 M,10/16/15,-0.3000000000000007,-1.2755102040816357
CFG,23.0400,23.5900,22.9400,23.5200,3.08 M,10/15/15,0.6099999999999994,2.662592754255781
CFG,23.3500,23.4900,22.7900,22.9100,2.97 M,10/14/15,-0.5500000000000007,-2.3444160272804804
CFG,23.5000,23.6200,23.3800,23.4600,2.28 M,10/13/15,-0.09999999999999787,-0.4244482173174782
CFG,23.4600,23.6900,23.3900,23.5600,1.95 M,10/12/15,0.09999999999999787,0.42625745950553223
CFG,23.4900,23.8200,23.3600,23.4600,3.65 M,10/09/15,-0.05999999999999872,-0.2551020408163211
CFG,23.4300,23.6400,23.2400,23.5200,4.25 M,10/08/15,0.0799999999999983,0.34129692832763775
CFG,23.5200,23.5650,23.1800,23.4400,4.53 M,10/07/15,0.08000000000000185,0.34246575342466545
CFG,23.6600,23.8300,23.3000,23.3600,3.62 M,10/06/15,-0.35999999999999943,-1.5177065767284967
CFG,23.6400,23.8300,23.3200,23.7200,6.64 M,10/05/15,0.3099999999999987,1.324220418624514
CFG,22.9900,23.4800,22.4800,23.4100,7.92 M,10/02/15,-0.08999999999999986,-0.3829787234042547
CFG,23.7500,24.0200,23.3700,23.5000,3.21 M,10/01/15,-0.35999999999999943,-1.5088013411567454
CFG,23.6600,25.2300,23.3900,23.8600,5.61 M,09/30/15,0.6400000000000006,2.7562446167097354
CFG,22.7600,23.4400,22.5650,23.2200,5.98 M,09/29/15,0.5899999999999999,2.607158638974812
CFG,23.4000,23.5600,22.6000,22.6300,5.40 M,09/28/15,-0.9800000000000004,-4.150783566285474
CFG,23.6300,23.8200,23.4800,23.6100,4.08 M,09/25/15,0.370000000000001,1.592082616179006
CFG,23.0600,23.3200,23.0000,23.2400,3.50 M,09/24/15,-0.10000000000000142,-0.4284490145672726
CFG,23.7500,23.7900,23.2750,23.3400,3.66 M,09/23/15,-0.26000000000000156,-1.101694915254244
CFG,23.5000,23.6700,23.4200,23.6000,2.22 M,09/22/15,-0.29999999999999716,-1.2552301255230007
CFG,23.9500,24.1400,23.7200,23.9000,3.42 M,09/21/15,0.14999999999999858,0.631578947368415
CFG,23.6900,23.9900,23.2200,23.7500,11.03 M,09/18/15,-0.28999999999999915,-1.2063227953410947
CFG,24.8400,24.9600,23.6800,24.0400,5.43 M,09/17/15,-0.8399999999999999,-3.37620578778135
CFG,24.9300,25.0600,24.6350,24.8800,3.54 M,09/16/15,-0.15000000000000213,-0.5992808629644512
CFG,24.4500,25.1400,24.4220,25.0300,2.88 M,09/15/15,0.620000000000001,2.5399426464563746
CFG,24.2800,24.6700,24.2500,24.4100,2.46 M,09/14/15,0.08999999999999986,0.3700657894736836
CFG,24.3000,24.5400,24.0600,24.3200,3.54 M,09/11/15,-0.120000000000001,-0.49099836333879293
CFG,24.3000,24.6358,24.2200,24.4400,2.01 M,09/10/15,0.0400000000000027,0.16393442622951926
CFG,24.7800,24.9900,24.3650,24.4000,3.95 M,09/09/15,-0.23000000000000043,-0.9338205440519709
CFG,24.6000,24.6300,24.2150,24.6300,3.48 M,09/08/15,0.5399999999999991,2.2415940224159367
CFG,24.2400,24.4300,23.9600,24.0900,2.30 M,09/04/15,-0.41000000000000014,-1.6734693877551026
CFG,24.3000,24.7900,24.2100,24.5000,3.09 M,09/03/15,0.370000000000001,1.533360961458769
CFG,23.9800,24.3300,23.4400,24.1300,5.66 M,09/02/15,0.4399999999999977,1.8573237653018053
CFG,24.4700,24.5900,23.5200,23.6900,5.05 M,09/01/15,-1.129999999999999,-4.5527800161160314
CFG,24.6200,24.9400,24.5000,24.8200,3.55 M,08/31/15,0.129999999999999,0.526528959092746
CFG,24.6700,24.8850,24.3700,24.6900,3.10 M,08/28/15,0.21000000000000085,0.8578431372549055
CFG,24.6500,24.9900,24.3700,24.4800,5.25 M,08/27/15,0.28999999999999915,1.1988424968995417
CFG,24.0000,24.4500,23.4500,24.1900,6.36 M,08/26/15,1.0899999999999999,4.718614718614718
CFG,23.8000,24.0800,23.0700,23.1000,5.61 M,08/25/15,0.07000000000000028,0.3039513677811562
CFG,23.5800,24.1000,21.1400,23.0300,8.45 M,08/24/15,-1.5399999999999991,-6.2678062678062645
CFG,25.0200,25.1100,24.5700,24.5700,4.20 M,08/21/15,-0.759999999999998,-3.000394788787991
CFG,26.0500,26.2900,25.3300,25.3300,3.19 M,08/20/15,-0.9300000000000033,-3.5415079969535537
CFG,26.4300,26.5700,26.2300,26.2600,4.32 M,08/19/15,-0.29999999999999716,-1.129518072289146
CFG,26.2900,26.5800,26.1900,26.5600,2.42 M,08/18/15,0.2799999999999976,1.065449010654481
CFG,26.3100,26.4800,26.0800,26.2800,1.75 M,08/17/15,-0.09999999999999787,-0.3790750568612505
CFG,26.2600,26.4200,26.1300,26.3800,2.00 M,08/14/15,0.17999999999999972,0.6870229007633577
CFG,26.0000,26.3000,25.9750,26.2000,4.32 M,08/13/15,0.16999999999999815,0.6530925854782872
CFG,26.7800,26.7900,25.7400,26.0300,6.98 M,08/12/15,-0.8099999999999987,-3.017883755588669
CFG,27.0000,27.1900,26.7000,26.8400,4.91 M,08/11/15,-0.3500000000000014,-1.287237955130568
CFG,27.0100,27.2600,26.9000,27.1900,4.44 M,08/10/15,0.490000000000002,1.8352059925093709
CFG,26.5300,26.8200,26.3100,26.7000,8.97 M,08/07/15,0.05000000000000071,0.18761726078799518
CFG,26.7700,26.8400,26.4300,26.6500,4.04 M,08/06/15,-0.010000000000001563,-0.03750937734434195
CFG,26.4900,26.8400,26.4100,26.6600,6.48 M,08/05/15,0.39000000000000057,1.484583174724022
CFG,26.0500,26.4400,25.9000,26.2700,5.12 M,08/04/15,0.23999999999999844,0.9220130618517035
CFG,26.1800,26.5000,26.0000,26.0300,6.98 M,08/03/15,-0.03999999999999915,-0.15343306482546662
CFG,26.5600,26.6000,25.9800,26.0700,9.40 M,07/31/15,-0.41999999999999815,-1.5855039637599024
CFG,26.0300,26.6299,25.6000,26.4900,17.81 M,07/30/15,0.48999999999999844,1.8846153846153786
CFG,26.1000,26.3300,26.0000,26.0000,59.75 M,07/29/15,-0.1700000000000017,-0.6495987772258376
CFG,25.8000,26.3600,25.7400,26.1700,5.63 M,07/28/15,0.23000000000000043,0.8866615265998474
CFG,26.0200,26.1300,25.6800,25.9400,2.54 M,07/27/15,-0.2099999999999973,-0.8030592734225519
CFG,26.4800,26.6500,26.1200,26.1500,1.99 M,07/24/15,-0.3000000000000007,-1.1342155009451822
CFG,27.0600,27.3000,26.3700,26.4500,3.08 M,07/23/15,-0.5899999999999999,-2.1819526627218933
CFG,26.6900,27.2550,26.6140,27.0400,3.83 M,07/22/15,0.3200000000000003,1.197604790419163
CFG,26.5300,27.5800,25.4800,26.7200,10.37 M,07/21/15,-1.240000000000002,-4.434907010014313
CFG,27.9300,28.1700,27.8700,27.9600,4.13 M,07/20/15,0.05000000000000071,0.17914725904693912
CFG,28.0800,28.1825,27.8400,27.9100,3.13 M,07/17/15,-0.1999999999999993,-0.7114905727499086
CFG,27.8900,28.1500,27.7100,28.1100,2.24 M,07/16/15,0.3099999999999987,1.11510791366906
CFG,27.7500,28.0000,27.6200,27.8000,2.36 M,07/15/15,0.25,0.9074410163339383
CFG,27.3000,27.5800,27.2300,27.5500,3.36 M,07/14/15,0.3000000000000007,1.100917431192663
CFG,27.5000,27.7000,27.1900,27.2500,2.08 M,07/13/15,-0.05000000000000071,-0.18315018315018575
CFG,27.2500,27.3500,27.0500,27.3000,1.77 M,07/10/15,0.3200000000000003,1.1860637509266134
CFG,26.9100,27.0300,26.8000,26.9800,2.20 M,07/09/15,0.33999999999999986,1.2762762762762758
CFG,26.5800,26.7100,26.4600,26.6400,3.60 M,07/08/15,-0.09999999999999787,-0.3739715781600519
CFG,27.0100,27.0400,26.4400,26.7400,3.58 M,07/07/15,-0.2700000000000031,-0.9996297667530659
CFG,26.9300,27.0400,26.6700,27.0100,3.39 M,07/06/15,-0.13999999999999702,-0.5156537753222726
CFG,27.4300,27.4700,26.9200,27.1500,2.16 M,07/02/15,-0.2900000000000027,-1.0568513119533625
CFG,27.5300,27.7400,27.3400,27.4400,2.84 M,07/01/15,0.13000000000000256,0.4760161113145462
CFG,27.2100,27.8700,26.9850,27.3100,5.55 M,06/30/15,0.379999999999999,1.411065725956179
CFG,27.2100,27.3900,26.8000,26.9300,3.02 M,06/29/15,-0.6099999999999994,-2.214960058097311
CFG,27.3700,27.6150,27.2600,27.5400,9.59 M,06/26/15,0.16000000000000014,0.58436815193572
CFG,27.9500,28.0400,27.2800,27.3800,5.01 M,06/25/15,-0.6700000000000017,-2.388591800356512
CFG,28.1000,28.3200,27.9850,28.0500,2.68 M,06/24/15,-0.14000000000000057,-0.4966300106420736
CFG,28.3800,28.5300,28.0600,28.1900,5.11 M,06/23/15,-0.0799999999999983,-0.2829854969932731
CFG,28.3900,28.5400,28.1700,28.2700,3.70 M,06/22/15,0.0799999999999983,0.2837885775097492
CFG,28.1200,28.4600,28.0200,28.1900,29.23 M,06/19/15,0.120000000000001,0.4275026718917029
CFG,28.0000,28.1200,27.6000,28.0700,6.17 M,06/18/15,0.16000000000000014,0.5732712289501976
CFG,28.3300,28.4100,27.8400,27.9100,6.83 M,06/17/15,-0.33999999999999986,-1.203539823008849
CFG,27.8500,28.2900,27.7300,28.2500,5.02 M,06/16/15,0.33999999999999986,1.2182013615191682
CFG,27.3700,27.9900,27.3600,27.9100,6.18 M,06/15/15,0.370000000000001,1.3435003631082099
CFG,27.5000,27.6400,27.3300,27.5400,8.41 M,06/12/15,0.019999999999999574,0.07267441860464961
CFG,28.0900,28.1700,27.4600,27.5200,10.33 M,06/11/15,-0.4800000000000004,-1.7142857142857157
CFG,28.2000,28.3100,27.8300,28.0000,7.65 M,06/10/15,-0.0799999999999983,-0.28490028490027886
CFG,28.0100,28.0900,27.3000,28.0800,8.31 M,06/09/15,0.03999999999999915,0.14265335235377727
CFG,28.3900,28.7100,28.0000,28.0400,12.00 M,06/08/15,-0.28000000000000114,-0.9887005649717554
CFG,27.7900,28.3500,27.3000,28.3200,7.05 M,06/05/15,0.5700000000000003,2.0540540540540553
CFG,27.5300,27.8700,27.5300,27.7500,6.12 M,06/04/15,0.129999999999999,0.4706734250543049
CFG,27.2900,27.6700,27.2400,27.6200,6.36 M,06/03/15,0.4299999999999997,1.5814637734461188
CFG,27.0000,27.3400,26.9500,27.1900,3.80 M,06/02/15,0.240000000000002,0.8905380333951837
CFG,26.9100,27.0250,26.7200,26.9500,4.06 M,06/01/15,0.10999999999999943,0.4098360655737684
CFG,26.8900,26.9500,26.5650,26.8400,11.66 M,05/29/15,0.010000000000001563,0.03727171077153024
CFG,26.7700,26.9200,26.5800,26.8300,3.07 M,05/28/15,0.05999999999999872,0.2241314904744069
CFG,26.7650,26.9200,26.5900,26.7700,4.42 M,05/27/15,0.07000000000000028,0.26217228464419584
CFG,26.8700,26.9900,26.6600,26.7000,5.93 M,05/26/15,-0.22000000000000242,-0.8172362555720744
CFG,26.8300,26.9900,26.7000,26.9200,3.19 M,05/22/15,0.08000000000000185,0.29806259314456723
CFG,26.7600,26.9100,26.4600,26.8400,5.40 M,05/21/15,0.08999999999999986,0.3364485981308406
CFG,26.6500,26.9500,26.6400,26.7500,3.43 M,05/20/15,-0.10999999999999943,-0.40953090096798
CFG,26.0200,26.8900,25.9400,26.8600,3.28 M,05/19/15,0.5599999999999987,2.129277566539919
CFG,25.9900,26.3800,25.8900,26.3000,2.18 M,05/18/15,0.370000000000001,1.4269186270728924
CFG,26.4500,26.5820,25.9000,25.9300,2.27 M,05/15/15,-0.5500000000000007,-2.077039274924474
CFG,26.4800,26.5900,26.1400,26.4800,2.56 M,05/14/15,0.25,0.9531071292413267
CFG,26.2900,26.4100,25.9900,26.2300,3.53 M,05/13/15,0.08000000000000185,0.30592734225622126
CFG,26.0200,26.2500,25.9600,26.1500,3.53 M,05/12/15,0.0799999999999983,0.30686612965093324
CFG,25.8300,26.1900,25.8300,26.0700,4.88 M,05/11/15,0.26000000000000156,1.0073614877954342
CFG,26.1900,26.2420,25.5700,25.8100,3.30 M,05/08/15,-0.14000000000000057,-0.5394990366088654
CFG,25.8200,25.9600,25.6100,25.9500,3.00 M,05/07/15,0.09999999999999787,0.3868471953578254
CFG,26.2900,26.4320,25.7800,25.8500,2.61 M,05/06/15,-0.389999999999997,-1.4862804878048668
CFG,26.2300,26.4700,26.1400,26.2400,2.16 M,05/05/15,-0.060000000000002274,-0.2281368821292862
CFG,26.0500,26.3800,25.9700,26.3000,1.63 M,05/04/15,0.3200000000000003,1.2317167051578148
CFG,26.1500,26.3020,25.9100,25.9800,2.09 M,05/01/15,-0.07000000000000028,-0.26871401151631585
CFG,25.9900,26.1800,25.6800,26.0500,2.70 M,04/30/15,-0.03999999999999915,-0.15331544653123474
CFG,25.6300,26.2900,25.6000,26.0900,3.52 M,04/29/15,0.3099999999999987,1.2024825446082184
CFG,25.5300,25.8250,25.3900,25.7800,2.56 M,04/28/15,0.3000000000000007,1.1773940345368945
CFG,25.7000,25.8400,25.4800,25.4800,4.84 M,04/27/15,-0.08999999999999986,-0.3519749706687519
CFG,25.6600,25.7200,25.2800,25.5700,1.92 M,04/24/15,-0.07000000000000028,-0.27301092043681857
CFG,25.6600,25.7400,25.2800,25.6400,2.45 M,04/23/15,0.15000000000000213,0.5884660651235862
CFG,25.5000,25.9800,24.9200,25.4900,3.56 M,04/22/15,0.4499999999999993,1.797124600638975
CFG,25.1900,25.4600,24.9600,25.0400,3.49 M,04/21/15,-0.07000000000000028,-0.2787733970529681
CFG,25.1900,25.2800,24.9700,25.1100,2.63 M,04/20/15,-0.010000000000001563,-0.03980891719745845
CFG,25.3600,25.4100,25.0400,25.1200,1.30 M,04/17/15,-0.36999999999999744,-1.4515496273048154
CFG,25.6000,25.6300,25.2000,25.4900,1.97 M,04/16/15,-0.11000000000000298,-0.42968750000001166
CFG,25.1500,25.6600,25.0200,25.6000,3.70 M,04/15/15,0.46000000000000085,1.8297533810660336
CFG,25.1500,25.2500,25.0200,25.1400,1.86 M,04/14/15,-0.3099999999999987,-1.2180746561886002
CFG,25.1900,25.4600,24.9800,25.4500,4.46 M,04/13/15,0.33999999999999986,1.3540422142572675
CFG,25.0300,25.3000,24.9700,25.1100,2.61 M,04/10/15,0.07000000000000028,0.2795527156549532
CFG,25.0000,25.1400,24.9300,25.0400,3.59 M,04/09/15,0.03999999999999915,0.1599999999999966
CFG,25.0000,25.0900,24.8800,25.0000,4.44 M,04/08/15,0.10000000000000142,0.40160642570281696
CFG,24.7300,25.0000,24.7000,24.9000,5.75 M,04/07/15,0.14999999999999858,0.6060606060606003
CFG,24.4800,24.8000,24.2800,24.7500,3.72 M,04/06/15,0.129999999999999,0.5280259951259099
CFG,24.3400,24.6800,24.2500,24.6200,6.02 M,04/02/15,0.26000000000000156,1.067323481116591
CFG,24.1500,24.4600,24.0300,24.3600,5.35 M,04/01/15,0.23000000000000043,0.9531703273932882
CFG,24.2200,24.2900,24.0400,24.1300,3.95 M,03/31/15,-0.19000000000000128,-0.7812500000000052
CFG,24.5000,24.6800,24.1600,24.3200,5.46 M,03/30/15,-0.16000000000000014,-0.6535947712418306
CFG,24.1100,24.5400,24.1000,24.4800,9.24 M,03/27/15,0.35999999999999943,1.4925373134328335
CFG,24.0400,24.2900,23.8300,24.1200,62.49 M,03/26/15,0.120000000000001,0.5000000000000041
CFG,24.2700,24.4300,23.8400,24.0000,5.01 M,03/25/15,-0.3200000000000003,-1.3157894736842117
CFG,24.7000,24.9200,24.2400,24.3200,2.66 M,03/24/15,-0.4400000000000013,-1.777059773828761
CFG,24.8500,25.2400,24.5100,24.7600,3.77 M,03/23/15,-0.03999999999999915,-0.16129032258064172
CFG,24.7800,25.0200,24.7400,24.8000,6.59 M,03/20/15,0.0,0.0
CFG,25.0000,25.1900,24.4950,24.8000,1.82 M,03/19/15,-0.39000000000000057,-1.5482334259626858
CFG,25.4500,25.8400,25.1000,25.1900,1.29 M,03/18/15,-0.41000000000000014,-1.6015625000000004
CFG,25.1800,25.6100,24.9000,25.6000,1.23 M,03/17/15,0.2900000000000027,1.1457921770051471
CFG,24.9300,25.3200,24.7700,25.3100,1.19 M,03/16/15,0.5399999999999991,2.180056519983848
CFG,25.1700,25.2300,24.4300,24.7700,3.48 M,03/13/15,-0.7199999999999989,-2.8246371125931695
CFG,25.1200,25.7800,24.9900,25.4900,2.14 M,03/12/15,0.379999999999999,1.513341298287531
CFG,25.0000,25.2699,25.0000,25.1100,837650,03/11/15,0.10999999999999943,0.4399999999999977
CFG,24.9500,25.2000,24.7900,25.0000,1.43 M,03/10/15,-0.23000000000000043,-0.9116131589377742
CFG,25.4700,25.5347,25.1100,25.2300,1.89 M,03/09/15,-0.2699999999999996,-1.058823529411763
CFG,25.0300,25.8000,24.9500,25.5000,1.54 M,03/06/15,0.1999999999999993,0.7905138339920921
CFG,24.8900,25.3200,24.6100,25.3000,1.96 M,03/05/15,0.40000000000000213,1.6064257028112536
CFG,24.9900,24.9900,24.5000,24.9000,1.78 M,03/04/15,-0.14000000000000057,-0.5591054313099064
CFG,24.8200,25.0500,24.5800,25.0400,905544,03/03/15,0.18999999999999773,0.7645875251508962
CFG,24.8000,25.1800,24.6200,24.8500,1.41 M,03/02/15,0.010000000000001563,0.04025764895330742
CFG,24.8000,24.9999,24.7100,24.8400,468546,02/27/15,-0.010000000000001563,-0.040241448692159204
CFG,24.9400,24.9950,24.6100,24.8500,702911,02/26/15,-0.10999999999999943,-0.4407051282051259
CFG,24.8700,25.0000,24.7200,24.9600,612615,02/25/15,0.030000000000001137,0.12033694344164114
CFG,24.8600,25.0700,24.7700,24.9300,530683,02/24/15,0.019999999999999574,0.08028904054596377
CFG,25.1000,25.1000,24.6750,24.9100,743580,02/23/15,-0.33999999999999986,-1.346534653465346
CFG,25.1000,25.2600,24.8620,25.2500,744802,02/20/15,0.23000000000000043,0.9192645883293382
CFG,25.0200,25.2200,24.8500,25.0200,896846,02/19/15,-0.19000000000000128,-0.753669178897268
CFG,25.6300,25.6300,25.0600,25.2100,1.78 M,02/18/15,-0.34999999999999787,-1.3693270735524175
CFG,25.7100,25.7400,25.2600,25.5600,1.81 M,02/17/15,0.10999999999999943,0.4322200392927286
CFG,25.2800,25.6700,25.1400,25.4500,1.16 M,02/13/15,0.120000000000001,0.47374654559810897
CFG,24.8000,25.3700,24.7500,25.3300,985050,02/12/15,0.35999999999999943,1.4417300760913074
CFG,24.8800,25.0000,24.5500,24.9700,1.39 M,02/11/15,0.14999999999999858,0.6043513295729194
CFG,24.7300,24.9600,24.5300,24.8200,1.38 M,02/10/15,0.5599999999999987,2.308326463314092
CFG,24.4800,24.5300,24.1100,24.2600,781608,02/09/15,-0.23999999999999844,-0.9795918367346875
CFG,24.4100,25.0000,24.2200,24.5000,1.75 M,02/06/15,0.14999999999999858,0.6160164271047169
CFG,24.0900,24.4100,23.9800,24.3500,984601,02/05/15,0.33999999999999986,1.4160766347355263
CFG,24.2700,24.3800,23.9300,24.0100,1.10 M,02/04/15,-0.2799999999999976,-1.1527377521613733
CFG,23.9100,24.4500,23.8000,24.2900,1.35 M,02/03/15,0.28999999999999915,1.2083333333333297
CFG,23.8500,24.1600,23.6900,24.0000,1.45 M,02/02/15,0.10000000000000142,0.41841004184101016
CFG,24.1000,24.2400,23.8100,23.9000,1.88 M,01/30/15,-0.33999999999999986,-1.4026402640264022
CFG,23.9200,24.3500,23.2600,24.2400,1.82 M,01/29/15,0.379999999999999,1.592623637887674
CFG,24.1700,24.3500,23.8400,23.8600,1.30 M,01/28/15,-0.28999999999999915,-1.2008281573498931
CFG,23.8600,24.6400,23.7601,24.1500,1.31 M,01/27/15,0.05999999999999872,0.24906600249065472
CFG,23.7500,24.3100,23.5300,24.0900,1.17 M,01/26/15,0.379999999999999,1.602699283002948
CFG,24.0400,24.0400,23.6700,23.7100,656610,01/23/15,-0.4299999999999997,-1.781275890637944
CFG,23.3000,24.1600,23.2800,24.1400,486535,01/22/15,0.8599999999999994,3.694158075601372
CFG,23.0700,23.5900,23.0100,23.2800,787349,01/21/15,0.17999999999999972,0.7792207792207779
CFG,23.1600,23.8500,22.9100,23.1000,1.74 M,01/20/15,-0.08999999999999986,-0.3880983182406203
CFG,22.8300,23.2400,22.7900,23.1900,1.95 M,01/16/15,0.23000000000000043,1.0017421602787475
CFG,23.3700,23.6100,22.6700,22.9600,1.56 M,01/15/15,-0.4800000000000004,-2.047781569965872
CFG,23.6000,23.7440,23.1000,23.4400,962525,01/14/15,-0.4299999999999997,-1.8014243820695421
CFG,23.9400,24.1900,23.6100,23.8700,990061,01/13/15,-0.00999999999999801,-0.0418760469011642
CFG,23.8000,24.0400,23.6200,23.8800,941126,01/12/15,-0.010000000000001563,-0.04185851820846196
CFG,24.1500,24.1800,23.7800,23.8900,724738,01/09/15,-0.28999999999999915,-1.199338296112486
CFG,24.0700,24.4800,23.9400,24.1800,661452,01/08/15,0.17999999999999972,0.7499999999999988
CFG,23.9900,24.1300,23.7900,24.0000,1.16 M,01/07/15,0.08999999999999986,0.3764115432873269
CFG,24.1700,24.2200,23.7000,23.9100,2.08 M,01/06/15,-0.2699999999999996,-1.1166253101736956
CFG,24.5800,24.6800,23.8400,24.1800,1.33 M,01/05/15,-0.5800000000000018,-2.3424878836833676
CFG,24.9700,25.0000,24.2900,24.7600,643550,01/02/15,-0.09999999999999787,-0.4022526146419866
CFG,25.2500,25.2850,24.8300,24.8600,621617,12/31/14,-0.33000000000000185,-1.310043668122278
CFG,25.4600,25.5000,25.1600,25.1900,511820,12/30/14,-0.17999999999999972,-0.7094994087504916
CFG,25.2000,25.5100,25.1800,25.3700,1.07 M,12/29/14,0.060000000000002274,0.2370604504148648
CFG,25.5100,25.5100,25.2500,25.3100,304036,12/26/14,-0.20000000000000284,-0.7840062720501875
CFG,25.4500,25.5900,25.1800,25.5100,547225,12/24/14,0.07000000000000028,0.2751572327044036
CFG,25.3100,25.5000,25.1200,25.4400,1.17 M,12/23/14,0.33999999999999986,1.3545816733067724
CFG,25.1600,25.2786,24.6600,25.1000,1.69 M,12/22/14,0.10000000000000142,0.4000000000000057
CFG,25.0400,25.6000,24.8400,25.0000,7.52 M,12/19/14,-0.0799999999999983,-0.31897926634768065
CFG,24.7500,25.1400,24.6800,25.0800,1.77 M,12/18/14,0.5199999999999996,2.1172638436482067
CFG,24.2200,24.8000,24.2200,24.5600,2.16 M,12/17/14,0.3099999999999987,1.2783505154639123
CFG,24.5300,24.8750,24.2200,24.2500,1.32 M,12/16/14,-0.23999999999999844,-0.979991833401382
CFG,24.6800,24.8050,24.2700,24.4900,1.18 M,12/15/14,0.029999999999997584,0.12264922322157638
CFG,24.5200,24.8300,24.4000,24.4600,950809,12/12/14,-0.23000000000000043,-0.9315512353179441
CFG,24.8500,25.2800,24.5100,24.6900,1.71 M,12/11/14,0.0400000000000027,0.16227180527384463
CFG,25.1500,25.4100,24.6200,24.6500,630958,12/10/14,-0.5100000000000016,-2.0270270270270334
CFG,24.7100,25.3300,24.5000,25.1600,1.14 M,12/09/14,0.120000000000001,0.4792332268370647
CFG,25.0800,25.1400,24.6800,25.0400,2.24 M,12/08/14,-0.10999999999999943,-0.4373757455268367
CFG,24.4500,25.2200,24.4500,25.1500,1.01 M,12/05/14,0.75,3.0737704918032787
CFG,24.3200,24.5600,24.0900,24.4000,1.43 M,12/04/14,0.16999999999999815,0.7016095749071323
CFG,24.3300,24.5900,24.1900,24.2300,1.85 M,12/03/14,0.030000000000001137,0.12396694214876504
CFG,24.0200,24.4300,23.8000,24.2000,1.37 M,12/02/14,0.21999999999999886,0.9174311926605457
CFG,24.6200,24.8950,23.4900,23.9800,2.28 M,12/01/14,-0.6499999999999986,-2.6390580592772985
CFG,24.2200,25.0900,24.0500,24.6300,713406,11/28/14,0.3999999999999986,1.650846058605029
CFG,24.1100,24.2700,23.9200,24.2300,703711,11/26/14,0.1999999999999993,0.8322929671244248
CFG,24.2400,24.3000,24.0200,24.0300,701615,11/25/14,-0.21999999999999886,-0.9072164948453562
CFG,23.8000,24.3600,23.6800,24.2500,836847,11/24/14,0.4800000000000004,2.019352124526716
CFG,23.9500,24.2100,23.6950,23.7700,725247,11/21/14,0.05999999999999872,0.25305778152677655
CFG,23.5700,23.8700,23.5001,23.7100,745775,11/20/14,-0.00999999999999801,-0.0421585160202277
CFG,23.8000,24.0000,23.5100,23.7200,812772,11/19/14,-0.010000000000001563,-0.04214075010535846
CFG,24.0400,24.0400,23.7100,23.7300,586010,11/18/14,-0.2699999999999996,-1.1249999999999982
CFG,24.1100,24.1100,23.5600,24.0000,992390,11/17/14,0.03999999999999915,0.16694490818029695
CFG,23.7400,24.0000,23.7400,23.9600,1.11 M,11/14/14,0.14000000000000057,0.5877413937867362
CFG,23.6200,23.9600,23.5800,23.8200,1.15 M,11/13/14,-0.03999999999999915,-0.16764459346185728
CFG,23.7500,23.9800,23.5100,23.8600,940834,11/12/14,-0.08000000000000185,-0.3341687552213945
CFG,23.9700,24.2200,23.7500,23.9400,658274,11/11/14,-0.00999999999999801,-0.0417536534446681
CFG,24.0400,24.2500,23.7500,23.9500,1.53 M,11/10/14,-0.019999999999999574,-0.08343763037129569
CFG,24.4800,24.4800,23.9600,23.9700,600659,11/07/14,-0.33000000000000185,-1.3580246913580323
CFG,23.7900,24.4600,23.7500,24.3000,1.01 M,11/06/14,0.40000000000000213,1.6736401673640258
CFG,23.8000,23.9500,23.5500,23.9000,1.10 M,11/05/14,0.29999999999999716,1.271186440677954
CFG,23.7400,23.9100,23.4300,23.6000,1.47 M,11/04/14,-0.3999999999999986,-1.6666666666666607
CFG,23.4900,24.0000,23.1600,24.0000,1.83 M,11/03/14,0.379999999999999,1.6088060965283615
CFG,23.5900,23.9200,23.3700,23.6200,1.24 M,10/31/14,0.17999999999999972,0.7679180887372001
CFG,23.4600,23.6900,23.2971,23.4400,1.15 M,10/30/14,-0.03999999999999915,-0.1703577512776795
CFG,23.3500,23.5300,23.2000,23.4800,1.30 M,10/29/14,0.1999999999999993,0.8591065292096189
CFG,23.1600,23.5900,22.9300,23.2800,1.50 M,10/28/14,0.4299999999999997,1.8818380743982481
CFG,23.1500,23.1900,22.7250,22.8500,2.90 M,10/27/14,-0.3299999999999983,-1.423641069887827
CFG,23.3200,23.4900,22.7700,23.1800,1.36 M,10/24/14,0.14999999999999858,0.6513243595310403
CFG,22.9700,23.0800,22.5900,23.0300,1.15 M,10/23/14,0.4299999999999997,1.9026548672566357
CFG,22.7800,23.0000,22.4025,22.6000,884653,10/22/14,-0.21999999999999886,-0.9640666082383824
CFG,22.1100,22.9300,22.1100,22.8200,1.17 M,10/21/14,0.4400000000000013,1.9660411081322668
CFG,21.8200,22.3800,21.8200,22.3800,1.87 M,10/20/14,0.4599999999999973,2.098540145985389
CFG,21.8900,22.0700,21.7300,21.9200,2.75 M,10/17/14,0.120000000000001,0.5504587155963349
CFG,21.5100,21.9500,21.4700,21.8000,3.11 M,10/16/14,-0.05000000000000071,-0.22883295194508332
CFG,22.1300,22.2000,21.5000,21.8500,3.41 M,10/15/14,-0.5999999999999979,-2.6726057906458704
CFG,22.5000,22.7900,22.3000,22.4500,1.61 M,10/14/14,0.0,0.0
CFG,22.1300,22.6600,22.1200,22.4500,1.38 M,10/13/14,0.16999999999999815,0.7630161579892196
CFG,22.3900,22.5600,22.1350,22.2800,924069,10/10/14,-0.1999999999999993,-0.8896797153024879
CFG,23.0000,23.0000,22.2400,22.4800,1.23 M,10/09/14,-0.2699999999999996,-1.186813186813185
CFG,22.1100,23.1500,22.1100,22.7500,1.65 M,10/08/14,0.23000000000000043,1.0213143872113697
CFG,22.5600,22.7400,22.2600,22.5200,1.51 M,10/07/14,-0.120000000000001,-0.5300353356890504
CFG,23.2800,23.3700,22.6100,22.6400,1.21 M,10/06/14,-0.5899999999999999,-2.5398191993112347
CFG,23.3800,23.4700,23.0100,23.2300,1.59 M,10/03/14,-0.10999999999999943,-0.47129391602399073
CFG,23.3400,23.5900,23.3030,23.3400,3.12 M,10/02/14,-0.10000000000000142,-0.42662116040956233
CFG,23.2200,23.6100,23.1100,23.4400,3.92 M,10/01/14,0.019999999999999574,0.08539709649871721
CFG,23.1100,23.5700,23.0500,23.4200,4.10 M,09/30/14,0.19000000000000128,0.8179078777443016
CFG,23.1400,23.4500,22.9100,23.2300,4.83 M,09/29/14,-0.019999999999999574,-0.08602150537634225
CFG,23.1800,23.3700,22.9100,23.2500,2.50 M,09/26/14,0.1999999999999993,0.8676789587852464
CFG,22.5600,23.4100,22.4500,23.0500,8.43 M,09/25/14,-0.029999999999997584,-0.12998266897745922