CWH,27.4700,28.5400,27.0600,28.3400,1.40 M,04/26/18,1.0799999999999983,3.961848862802635
CWH,26.0500,27.3400,25.5200,27.2600,1.50 M,04/25/18,1.3100000000000023,5.048169556840086
CWH,26.6900,26.7450,25.5100,25.9500,760131,04/24/18,-0.5600000000000023,-2.112410411165606
CWH,27.1200,27.2400,26.2400,26.5100,792978,04/23/18,-0.5499999999999972,-2.0325203252032416
CWH,27.4300,27.5800,26.8400,27.0600,709795,04/20/18,-0.610000000000003,-2.204553668232754
CWH,28.1300,28.4400,27.1700,27.6700,824866,04/19/18,-0.46999999999999886,-1.6702203269367408
CWH,27.8600,28.9600,27.8600,28.1400,1.83 M,04/18/18,0.46999999999999886,1.6985905312612897
CWH,27.0200,27.7800,26.5200,27.6700,1.35 M,04/17/18,0.9100000000000001,3.400597907324365
CWH,27.8400,27.8400,26.2300,26.7600,1.99 M,04/16/18,-0.75,-2.7262813522355507
CWH,28.3600,28.5141,27.3201,27.5100,837818,04/13/18,-0.7699999999999996,-2.722772277227721
CWH,28.3200,28.9800,28.0010,28.2800,691228,04/12/18,0.0400000000000027,0.14164305949009456
CWH,29.0300,29.4000,28.1950,28.2400,1.02 M,04/11/18,-1.120000000000001,-3.814713896457769
CWH,30.0100,30.0700,29.0900,29.3600,1.29 M,04/10/18,-0.25,-0.8443093549476528
CWH,31.2800,31.2800,29.5800,29.6100,974517,04/09/18,-1.3200000000000003,-4.267701260911737
CWH,32.0900,32.5100,30.6700,30.9300,854227,04/06/18,-1.509999999999998,-4.654747225647343
CWH,31.3400,32.6100,31.3400,32.4400,1.30 M,04/05/18,1.1799999999999962,3.774792066538695
CWH,29.4600,31.3200,29.2200,31.2600,1.08 M,04/04/18,1.1600000000000001,3.853820598006645
CWH,29.8400,30.2400,29.1200,30.1000,1.19 M,04/03/18,0.5300000000000011,1.7923571187013905
CWH,32.0500,32.1700,29.2750,29.5700,1.48 M,04/02/18,-2.6799999999999997,-8.310077519379846
CWH,30.7300,32.3900,30.5700,32.2500,1.10 M,03/29/18,1.7699999999999996,5.807086614173226
CWH,30.9800,31.2100,29.8000,30.4800,1.01 M,03/28/18,-0.370000000000001,-1.1993517017828232
CWH,31.5100,32.0900,30.1200,30.8500,2.41 M,03/27/18,-1.0999999999999979,-3.4428794992175207
CWH,32.7500,32.8600,31.1000,31.9500,1.40 M,03/26/18,-0.2900000000000027,-0.8995037220843756
CWH,32.4300,33.2900,31.6200,32.2400,1.18 M,03/23/18,-0.11999999999999744,-0.3708281829418957
CWH,33.2200,33.8500,32.3200,32.3600,782937,03/22/18,-1.3100000000000023,-3.890703890703897
CWH,33.6400,34.3600,33.4700,33.6700,569683,03/21/18,-0.18999999999999773,-0.561134081512102
CWH,34.2700,35.1700,32.9800,33.8600,1.42 M,03/20/18,-0.29999999999999716,-0.8782201405152142
CWH,35.5800,35.7771,33.1000,34.1600,1.75 M,03/19/18,-1.9300000000000068,-5.347741756719331
CWH,36.1900,36.7000,35.6200,36.0900,1.42 M,03/16/18,-0.13999999999999346,-0.3864200938448619
CWH,40.0900,40.3000,34.6000,36.2300,3.89 M,03/15/18,-4.140000000000001,-10.255139955412437
CWH,39.0500,41.9600,38.2800,40.3700,3.35 M,03/14/18,3.779999999999994,10.330691445750189
CWH,36.5500,37.4300,35.7300,36.5900,1.42 M,03/13/18,0.2700000000000031,0.7433920704845901
CWH,37.6300,38.2000,36.0000,36.3200,1.68 M,03/12/18,-1.2199999999999989,-3.2498668087373437
CWH,38.5300,38.8000,37.4800,37.5400,733468,03/09/18,-0.8800000000000026,-2.2904737116085436
CWH,38.8700,39.2400,37.4900,38.4200,423233,03/08/18,0.10999999999999943,0.28713129731140546
CWH,38.3100,38.5300,37.1200,38.3100,662017,03/07/18,-0.46000000000000085,-1.1864843951508919
CWH,37.5200,38.9000,37.3300,38.7700,788535,03/06/18,1.5400000000000063,4.136449100188037
CWH,38.2100,38.2800,36.6000,37.2300,1.86 M,03/05/18,-1.1700000000000017,-3.0468750000000044
CWH,36.9300,39.1000,35.8400,38.4000,1.96 M,03/02/18,-0.9100000000000037,-2.3149325871279665
CWH,41.7700,42.0000,38.4400,39.3100,1.69 M,03/01/18,-2.489999999999995,-5.95693779904305
CWH,43.0000,44.2500,40.6100,41.8000,1.38 M,02/28/18,0.509999999999998,1.2351658997335868
CWH,42.9300,43.3900,40.9800,41.2900,867131,02/27/18,-1.740000000000002,-4.0436904485242895
CWH,42.5100,43.7000,42.4250,43.0300,724619,02/26/18,0.5799999999999983,1.3663133097762032
CWH,41.6200,42.4850,41.2300,42.4500,381969,02/23/18,1.6500000000000057,4.044117647058838
CWH,40.4400,41.5100,40.2200,40.8000,467023,02/22/18,0.4199999999999946,1.0401188707280697
CWH,39.4700,41.5000,39.3700,40.3800,493810,02/21/18,0.9600000000000009,2.4353120243531223
CWH,40.1300,40.6800,39.2600,39.4200,501359,02/20/18,-0.9499999999999957,-2.3532325984641957
CWH,41.5700,41.8715,40.2500,40.3700,513762,02/16/18,-1.4200000000000017,-3.397942091409432
CWH,42.0000,42.0000,41.2800,41.7900,258425,02/15/18,0.13000000000000256,0.3120499279884843
CWH,41.7100,42.4400,41.0400,41.6600,435021,02/14/18,-0.5600000000000023,-1.3263855992420708
CWH,42.0100,42.7200,41.4700,42.2200,212144,02/13/18,-0.030000000000001137,-0.07100591715976601
CWH,41.4700,42.6000,40.9000,42.2500,390362,02/12/18,1.0,2.4242424242424243
CWH,41.0300,41.6500,39.0300,41.2500,499131,02/09/18,0.4799999999999969,1.1773362766740172
CWH,42.0700,42.6800,40.3100,40.7700,700704,02/08/18,-1.3299999999999983,-3.159144893111635
CWH,41.5800,42.5200,41.4300,42.1000,356761,02/07/18,0.3100000000000023,0.7418042593922045
CWH,38.8100,42.2300,38.7809,41.7900,637075,02/06/18,1.6599999999999966,4.136556192374774
CWH,41.5100,42.8100,40.0500,40.1300,646085,02/05/18,-2.019999999999996,-4.7924080664294095
CWH,44.3600,44.7300,42.0700,42.1500,620099,02/02/18,-2.6000000000000014,-5.8100558659217905
CWH,44.2700,44.8000,44.0200,44.7500,246444,02/01/18,0.0,0.0
CWH,45.2600,45.4100,44.4700,44.7500,306985,01/31/18,-0.21999999999999886,-0.48921503224371554
CWH,44.5500,45.1150,44.4600,44.9700,352074,01/30/18,-0.23000000000000398,-0.5088495575221327
CWH,45.0000,45.7000,44.5100,45.2000,296922,01/29/18,0.0,0.0
CWH,46.5000,46.7800,44.4195,45.2000,1.05 M,01/26/18,-0.5999999999999943,-1.3100436681222585
CWH,46.9000,46.9800,45.2500,45.8000,535471,01/25/18,-0.990000000000002,-2.115836717247279
CWH,46.0000,47.0900,45.9900,46.7900,497507,01/24/18,0.9499999999999957,2.072425828970322
CWH,45.1100,45.9100,44.5700,45.8400,419026,01/23/18,0.730000000000004,1.6182664597650276
CWH,44.7600,45.8100,44.6944,45.1100,766975,01/22/18,0.509999999999998,1.1434977578475292
CWH,43.5200,44.6300,43.5050,44.6000,414403,01/19/18,1.0700000000000003,2.4580748908798538
CWH,43.5500,44.3400,43.4600,43.5300,385724,01/18/18,0.05000000000000426,0.11499540018400245
CWH,43.5300,43.8750,43.0400,43.4800,356981,01/17/18,0.11999999999999744,0.27675276752766936
CWH,45.6500,45.7900,42.9250,43.3600,482623,01/16/18,-1.9100000000000037,-4.219129666445777
CWH,44.8600,46.0300,44.8600,45.2700,388465,01/12/18,0.44000000000000483,0.981485612313194
CWH,43.4600,45.0100,43.4500,44.8300,296533,01/11/18,1.3799999999999955,3.176064441887216
CWH,43.3200,43.9700,42.7800,43.4500,409439,01/10/18,-0.10999999999999943,-0.2525252525252512
CWH,43.6600,44.1000,43.3501,43.5600,498399,01/09/18,0.28000000000000114,0.6469500924214444
CWH,44.7100,44.8857,42.8800,43.2800,794359,01/08/18,-1.6199999999999974,-3.608017817371932
CWH,45.0500,45.3700,44.5200,44.9000,569071,01/05/18,-0.14999999999999858,-0.3329633740288537
CWH,46.1000,46.2400,44.8200,45.0500,528160,01/04/18,-0.720000000000006,-1.5730828053310157
CWH,45.7400,46.2400,45.0500,45.7700,386952,01/03/18,0.22000000000000597,0.4829857299670823
CWH,45.1800,45.6000,44.9700,45.5500,599403,01/02/18,0.8200000000000003,1.8332215515314114
CWH,45.3100,45.6700,44.5200,44.7300,371864,12/29/17,-0.6500000000000057,-1.4323490524460238
CWH,45.0800,45.4100,44.4500,45.3800,362136,12/28/17,0.240000000000002,0.5316792202038148
CWH,45.7100,46.3400,45.1100,45.1400,453622,12/27/17,-0.8699999999999974,-1.8908932840686752
CWH,45.8100,46.1300,45.4800,46.0100,350070,12/26/17,-0.05000000000000426,-0.10855405992185033
CWH,46.4600,46.6000,45.7900,46.0600,276935,12/22/17,-0.23999999999999488,-0.5183585313174836
CWH,46.1500,46.6200,44.8400,46.3000,426829,12/21/17,0.0,0.0
CWH,46.5400,46.8200,45.5600,46.3000,299428,12/20/17,0.02999999999999403,0.06483682731790368
CWH,46.2400,46.7900,45.8300,46.2700,444847,12/19/17,0.07000000000000028,0.15151515151515213
CWH,45.9700,46.4320,45.1100,46.2000,508209,12/18/17,0.75,1.6501650165016502
CWH,44.9900,45.9200,44.5500,45.4500,800910,12/15/17,0.6700000000000017,1.496203662349267
CWH,45.9600,46.3500,44.4100,44.7800,462299,12/14/17,-1.3399999999999963,-2.9054640069384137
CWH,45.6700,46.7200,45.6700,46.1200,443299,12/13/17,0.519999999999996,1.1403508771929738
CWH,46.4000,46.7550,45.4800,45.6000,433355,12/12/17,-0.6899999999999977,-1.490602721970183
CWH,46.1400,46.4900,45.7700,46.2900,466226,12/11/17,0.21000000000000085,0.4557291666666685
CWH,47.4000,47.5423,46.0800,46.0800,961585,12/08/17,-1.1099999999999994,-2.352193261284169
CWH,46.4600,47.6200,46.3700,47.1900,385194,12/07/17,0.9899999999999949,2.1428571428571317
CWH,46.4000,46.8700,46.1300,46.2000,310922,12/06/17,-0.29999999999999716,-0.6451612903225745
CWH,46.0300,47.0000,46.0000,46.5000,547016,12/05/17,0.46000000000000085,0.9991311902693328
CWH,46.3000,46.9600,45.4700,46.0400,1.03 M,12/04/17,0.39000000000000057,0.8543263964950725
CWH,46.3600,46.8200,44.5700,45.6500,577063,12/01/17,-0.7100000000000009,-1.53149266609146
CWH,46.3400,46.9990,46.0100,46.3600,472242,11/30/17,0.35999999999999943,0.7826086956521727
CWH,47.0000,47.3500,45.6500,46.0000,670868,11/29/17,-0.7000000000000028,-1.4989293361884428
CWH,44.4800,46.7992,44.4800,46.7000,2.23 M,11/28/17,3.6500000000000057,8.47851335656215
CWH,43.8900,44.2112,42.8300,43.0500,848291,11/27/17,-0.5500000000000043,-1.2614678899082665
CWH,43.1200,43.9500,43.1200,43.6000,341337,11/24/17,0.7700000000000031,1.797805276675235
CWH,43.6800,43.7900,42.4301,42.8300,620429,11/22/17,-0.7899999999999991,-1.8110958276020155
CWH,43.5300,43.9100,43.2650,43.6200,418640,11/21/17,0.0,0.0
CWH,42.6800,43.6890,42.4300,43.6200,417749,11/20/17,1.1199999999999974,2.635294117647053
CWH,42.4600,43.0700,42.0300,42.5000,426699,11/17/17,0.0,0.0
CWH,42.1400,43.0900,41.8700,42.5000,651662,11/16/17,0.5,1.1904761904761905
CWH,41.2100,42.6200,40.2060,42.0000,1.06 M,11/15/17,0.46000000000000085,1.1073663938372673
CWH,41.2500,41.9000,41.2100,41.5400,481831,11/14/17,0.11999999999999744,0.2897151134717466
CWH,40.6100,41.6400,40.5800,41.4200,577255,11/13/17,0.39000000000000057,0.9505240068242763
CWH,42.0300,42.3200,40.4600,41.0300,1.06 M,11/10/17,-0.8900000000000006,-2.1230916030534366
CWH,44.0000,44.2000,40.1150,41.9200,1.24 M,11/09/17,-1.6299999999999955,-3.742824339839255
CWH,42.3600,43.6300,42.2500,43.5500,1.31 M,11/08/17,1.25,2.955082742316785
CWH,43.8900,43.9500,42.0000,42.3000,714245,11/07/17,-0.730000000000004,-1.696490820357899
CWH,42.7500,43.3400,42.4000,43.0300,654813,11/06/17,0.3299999999999983,0.7728337236533918
CWH,42.4100,43.0500,42.0700,42.7000,1.14 M,11/03/17,0.45000000000000284,1.0650887573964565
CWH,42.4600,42.7800,41.5000,42.2500,635117,11/02/17,-0.03999999999999915,-0.09458500827618621
CWH,42.5100,42.7800,41.8400,42.2900,841079,11/01/17,0.269999999999996,0.642551166111366
CWH,43.3600,43.8800,41.7900,42.0200,864798,10/31/17,-0.9399999999999977,-2.1880819366852835
CWH,42.2100,43.0950,41.4200,42.9600,1.46 M,10/30/17,1.0200000000000031,2.4320457796852724
CWH,40.7000,42.3100,40.5200,41.9400,1.53 M,10/27/17,1.4399999999999977,3.55555555555555
CWH,39.6600,41.3700,39.3000,40.5000,5.25 M,10/26/17,-0.14999999999999858,-0.36900369003689687
CWH,42.5600,42.6350,40.3100,40.6500,1.08 M,10/25/17,-2.6400000000000006,-6.0984060984061
CWH,43.2000,44.6400,42.9900,43.2900,445097,10/24/17,0.46000000000000085,1.0740135419098782
CWH,44.4600,44.5920,42.6000,42.8300,307015,10/23/17,-1.5200000000000031,-3.427282976324697
CWH,43.5700,45.8400,43.3510,44.3500,540874,10/20/17,1.1799999999999997,2.733379661802177
CWH,44.0800,44.2400,42.8700,43.1700,298919,10/19/17,-1.1299999999999955,-2.5507900677200803
CWH,43.8500,44.6744,43.7300,44.3000,503807,10/18/17,0.8399999999999963,1.9328117809479897
CWH,42.4100,44.1000,42.3600,43.4600,489947,10/17/17,1.1600000000000037,2.742316784869985
CWH,42.2500,42.5900,41.4700,42.3000,320734,10/16/17,-0.04000000000000625,-0.09447331128957547
CWH,42.1500,42.9700,41.6400,42.3400,557999,10/13/17,0.1600000000000037,0.37932669511617756
CWH,40.7100,42.4000,39.7900,42.1800,392862,10/12/17,1.5700000000000003,3.8660428465895107
CWH,40.5900,40.9015,40.0500,40.6100,207284,10/11/17,0.03999999999999915,0.09859502095143985
CWH,40.2500,40.7300,40.0648,40.5700,161105,10/10/17,0.38000000000000256,0.945508833043052
CWH,40.1100,40.7300,39.8600,40.1900,235849,10/09/17,-0.21000000000000085,-0.5198019801980219
CWH,40.2500,40.6700,40.1100,40.4000,354464,10/06/17,0.00999999999999801,0.024758603614751202
CWH,39.6300,40.5100,39.3900,40.3900,321174,10/05/17,0.7999999999999972,2.0207123010861254
CWH,40.4100,40.5350,39.1500,39.5900,226578,10/04/17,-0.8099999999999952,-2.004950495049493
CWH,40.0700,40.6500,40.0700,40.4000,262548,10/03/17,0.3999999999999986,0.9999999999999964
CWH,40.7500,40.7500,39.5000,40.0000,408033,10/02/17,-0.740000000000002,-1.8163966617574914
CWH,39.6000,41.2700,39.5000,40.7400,496130,09/29/17,1.0,2.516356316054353
CWH,40.0400,40.1300,38.7200,39.7400,516016,09/28/17,-0.39000000000000057,-0.9718415150760044
CWH,38.6500,40.5300,38.6500,40.1300,804228,09/27/17,1.9200000000000017,5.024862601413247
CWH,37.6900,38.2800,37.5100,38.2100,443243,09/26/17,0.4399999999999977,1.1649457241196657
CWH,38.3900,38.5000,37.6300,37.7700,245288,09/25/17,-0.6599999999999966,-1.7174082747853152
CWH,37.7400,38.6890,37.5600,38.4300,271089,09/22/17,0.6799999999999997,1.8013245033112575
CWH,37.3000,37.9800,37.0900,37.7500,248077,09/21/17,0.38000000000000256,1.0168584426010239
CWH,38.2400,38.3100,36.8300,37.3700,367013,09/20/17,-0.980000000000004,-2.555410691003922
CWH,38.5900,39.0700,38.1200,38.3500,271278,09/19/17,-0.14000000000000057,-0.363730839179009
CWH,38.4500,39.0200,37.6910,38.4900,480455,09/18/17,-0.030000000000001137,-0.07788161993769765
CWH,39.1100,39.3300,38.4600,38.5200,1.63 M,09/15/17,-0.7399999999999949,-1.8848700967906136
CWH,39.0000,39.4700,38.7700,39.2600,247310,09/14/17,-0.05000000000000426,-0.12719409819385463
CWH,38.8900,39.5300,38.8800,39.3100,605616,09/13/17,0.3200000000000003,0.8207232623749686
CWH,38.8700,39.5400,38.6100,38.9900,702168,09/12/17,0.1700000000000017,0.43791859866048866
CWH,38.7000,39.4700,38.4200,38.8200,391313,09/11/17,0.21000000000000085,0.5439005439005461
CWH,38.3100,39.2700,38.0600,38.6100,694289,09/08/17,0.6400000000000006,1.6855412167500674
CWH,38.7300,39.1600,37.7700,37.9700,328646,09/07/17,-0.5300000000000011,-1.3766233766233795
CWH,37.1800,39.4500,37.1300,38.5000,919975,09/06/17,1.5,4.054054054054054
CWH,37.7700,37.7700,36.3800,37.0000,586072,09/05/17,-0.7800000000000011,-2.0645844362096377
CWH,36.8300,37.8300,36.5800,37.7800,553952,09/01/17,1.0300000000000011,2.8027210884353773
CWH,37.3700,37.9200,36.5100,36.7500,560986,08/31/17,0.21000000000000085,0.5747126436781632
CWH,36.8400,37.0700,36.4500,36.5400,418611,08/30/17,-0.30000000000000426,-0.8143322475570147
CWH,36.0600,37.0800,35.9374,36.8400,772541,08/29/17,0.6900000000000048,1.9087136929460715
CWH,36.7200,37.1300,35.9510,36.1500,791216,08/28/17,-0.4100000000000037,-1.1214442013129202
CWH,36.4000,36.9200,36.3600,36.5600,380711,08/25/17,0.20000000000000284,0.5500550055005579
CWH,36.0000,36.8400,35.9800,36.3600,612134,08/24/17,0.7999999999999972,2.249718785151848
CWH,34.7900,36.6300,34.6900,35.5600,952503,08/23/17,0.6500000000000057,1.861930678888587
CWH,34.7100,35.1500,34.2500,34.9100,443100,08/22/17,0.28999999999999915,0.8376660889659132
CWH,35.0400,35.0400,33.8401,34.6200,487177,08/21/17,-0.4200000000000017,-1.1986301369863062
CWH,34.6500,35.3600,34.1400,35.0400,398354,08/18/17,0.21999999999999886,0.6318207926479003
CWH,35.0800,35.8800,34.5100,34.8200,803873,08/17/17,-0.5300000000000011,-1.4992927864215024
CWH,35.6000,35.7600,34.8400,35.3500,597296,08/16/17,-0.21999999999999886,-0.6184987348889481
CWH,35.2900,35.7500,34.5800,35.5700,650353,08/15/17,0.35999999999999943,1.0224368077250765
CWH,35.2500,36.1400,34.3400,35.2100,1.01 M,08/14/17,0.5200000000000031,1.4989910637071293
CWH,34.6000,35.3900,32.7500,34.6900,1.79 M,08/11/17,3.219999999999999,10.231966952653318
CWH,32.4400,32.9500,31.2200,31.4700,755106,08/10/17,-0.9500000000000028,-2.9302899444787256
CWH,32.4600,32.8000,31.9500,32.4200,455744,08/09/17,-0.44999999999999574,-1.3690295101916512
CWH,33.2500,33.4500,32.7500,32.8700,403043,08/08/17,-0.37000000000000455,-1.113116726835152
CWH,32.3800,33.4200,31.8800,33.2400,724404,08/07/17,1.2600000000000016,3.9399624765478474
CWH,32.0400,32.2000,31.6400,31.9800,150123,08/04/17,-0.019999999999999574,-0.06249999999999867
CWH,31.5300,32.1500,31.5300,32.0000,278703,08/03/17,0.3299999999999983,1.041995579412688
CWH,31.9200,32.1800,31.5100,31.6700,390972,08/02/17,-0.3500000000000014,-1.0930668332292361
CWH,32.2900,32.6000,31.5400,32.0200,376760,08/01/17,0.060000000000002274,0.18773466833542637
CWH,31.8600,32.5000,31.1600,31.9600,418677,07/31/17,0.14000000000000057,0.4399748585795115
CWH,31.6600,32.0000,31.0900,31.8200,336334,07/28/17,-0.05000000000000071,-0.15688735487919897
CWH,31.7300,32.1079,31.1600,31.8700,272985,07/27/17,0.370000000000001,1.1746031746031778
CWH,31.8000,32.0400,31.3900,31.5000,224334,07/26/17,-0.1700000000000017,-0.5367856015156353
CWH,31.4800,32.1382,30.9700,31.6700,332637,07/25/17,0.5200000000000031,1.6693418940610052
CWH,31.8000,31.8000,31.1300,31.1500,257429,07/24/17,-0.7000000000000028,-2.1978021978022064
CWH,32.3000,32.6900,31.7600,31.8500,290941,07/21/17,-0.37999999999999545,-1.179025752404578
CWH,32.6200,32.9499,32.2100,32.2300,173213,07/20/17,-0.45000000000000284,-1.376988984088136
CWH,32.0300,33.2000,31.9600,32.6800,375692,07/19/17,0.7199999999999989,2.2528160200250276
CWH,31.9000,32.3900,31.2000,31.9600,329618,07/18/17,0.6000000000000014,1.9132653061224536
CWH,31.5400,32.2100,31.1700,31.3600,285926,07/17/17,-0.4200000000000017,-1.3215859030837058
CWH,32.3000,32.4900,31.1200,31.7800,369847,07/14/17,-0.3999999999999986,-1.2430080795525127
CWH,31.0900,32.7000,30.9300,32.1800,1.01 M,07/13/17,2.5599999999999987,8.642808912896687
CWH,29.7300,30.3900,29.5000,29.6200,303777,07/12/17,0.08000000000000185,0.270819228165206
CWH,28.8000,29.8900,28.8000,29.5400,202372,07/11/17,0.5299999999999976,1.826956221992408
CWH,29.0000,29.1200,28.7640,29.0100,285793,07/10/17,-0.03999999999999915,-0.13769363166953236
CWH,29.0700,29.2900,28.7900,29.0500,216812,07/07/17,0.05000000000000071,0.17241379310345073
CWH,29.9500,30.0700,28.8400,29.0000,376511,07/06/17,-1.0100000000000016,-3.365544818393874
CWH,30.6100,30.6100,29.6100,30.0100,253075,07/05/17,-0.5399999999999991,-1.7675941080196371
CWH,30.9200,31.2000,30.5200,30.5500,85465,07/03/17,-0.3000000000000007,-0.9724473257698564
CWH,31.1200,31.1200,29.7500,30.8500,267055,06/30/17,0.07000000000000028,0.22742040285900025
CWH,31.0000,31.6300,30.3500,30.7800,352593,06/29/17,-0.5,-1.59846547314578
CWH,30.4500,31.4072,30.4500,31.2800,364375,06/28/17,0.8800000000000026,2.8947368421052717
CWH,30.8500,31.1100,30.1500,30.4000,412041,06/27/17,-0.45000000000000284,-1.4586709886547904
CWH,30.4300,31.2600,30.2632,30.8500,447669,06/26/17,0.5100000000000016,1.6809492419248568
CWH,29.9400,30.4000,29.6100,30.3400,443336,06/23/17,0.39000000000000057,1.3021702838063458
CWH,30.2400,30.2400,29.7100,29.9500,443302,06/22/17,0.03999999999999915,0.13373453694416298
CWH,29.4200,30.4900,29.3400,29.9100,835994,06/21/17,0.9299999999999997,3.2091097308488603
CWH,28.7300,29.2100,28.2500,28.9800,347301,06/20/17,0.16000000000000014,0.5551700208188762
CWH,28.8200,29.4300,28.6900,28.8200,342595,06/19/17,0.03999999999999915,0.13898540653231115
CWH,28.7600,28.8000,28.2500,28.7800,777455,06/16/17,-0.2799999999999976,-0.9635237439779684
CWH,29.1300,29.4100,28.7300,29.0600,245614,06/15/17,-0.38000000000000256,-1.290760869565226
CWH,29.6100,29.8300,29.1300,29.4400,239036,06/14/17,-0.2699999999999996,-0.9087849209020518
CWH,29.0400,29.7700,28.6200,29.7100,350839,06/13/17,0.8300000000000018,2.8739612188365715
CWH,29.5400,29.7950,28.6600,28.8800,360788,06/12/17,-0.5,-1.7018379850238259
CWH,29.3400,29.9300,29.1000,29.3800,1.20 M,06/09/17,1.379999999999999,4.928571428571424
CWH,28.7900,28.7900,27.6500,28.0000,442740,06/08/17,-0.4800000000000004,-1.6853932584269677
CWH,28.9000,29.3200,27.9700,28.4800,692454,06/07/17,-0.5999999999999979,-2.0632737276478608
CWH,28.1900,29.7000,27.9600,29.0800,1.91 M,06/06/17,1.2999999999999972,4.6796256299495935
CWH,27.5200,27.9450,27.0600,27.7800,482218,06/05/17,0.370000000000001,1.3498723093761438
CWH,27.4800,27.5300,27.0000,27.4100,294895,06/02/17,0.120000000000001,0.4397215097105203
CWH,27.0500,27.4600,26.7000,27.2900,475078,06/01/17,0.28999999999999915,1.0740740740740709
CWH,27.0400,27.1399,26.5000,27.0000,545199,05/31/17,0.120000000000001,0.44642857142857517
CWH,26.8900,27.2200,26.7900,26.8800,756809,05/30/17,0.3200000000000003,1.204819277108435
CWH,27.0300,27.1800,26.3000,26.5600,1.39 M,05/26/17,-0.7100000000000009,-2.603593692702607
CWH,27.6700,28.0300,27.2500,27.2700,5.46 M,05/25/17,-0.6000000000000014,-2.152852529601727
CWH,27.7500,28.1147,27.5400,27.8700,534348,05/24/17,0.19000000000000128,0.6864161849711029
CWH,28.6100,28.6100,27.6300,27.6800,857519,05/23/17,-1.3399999999999999,-4.617505168849069
CWH,29.6200,29.6200,28.7500,29.0200,156054,05/22/17,-0.3500000000000014,-1.1916922029281627
CWH,29.3200,29.5800,28.8864,29.3700,135815,05/19/17,0.13000000000000256,0.4445964432284629
CWH,29.0100,29.8100,28.6700,29.2400,194036,05/18/17,0.13999999999999702,0.48109965635737806
CWH,29.8300,30.0000,28.8000,29.1000,185007,05/17/17,-1.1199999999999974,-3.706154864328251
CWH,30.0300,30.3400,29.7600,30.2200,149122,05/16/17,0.11999999999999744,0.39867109634550646
CWH,29.1600,30.5100,29.1600,30.1000,217358,05/15/17,1.1000000000000014,3.793103448275867
CWH,29.2400,29.4797,28.7700,29.0000,273248,05/12/17,-0.379999999999999,-1.2933968686181043
CWH,30.2600,30.2600,29.2350,29.3800,265233,05/11/17,-0.8800000000000026,-2.9081295439524206
CWH,30.2800,30.5800,29.6300,30.2600,242708,05/10/17,-0.259999999999998,-0.8519003931847904
CWH,31.6900,31.7200,30.4800,30.5200,182662,05/09/17,-1.0700000000000003,-3.387147831592277
CWH,31.9800,32.1917,31.5000,31.5900,189976,05/08/17,-0.2699999999999996,-0.8474576271186427
CWH,32.7300,32.7300,30.4000,31.8600,675316,05/05/17,0.7800000000000011,2.5096525096525135
CWH,31.2700,31.5700,30.5501,31.0800,282681,05/04/17,-0.13000000000000256,-0.41653316244794153
CWH,31.2900,31.3800,30.9000,31.2100,150476,05/03/17,-0.07000000000000028,-0.22378516624041012
CWH,31.5900,31.7500,30.8000,31.2800,124384,05/02/17,-0.34999999999999787,-1.1065444198545618
CWH,31.2500,32.0400,31.1100,31.6300,206399,05/01/17,0.7099999999999973,2.296248382923665
CWH,31.9100,32.1200,30.8700,30.9200,165631,04/28/17,-1.0499999999999972,-3.284329058492328
CWH,31.6800,32.0300,31.5000,31.9700,264356,04/27/17,0.33999999999999986,1.0749288650015805
CWH,31.2800,32.0600,31.2800,31.6300,196056,04/26/17,0.28999999999999915,0.9253350350989125
CWH,31.2200,31.5100,30.4100,31.3400,324016,04/25/17,0.3200000000000003,1.031592520954224
CWH,30.6700,31.1500,30.2300,31.0200,219335,04/24/17,0.6799999999999997,2.2412656558998014
CWH,30.8400,31.3500,30.1700,30.3400,138235,04/21/17,-0.7300000000000004,-2.3495333118764097
CWH,30.8700,31.2200,30.5100,31.0700,171897,04/20/17,0.5,1.6355904481517827
CWH,30.1800,31.0500,30.1000,30.5700,328928,04/19/17,0.4800000000000004,1.5952143569292139
CWH,29.6500,30.1600,29.3250,30.0900,310546,04/18/17,0.46000000000000085,1.552480593992578
CWH,29.3700,29.6700,28.8300,29.6300,325088,04/17/17,0.34999999999999787,1.1953551912568232
CWH,28.4800,29.3500,28.3400,29.2800,241917,04/13/17,0.8100000000000023,2.845100105374086
CWH,28.5900,28.6700,28.2100,28.4700,599953,04/12/17,-0.2699999999999996,-0.9394572025052178
CWH,28.6000,29.1400,28.3500,28.7400,229234,04/11/17,0.0,0.0
CWH,28.5200,29.1700,28.5200,28.7400,272322,04/10/17,0.10999999999999943,0.3842123646524605
CWH,28.6100,28.8900,28.3100,28.6300,196982,04/07/17,0.019999999999999574,0.06990562740300445
CWH,28.4500,28.9000,28.0000,28.6100,331910,04/06/17,0.3200000000000003,1.1311417462000717
CWH,29.4500,29.6090,27.8100,28.2900,431286,04/05/17,-0.4400000000000013,-1.5315001740341152
CWH,30.0000,30.1098,28.3300,28.7300,584730,04/04/17,-1.3900000000000006,-4.61487383798141
CWH,32.1200,32.1200,30.0100,30.1200,377190,04/03/17,-2.120000000000001,-6.575682382133998
CWH,31.3000,32.5200,31.2950,32.2400,339118,03/31/17,0.9500000000000028,3.036113774368817
CWH,31.3700,31.5000,29.7000,31.2900,420316,03/30/17,-0.4299999999999997,-1.35561160151324
CWH,31.3600,31.9300,30.8700,31.7200,108665,03/29/17,0.21999999999999886,0.6984126984126948
CWH,31.1800,31.7400,30.9800,31.5000,148489,03/28/17,0.2699999999999996,0.8645533141210361
CWH,30.2800,31.3200,30.2800,31.2300,147242,03/27/17,0.15000000000000213,0.4826254826254895
CWH,31.4400,31.6400,30.7400,31.0800,121332,03/24/17,-0.21000000000000085,-0.6711409395973181
CWH,30.4700,32.1000,30.4008,31.2900,358083,03/23/17,0.8999999999999986,2.961500493583411
CWH,32.0500,32.0500,30.0300,30.3900,435262,03/22/17,-1.6400000000000006,-5.120199812675618
CWH,33.8300,34.0552,31.9700,32.0300,396850,03/21/17,-1.740000000000002,-5.152502220906135
CWH,33.9500,33.9500,33.2850,33.7700,535310,03/20/17,-0.269999999999996,-0.793184488836651
CWH,33.7500,34.3000,33.5400,34.0400,690824,03/17/17,0.259999999999998,0.7696862048549379
CWH,32.6100,34.0300,32.2500,33.7800,276620,03/16/17,1.009999999999998,3.0820872749465913
CWH,32.9400,33.2399,32.0500,32.7700,415300,03/15/17,-0.4199999999999946,-1.265441398011433
CWH,33.0400,33.4200,32.6400,33.1900,195958,03/14/17,-0.1600000000000037,-0.47976011994004103
CWH,32.0000,33.5600,31.8900,33.3500,404610,03/13/17,1.6000000000000014,5.039370078740162
CWH,33.8100,33.8200,31.6500,31.7500,587776,03/10/17,-1.6099999999999994,-4.826139088729015
CWH,33.6600,34.7900,31.9200,33.3600,1.21 M,03/09/17,-2.1300000000000026,-6.00169061707524
CWH,35.4900,35.8100,35.1500,35.4900,265438,03/08/17,0.23000000000000398,0.6522972206466364
CWH,36.0000,36.6000,35.1200,35.2600,267807,03/07/17,-0.6799999999999997,-1.8920422927100717
CWH,34.9000,36.2199,34.7700,35.9400,233512,03/06/17,0.7899999999999991,2.2475106685632977
CWH,35.3600,35.8200,34.5500,35.1500,115241,03/03/17,-0.07000000000000028,-0.19875070982396448
CWH,35.9000,35.9100,34.8600,35.2200,150393,03/02/17,-1.1700000000000017,-3.2151690024732114
CWH,35.8600,36.4500,35.3400,36.3900,154527,03/01/17,1.2199999999999989,3.46886551037816
CWH,35.5800,35.7700,34.8600,35.1700,267869,02/28/17,-0.28999999999999915,-0.8178228990411708
CWH,34.8800,35.4900,34.8010,35.4600,198999,02/27/17,0.6600000000000037,1.8965517241379417
CWH,33.5500,35.4200,33.5500,34.8000,200871,02/24/17,1.0499999999999972,3.1111111111111027
CWH,34.4300,34.4300,33.7500,33.7500,151399,02/23/17,-0.38000000000000256,-1.113389979490192
CWH,33.9600,34.2750,33.5800,34.1300,99494,02/22/17,0.23000000000000398,0.678466076696177
CWH,33.1200,33.9600,32.9900,33.9000,118805,02/21/17,0.9399999999999977,2.8519417475728086
CWH,33.6300,33.9100,32.9200,32.9600,97794,02/17/17,-0.6700000000000017,-1.9922688076122559
CWH,35.4900,35.8500,33.3510,33.6300,219009,02/16/17,-0.7199999999999989,-2.0960698689956296
CWH,33.2700,34.6090,33.2700,34.3500,221057,02/15/17,1.1600000000000037,3.495028623079252
CWH,32.6500,33.2692,32.2300,33.1900,87237,02/14/17,0.44999999999999574,1.3744654856444585
CWH,33.2300,33.4000,32.5100,32.7400,115313,02/13/17,-0.3500000000000014,-1.0577213659715967
CWH,33.4200,33.6400,32.8300,33.0900,125748,02/10/17,-0.04999999999999716,-0.15087507543752915
CWH,31.9500,33.1400,31.5900,33.1400,220977,02/09/17,1.3399999999999999,4.213836477987421
CWH,31.3700,31.8100,30.7500,31.8000,184018,02/08/17,0.4299999999999997,1.3707363723302508
CWH,31.7500,31.9900,31.2800,31.3700,82853,02/07/17,-0.379999999999999,-1.1968503937007842
CWH,32.0100,32.0700,31.5400,31.7500,143332,02/06/17,-0.14000000000000057,-0.4390090937598011
CWH,31.9600,32.5000,31.7700,31.8900,176012,02/03/17,0.08000000000000185,0.2514932411191507
CWH,32.0000,32.4800,31.5750,31.8100,107715,02/02/17,-0.23999999999999844,-0.7488299531981231
CWH,31.6300,32.4499,31.5550,32.0500,114770,02/01/17,0.5699999999999967,1.8106734434561522
CWH,32.7500,32.8117,31.0000,31.4800,221571,01/31/17,-1.2799999999999976,-3.9072039072039
CWH,32.1200,33.2900,31.7500,32.7600,220885,01/30/17,0.4399999999999977,1.3613861386138544
CWH,32.0200,32.3700,31.7500,32.3200,78159,01/27/17,0.09000000000000341,0.2792429413589929
CWH,31.0900,32.3100,31.0800,32.2300,177846,01/26/17,1.0799999999999983,3.467094703049754
CWH,31.6500,31.8642,30.8900,31.1500,140284,01/25/17,-0.4299999999999997,-1.3616212792906894
CWH,31.9000,31.9100,31.4300,31.5800,96143,01/24/17,-0.15000000000000213,-0.4727387330602021
CWH,31.2700,31.8500,31.2000,31.7300,175045,01/23/17,0.5100000000000016,1.6335682254964816
CWH,30.8700,31.3500,30.5050,31.2200,160541,01/20/17,0.5299999999999976,1.7269468882372028
CWH,31.2700,31.4687,30.6600,30.6900,276620,01/19/17,-0.5799999999999983,-1.8548129197313665
CWH,31.4100,31.6004,30.9400,31.2700,162303,01/18/17,0.0,0.0
CWH,30.7000,31.2900,29.4110,31.2700,315131,01/17/17,0.46999999999999886,1.5259740259740222
CWH,31.7500,31.8975,30.7600,30.8000,332162,01/13/17,-0.9299999999999997,-2.9309801449732107
CWH,32.0800,32.2500,31.5400,31.7300,173426,01/12/17,-0.4700000000000024,-1.459627329192554
CWH,32.3300,32.6300,31.3500,32.2000,370700,01/11/17,0.0,0.0
CWH,32.4700,32.6800,32.1800,32.2000,206103,01/10/17,-0.20999999999999375,-0.647948164146849
CWH,32.7500,32.7500,32.1100,32.4100,327283,01/09/17,-0.39000000000000057,-1.1890243902439044
CWH,33.3900,33.4550,32.7500,32.8000,364722,01/06/17,-0.4299999999999997,-1.294011435449894
CWH,34.0700,34.0700,33.1100,33.2300,344392,01/05/17,-0.980000000000004,-2.8646594562993393
CWH,32.9300,34.2900,32.5600,34.2100,346742,01/04/17,1.3400000000000034,4.076665652570744
CWH,34.0700,34.1400,32.2000,32.8700,279269,01/03/17,0.27999999999999403,0.8591592513040626
CWH,32.0500,32.7400,32.0500,32.5900,179328,12/30/16,0.5,1.558117793705204
CWH,33.0400,33.2700,32.0000,32.0900,259427,12/29/16,-0.759999999999998,-2.313546423135458
CWH,33.5600,33.5900,32.1400,32.8500,304014,12/28/16,-0.37999999999999545,-1.1435449894673353
CWH,32.4300,33.5000,32.3200,33.2300,309515,12/27/16,0.9599999999999937,2.9748992872636926
CWH,32.5000,32.6000,31.7500,32.2700,168124,12/23/16,-0.03999999999999915,-0.12380068090374233
CWH,33.0048,33.3100,32.1100,32.3100,252593,12/22/16,-0.04999999999999716,-0.15451174289245104
CWH,32.2000,32.6100,31.5700,32.3600,228417,12/21/16,0.29999999999999716,0.9357454772301844
CWH,31.9700,32.3000,31.5500,32.0600,246323,12/20/16,0.22000000000000242,0.6909547738693543
CWH,32.0000,32.3500,31.5100,31.8400,316939,12/19/16,0.07000000000000028,0.22033364809568864
CWH,31.9600,32.7000,31.2100,31.7700,1.81 M,12/16/16,0.1999999999999993,0.6335128286347776
CWH,30.2900,33.0312,30.0800,31.5700,647717,12/15/16,1.5,4.988360492184902
CWH,30.5100,30.6400,29.7500,30.0700,542739,12/14/16,-0.5300000000000011,-1.7320261437908533
CWH,31.4400,31.5400,30.1800,30.6000,493743,12/13/16,-0.34999999999999787,-1.1308562197092016
CWH,30.5000,31.3300,30.3614,30.9500,374152,12/12/16,0.6899999999999977,2.28023793787177
CWH,28.9700,30.3400,28.9040,30.2600,420375,12/09/16,1.5,5.21557719054242
CWH,28.4000,29.1400,28.0500,28.7600,311358,12/08/16,0.7100000000000009,2.5311942959001814
CWH,27.3000,28.2400,27.0800,28.0500,161163,12/07/16,0.8399999999999999,3.087100330760749
CWH,26.9900,27.3800,26.7900,27.2100,189473,12/06/16,0.1700000000000017,0.6286982248520774
CWH,27.1800,27.6100,26.7400,27.0400,212610,12/05/16,-0.030000000000001137,-0.11082379017362813
CWH,27.8600,27.8940,26.6800,27.0700,193410,12/02/16,-0.7199999999999989,-2.590860021590496
CWH,28.0000,28.1902,27.0000,27.7900,244855,12/01/16,-0.10999999999999943,-0.3942652329749084
CWH,27.8800,28.2200,27.6700,27.9000,215939,11/30/16,0.22999999999999687,0.831225153595941
CWH,27.4500,27.8900,26.9500,27.6700,423255,11/29/16,0.8300000000000018,3.0923994038748206
CWH,26.9700,27.0267,26.4221,26.8400,137750,11/28/16,-0.08000000000000185,-0.2971768202080306
CWH,26.1300,27.0668,25.9100,26.9200,89158,11/25/16,0.8100000000000023,3.102259670624291
CWH,24.9800,26.3476,24.9800,26.1100,276305,11/23/16,0.879999999999999,3.4879112168053865
CWH,24.1000,25.2800,24.1000,25.2300,326500,11/22/16,1.129999999999999,4.688796680497921
CWH,24.3200,24.3249,23.8900,24.1000,100084,11/21/16,0.120000000000001,0.5004170141784862
CWH,23.9500,24.2200,23.4850,23.9800,91502,11/18/16,-0.00999999999999801,-0.04168403501458112
CWH,24.2400,24.6600,23.9300,23.9900,121559,11/17/16,-0.010000000000001563,-0.04166666666667318
CWH,24.2000,24.3100,23.4400,24.0000,99345,11/16/16,0.019999999999999574,0.0834028356964119
CWH,24.4800,24.6100,23.0700,23.9800,225617,11/15/16,-0.5199999999999996,-2.122448979591835
CWH,24.5000,24.9700,24.2200,24.5000,526787,11/14/16,0.4299999999999997,1.7864561695056074
CWH,22.6050,24.3800,22.3200,24.0700,1.04 M,11/11/16,1.8000000000000007,8.082622361921871
CWH,22.1600,22.4600,21.9301,22.2700,231857,11/10/16,0.3299999999999983,1.5041020966271572
CWH,20.7100,21.9800,20.5100,21.9400,168701,11/09/16,0.9299999999999997,4.426463588767252
CWH,21.2100,21.5000,20.8950,21.0100,166820,11/08/16,-0.2699999999999996,-1.268796992481201
CWH,22.1500,22.2550,21.2800,21.2800,109346,11/07/16,-0.75,-3.4044484793463456
CWH,21.6600,22.1600,21.6000,22.0300,254544,11/04/16,0.370000000000001,1.7082179132040674
CWH,21.5500,21.8680,21.4100,21.6600,175240,11/03/16,0.08000000000000185,0.3707136237256805
CWH,21.9500,22.5400,21.5000,21.5800,467842,11/02/16,-0.360000000000003,-1.6408386508660118
CWH,22.2100,22.4900,21.9000,21.9400,273187,11/01/16,-0.41999999999999815,-1.8783542039355912
CWH,22.4600,22.6799,22.1500,22.3600,163277,10/31/16,0.0,0.0
CWH,22.0900,22.7000,22.0800,22.3600,191100,10/28/16,0.09999999999999787,0.44923629829289247
CWH,22.8200,22.8400,22.0000,22.2600,240207,10/27/16,-0.4299999999999997,-1.8951079770824137
CWH,23.0300,23.0300,22.4500,22.6900,141965,10/26/16,-0.07000000000000028,-0.3075571177504406
CWH,22.4000,22.9700,22.4000,22.7600,154970,10/25/16,0.2900000000000027,1.2906097018246672
CWH,22.1500,23.0000,22.0000,22.4700,384022,10/24/16,0.5499999999999972,2.5091240875912275
CWH,21.5500,22.1800,21.5300,21.9200,314543,10/21/16,0.240000000000002,1.1070110701107103
CWH,21.7500,21.7500,21.1500,21.6800,295242,10/20/16,0.3200000000000003,1.4981273408239715
CWH,21.2700,21.5600,21.0700,21.3600,373442,10/19/16,0.21000000000000085,0.9929078014184438
CWH,20.5800,21.3600,20.5000,21.1500,284453,10/18/16,0.629999999999999,3.0701754385964866
CWH,21.0300,21.0300,20.4500,20.5200,321013,10/17/16,-0.5399999999999991,-2.5641025641025603
CWH,21.0500,21.1860,20.8500,21.0600,285277,10/14/16,0.05999999999999872,0.28571428571427965
CWH,21.5000,21.5000,20.8300,21.0000,665763,10/13/16,-0.3999999999999986,-1.8691588785046664
CWH,21.6200,21.8000,21.1000,21.4000,742749,10/12/16,-0.3000000000000007,-1.3824884792626762
CWH,22.1600,22.3050,21.6000,21.7000,713914,10/11/16,-0.5600000000000023,-2.5157232704402617
CWH,22.6100,22.9900,22.0000,22.2600,946205,10/10/16,-0.23999999999999844,-1.0666666666666598