FDC,15.1600,15.4700,15.1500,15.3900,7.16 M,04/26/18,0.40000000000000036,2.6684456304202824
FDC,15.0200,15.1000,14.7322,14.9900,4.61 M,04/25/18,0.0,0.0
FDC,15.2900,15.3800,14.9100,14.9900,5.92 M,04/24/18,-0.15000000000000036,-0.9907529722589191
FDC,15.1400,15.2500,15.0000,15.1400,4.74 M,04/23/18,0.02000000000000135,0.1322751322751412
FDC,15.2300,15.3900,15.0000,15.1200,3.37 M,04/20/18,-0.10000000000000142,-0.6570302233902853
FDC,15.1700,15.3000,15.0000,15.2200,5.11 M,04/19/18,0.0,0.0
FDC,15.2800,15.4850,15.2200,15.2200,5.35 M,04/18/18,-0.08999999999999986,-0.5878510777269749
FDC,15.2800,15.3900,15.1500,15.3100,4.70 M,04/17/18,0.09999999999999964,0.657462195923732
FDC,15.2000,15.3300,15.1400,15.2100,4.55 M,04/16/18,0.07000000000000028,0.462351387054163
FDC,15.5000,15.5300,14.9700,15.1400,10.69 M,04/13/18,-0.29999999999999893,-1.9430051813471434
FDC,15.2400,15.5300,14.8900,15.4400,11.34 M,04/12/18,0.28999999999999915,1.9141914191419085
FDC,15.3000,15.4800,15.1500,15.1500,4.18 M,04/11/18,-0.25,-1.6233766233766234
FDC,15.5800,15.7000,15.2700,15.4000,9.94 M,04/10/18,-0.20999999999999908,-1.345291479820622
FDC,15.5900,15.9550,15.4800,15.6100,3.92 M,04/09/18,0.1399999999999988,0.904977375565603
FDC,15.7000,15.8700,15.3500,15.4700,7.78 M,04/06/18,-0.34999999999999964,-2.212389380530971
FDC,15.8700,16.1300,15.7150,15.8200,8.87 M,04/05/18,0.019999999999999574,0.12658227848100995
FDC,15.4000,15.8550,15.2500,15.8000,7.93 M,04/04/18,0.16999999999999993,1.0876519513755594
FDC,15.8700,15.9300,15.4500,15.6300,5.05 M,04/03/18,-0.16999999999999993,-1.0759493670886071
FDC,16.0000,16.1500,15.6300,15.8000,6.06 M,04/02/18,-0.1999999999999993,-1.2499999999999956
FDC,15.8700,16.2000,15.6400,16.0000,8.90 M,03/29/18,0.16999999999999993,1.073910296904611
FDC,15.8500,16.0200,15.7600,15.8300,8.04 M,03/28/18,0.040000000000000924,0.25332488917036683
FDC,16.0800,16.1900,15.6800,15.7900,5.74 M,03/27/18,-0.14000000000000057,-0.8788449466415604
FDC,16.1900,16.2152,15.6600,15.9300,7.83 M,03/26/18,-0.040000000000000924,-0.2504696305573007
FDC,16.4000,16.5400,15.9100,15.9700,4.31 M,03/23/18,-0.5099999999999998,-3.094660194174756
FDC,16.7200,17.0000,16.4200,16.4800,9.84 M,03/22/18,-0.4299999999999997,-2.542874039030158
FDC,17.1700,17.3301,16.9100,16.9100,12.65 M,03/21/18,-0.28999999999999915,-1.686046511627902
FDC,16.5400,17.2500,16.5100,17.2000,12.36 M,03/20/18,0.6999999999999993,4.242424242424238
FDC,16.5800,16.6250,16.1800,16.5000,8.27 M,03/19/18,-0.14999999999999858,-0.9009009009008925
FDC,16.5200,16.6950,16.3800,16.6500,9.49 M,03/16/18,0.129999999999999,0.7869249394673064
FDC,16.0000,16.5200,16.0000,16.5200,16.85 M,03/15/18,0.5299999999999994,3.31457160725453
FDC,15.6900,16.2000,15.6200,15.9900,11.51 M,03/14/18,0.39000000000000057,2.5000000000000036
FDC,15.7700,15.8150,15.4900,15.6000,9.26 M,03/13/18,-0.05000000000000071,-0.31948881789137834
FDC,15.6300,15.8000,15.5900,15.6500,7.56 M,03/12/18,0.030000000000001137,0.19206145966710075
FDC,15.3200,15.6500,15.1500,15.6200,6.88 M,03/09/18,0.41999999999999993,2.7631578947368416
FDC,15.2700,15.3050,15.1200,15.2000,5.47 M,03/08/18,0.049999999999998934,0.330033003300323
FDC,15.2600,15.3500,15.1300,15.1500,5.17 M,03/07/18,-0.20999999999999908,-1.367187499999994
FDC,15.6600,15.7450,15.3600,15.3600,5.46 M,03/06/18,-0.25,-1.6015374759769379
FDC,15.4300,15.7000,15.2400,15.6100,9.58 M,03/05/18,0.05999999999999872,0.3858520900321461
FDC,15.3000,15.5800,15.1100,15.5500,4.91 M,03/02/18,0.15000000000000036,0.9740259740259763
FDC,15.5700,15.7700,15.1400,15.4000,6.05 M,03/01/18,-0.21999999999999886,-1.408450704225345
FDC,15.5800,15.8850,15.4800,15.6200,7.92 M,02/28/18,0.129999999999999,0.8392511297611298
FDC,15.8900,15.8900,15.4750,15.4900,8.79 M,02/27/18,-0.4399999999999995,-2.7620841180163183
FDC,16.0800,16.0800,15.8100,15.9300,4.18 M,02/26/18,-0.10999999999999943,-0.6857855361595975
FDC,15.7800,16.0400,15.7100,16.0400,6.16 M,02/23/18,0.3699999999999992,2.3611997447351576
FDC,15.4900,16.1000,15.4900,15.6700,14.24 M,02/22/18,0.23000000000000043,1.4896373056994847
FDC,15.8700,15.9500,15.4200,15.4400,6.20 M,02/21/18,-0.3800000000000008,-2.4020227560050618
FDC,15.5900,15.9400,15.5300,15.8200,4.54 M,02/20/18,0.16000000000000014,1.0217113665389537
FDC,15.7200,15.9300,15.6200,15.6600,5.56 M,02/16/18,-0.17999999999999972,-1.1363636363636347
FDC,15.9600,15.9600,15.6250,15.8400,9.01 M,02/15/18,0.0,0.0
FDC,15.6200,15.9700,15.5700,15.8400,10.17 M,02/14/18,0.33999999999999986,2.193548387096773
FDC,16.1500,16.2700,15.4200,15.5000,15.27 M,02/13/18,-0.8200000000000003,-5.02450980392157
FDC,16.0700,16.7500,16.0000,16.3200,24.96 M,02/12/18,0.4900000000000002,3.095388502842705
FDC,16.0800,16.1000,15.1100,15.8300,15.93 M,02/09/18,-0.09999999999999964,-0.6277463904582526
FDC,16.6400,16.7000,15.8100,15.9300,12.99 M,02/08/18,-0.6499999999999986,-3.9203860072376275
FDC,16.4800,17.0000,16.4000,16.5800,8.98 M,02/07/18,0.09999999999999787,0.6067961165048414
FDC,16.0500,16.7300,15.9100,16.4800,6.80 M,02/06/18,0.17999999999999972,1.1042944785276056
FDC,16.7700,17.3000,16.2900,16.3000,10.80 M,02/05/18,-0.8499999999999979,-4.956268221574332
FDC,17.5200,17.6400,17.1500,17.1500,5.20 M,02/02/18,-0.5100000000000016,-2.887882219705558
FDC,17.6000,17.7600,17.4400,17.6600,7.85 M,02/01/18,-0.03999999999999915,-0.22598870056496695
FDC,17.7900,17.8400,17.5600,17.7000,3.86 M,01/31/18,-0.010000000000001563,-0.05646527385658703
FDC,17.8600,17.9200,17.6200,17.7100,4.32 M,01/30/18,-0.34999999999999787,-1.9379844961240194
FDC,18.2600,18.4000,17.9900,18.0600,4.80 M,01/29/18,-0.41000000000000014,-2.2198159177043864
FDC,18.2800,18.4950,18.1700,18.4700,3.10 M,01/26/18,0.23999999999999844,1.3165112452002108
FDC,18.2500,18.3800,18.0700,18.2300,4.45 M,01/25/18,0.05999999999999872,0.33021463951567814
FDC,18.2000,18.4400,18.1200,18.1700,5.99 M,01/24/18,0.020000000000003126,0.11019283746558198
FDC,18.2500,18.3800,17.8500,18.1500,5.67 M,01/23/18,-0.07000000000000028,-0.3841931942919884
FDC,17.7300,18.2300,17.6700,18.2200,7.17 M,01/22/18,0.21999999999999886,1.2222222222222159
FDC,17.7800,18.0400,17.7000,18.0000,6.57 M,01/19/18,0.4400000000000013,2.505694760820053
FDC,18.0000,18.0500,17.5600,17.5600,10.39 M,01/18/18,-0.0400000000000027,-0.2272727272727426
FDC,17.6300,17.7500,17.3100,17.6000,3.32 M,01/17/18,0.13000000000000256,0.744132799084159
FDC,17.8300,17.9600,17.4400,17.4700,5.99 M,01/16/18,-0.19000000000000128,-1.0758776896942315
FDC,17.8900,17.9300,17.6000,17.6600,5.82 M,01/12/18,-0.1999999999999993,-1.1198208286674092
FDC,17.6100,17.8900,17.6100,17.8600,10.46 M,01/11/18,0.23999999999999844,1.3620885357548151
FDC,17.2700,17.6950,17.1500,17.6200,8.92 M,01/10/18,0.3500000000000014,2.0266357845975764
FDC,17.3500,17.3700,17.0800,17.2700,5.82 M,01/09/18,0.030000000000001137,0.1740139211136957
FDC,17.2300,17.3200,17.0800,17.2400,4.25 M,01/08/18,-0.16000000000000014,-0.9195402298850583
FDC,16.6900,17.4400,16.6600,17.4000,8.20 M,01/05/18,0.75,4.504504504504505
FDC,16.7300,16.7800,16.3900,16.6500,7.97 M,01/04/18,0.029999999999997584,0.1805054151624403
FDC,16.6500,16.8500,16.4800,16.6200,6.04 M,01/03/18,-0.029999999999997584,-0.18018018018016568
FDC,16.8100,16.8800,16.6500,16.6500,3.14 M,01/02/18,-0.060000000000002274,-0.3590664272890621
FDC,16.7300,16.8400,16.5500,16.7100,4.78 M,12/29/17,-0.00999999999999801,-0.059808612440179494
FDC,16.8700,16.9200,16.5700,16.7200,3.30 M,12/28/17,0.08999999999999986,0.5411906193625969
FDC,16.6000,16.7500,16.5000,16.6300,3.68 M,12/27/17,0.0799999999999983,0.48338368580059393
FDC,16.5300,16.5800,16.4001,16.5500,3.79 M,12/26/17,-0.07000000000000028,-0.42117930204572973
FDC,16.3300,16.7600,16.3300,16.6200,5.09 M,12/22/17,0.1999999999999993,1.2180267965895206
FDC,16.2500,16.6600,16.1200,16.4200,10.87 M,12/21/17,0.25,1.546072974644403
FDC,16.5100,16.5800,16.1500,16.1700,3.83 M,12/20/17,-0.22999999999999687,-1.402439024390225
FDC,16.3100,16.5900,16.2900,16.4000,11.79 M,12/19/17,0.13999999999999702,0.8610086100860824
FDC,16.5600,16.6200,16.2500,16.2600,8.53 M,12/18/17,-0.21999999999999886,-1.3349514563106726
FDC,16.2800,16.5550,16.2600,16.4800,10.25 M,12/15/17,0.21999999999999886,1.3530135301352941
FDC,16.5400,16.6300,16.2500,16.2600,5.76 M,12/14/17,-0.3099999999999987,-1.8708509354254599
FDC,16.7500,17.0600,16.5350,16.5700,8.96 M,12/13/17,-0.16000000000000014,-0.9563658099222961
FDC,16.3600,16.7750,16.3000,16.7300,5.66 M,12/12/17,0.3099999999999987,1.8879415347137558
FDC,16.4800,16.7300,16.4000,16.4200,3.57 M,12/11/17,-0.09999999999999787,-0.6053268765133043
FDC,16.6500,16.6500,16.3600,16.5200,4.36 M,12/08/17,0.019999999999999574,0.12121212121211863
FDC,16.2800,16.7200,16.2700,16.5000,5.85 M,12/07/17,0.25,1.5384615384615385
FDC,16.0900,16.4100,16.0500,16.2500,5.72 M,12/06/17,0.0,0.0
FDC,15.8400,16.4150,15.8100,16.2500,7.88 M,12/05/17,0.27999999999999936,1.7532874139010604
FDC,16.4900,16.5301,15.8800,15.9700,5.97 M,12/04/17,-0.3199999999999985,-1.9643953345610714
FDC,16.3500,16.4500,15.9300,16.2900,3.43 M,12/01/17,-0.16000000000000014,-0.972644376899697
FDC,16.3400,16.4700,16.1700,16.4500,6.03 M,11/30/17,0.2799999999999976,1.7316017316017165
FDC,16.7300,16.8400,16.1700,16.1700,9.01 M,11/29/17,-0.4499999999999993,-2.7075812274368185
FDC,16.8100,16.9400,16.6200,16.6200,4.34 M,11/28/17,-0.129999999999999,-0.7761194029850687
FDC,16.7300,16.8900,16.6600,16.7500,3.13 M,11/27/17,-0.05000000000000071,-0.29761904761905184
FDC,16.7200,16.8050,16.6700,16.8000,892979,11/24/17,0.08000000000000185,0.4784688995215422
FDC,16.7700,16.8200,16.6500,16.7200,2.45 M,11/22/17,-0.05000000000000071,-0.2981514609421629
FDC,16.6800,16.8600,16.5600,16.7700,4.44 M,11/21/17,0.14999999999999858,0.9025270758122658
FDC,17.1200,17.1200,16.5600,16.6200,5.92 M,11/20/17,-0.10999999999999943,-0.6575014943215746
FDC,16.6400,16.7300,16.6100,16.7300,3.52 M,11/17/17,-0.03999999999999915,-0.2385211687537218
FDC,16.9600,17.0300,16.7500,16.7700,4.03 M,11/16/17,0.030000000000001137,0.17921146953405698
FDC,16.8200,16.9000,16.5000,16.7400,6.94 M,11/15/17,-0.14000000000000057,-0.8293838862559276
FDC,17.0800,17.1050,16.7450,16.8800,4.69 M,11/14/17,-0.25,-1.4594279042615295
FDC,16.9300,17.1800,16.8200,17.1300,4.28 M,11/13/17,0.05999999999999872,0.3514938488576375
FDC,16.8400,17.1200,16.8300,17.0700,4.47 M,11/10/17,0.3200000000000003,1.9104477611940316
FDC,16.7400,16.8700,16.6114,16.7500,5.55 M,11/09/17,-0.08999999999999986,-0.5344418052256523
FDC,16.8300,16.9300,16.6000,16.8400,11.56 M,11/08/17,0.0,0.0
FDC,17.4000,17.4400,16.8200,16.8400,6.84 M,11/07/17,-0.5399999999999991,-3.1070195627157604
FDC,17.1200,17.4200,17.1200,17.3800,6.69 M,11/06/17,0.25,1.4594279042615295
FDC,17.0600,17.6000,16.9900,17.1300,7.04 M,11/03/17,0.07000000000000028,0.41031652989449174
FDC,17.3700,17.4400,17.0500,17.0600,5.40 M,11/02/17,-0.28000000000000114,-1.614763552479822
FDC,17.8700,17.9000,17.2000,17.3400,9.96 M,11/01/17,-0.46999999999999886,-2.6389668725435085
FDC,17.7600,17.8600,17.4000,17.8100,9.97 M,10/31/17,0.00999999999999801,0.056179775280887696
FDC,18.4100,18.5400,17.8000,17.8000,14.55 M,10/30/17,-1.1699999999999982,-6.167633104902468
FDC,18.7000,18.9900,18.5800,18.9700,6.06 M,10/27/17,0.33999999999999986,1.8250134192163172
FDC,18.8300,18.8700,18.5900,18.6300,5.45 M,10/26/17,-0.15000000000000213,-0.7987220447284458
FDC,18.9300,19.0850,18.5600,18.7800,4.79 M,10/25/17,-0.11999999999999744,-0.6349206349206215
FDC,19.0000,19.0900,18.8900,18.9000,4.93 M,10/24/17,-0.010000000000001563,-0.052882072977268976
FDC,19.1200,19.2300,18.8900,18.9100,5.07 M,10/23/17,-0.16999999999999815,-0.8909853249475795
FDC,18.6200,19.1000,18.5700,19.0800,9.95 M,10/20/17,0.629999999999999,3.414634146341458
FDC,18.1400,18.5200,17.9500,18.4500,8.11 M,10/19/17,0.21000000000000085,1.151315789473689
FDC,18.1900,18.3150,18.0800,18.2400,8.24 M,10/18/17,0.16000000000000014,0.8849557522123902
FDC,18.0300,18.1700,17.8900,18.0800,6.05 M,10/17/17,0.06999999999999673,0.38867295946694463
FDC,17.7500,18.0100,17.6300,18.0100,6.86 M,10/16/17,0.39000000000000057,2.213393870601592
FDC,17.5800,17.8400,17.5200,17.6200,6.96 M,10/13/17,0.08000000000000185,0.4561003420752671
FDC,17.8000,17.9000,17.5400,17.5400,7.80 M,10/12/17,-0.28999999999999915,-1.6264722378014536
FDC,17.9000,17.9500,17.6750,17.8300,7.46 M,10/11/17,-0.1700000000000017,-0.944444444444454
FDC,18.0000,18.0500,17.8500,18.0000,5.12 M,10/10/17,0.019999999999999574,0.11123470522802877
FDC,18.0600,18.1600,17.9300,17.9800,5.61 M,10/09/17,-0.08999999999999986,-0.49806308799114474
FDC,17.9600,18.1500,17.8700,18.0700,4.86 M,10/06/17,0.129999999999999,0.7246376811594147
FDC,17.7700,18.0100,17.6600,17.9400,5.89 M,10/05/17,0.20000000000000284,1.1273957158962957
FDC,17.9200,17.9600,17.7100,17.7400,4.14 M,10/04/17,-0.18000000000000327,-1.0044642857143038
FDC,17.9100,18.0050,17.7900,17.9200,5.28 M,10/03/17,-0.03999999999999915,-0.22271714922048522
FDC,18.1300,18.1900,17.8950,17.9600,4.41 M,10/02/17,-0.0799999999999983,-0.4434589800443365
FDC,17.9000,18.1400,17.7800,18.0400,3.94 M,09/29/17,0.16000000000000014,0.8948545861297548
FDC,17.5600,17.9200,17.5500,17.8800,5.67 M,09/28/17,0.3299999999999983,1.8803418803418706
FDC,17.9400,17.9900,17.5400,17.5500,10.99 M,09/27/17,-0.25,-1.4044943820224718
FDC,18.0800,18.1400,17.7800,17.8000,8.10 M,09/26/17,-0.21999999999999886,-1.2208657047724687
FDC,18.2000,18.2000,17.9100,18.0200,6.26 M,09/25/17,-0.16000000000000014,-0.8800880088008809
FDC,18.3100,18.3100,18.0300,18.1800,10.78 M,09/22/17,-0.129999999999999,-0.7099945385035445
FDC,18.3000,18.4600,18.1000,18.3100,5.88 M,09/21/17,-0.019999999999999574,-0.10911074740861744
FDC,18.2000,18.3800,18.1300,18.3300,5.68 M,09/20/17,0.0799999999999983,0.4383561643835523
FDC,18.1500,18.2900,18.0000,18.2500,7.06 M,09/19/17,0.10000000000000142,0.5509641873278316
FDC,18.0000,18.1900,17.7500,18.1500,17.36 M,09/18/17,0.18999999999999773,1.0579064587973146
FDC,17.8700,18.2100,17.6000,17.9600,20.37 M,09/15/17,0.15000000000000213,0.8422234699607083
FDC,17.8800,18.1200,17.7500,17.8100,56.39 M,09/14/17,-0.6000000000000014,-3.2590983161325444
FDC,18.9600,18.9600,18.3200,18.4100,6.22 M,09/13/17,0.030000000000001137,0.1632208922742173
FDC,18.3400,18.4700,17.9300,18.3800,7.66 M,09/12/17,-0.4700000000000024,-2.4933687002652647
FDC,18.6800,18.9700,18.6203,18.8500,3.28 M,09/11/17,0.360000000000003,1.9469983775013684
FDC,18.4600,18.5600,18.3547,18.4900,2.02 M,09/08/17,0.029999999999997584,0.16251354279521985
FDC,18.2400,18.5963,18.1100,18.4600,4.20 M,09/07/17,0.25,1.372872048325096
FDC,18.1600,18.2900,17.9200,18.2100,3.18 M,09/06/17,0.13000000000000256,0.7190265486725805
FDC,18.4800,18.5600,18.0100,18.0800,2.93 M,09/05/17,-0.46000000000000085,-2.4811218985976313
FDC,18.4700,18.5500,18.3700,18.5400,1.57 M,09/01/17,0.129999999999999,0.7061379684953776
FDC,18.4000,18.5000,18.3500,18.4100,1.46 M,08/31/17,0.07000000000000028,0.3816793893129787
FDC,18.1700,18.3400,18.1100,18.3400,1.21 M,08/30/17,0.16999999999999815,0.9356081452944311
FDC,18.2200,18.3100,18.1200,18.1700,1.38 M,08/29/17,-0.13999999999999702,-0.7646095030038068
FDC,18.1900,18.3300,18.1100,18.3100,1.42 M,08/28/17,0.14999999999999858,0.825991189427305
FDC,18.2900,18.3300,18.0650,18.1600,2.12 M,08/25/17,0.0,0.0
FDC,18.1800,18.2700,18.0500,18.1600,1.17 M,08/24/17,0.019999999999999574,0.110253583241453
FDC,18.0000,18.2500,17.7800,18.1400,2.27 M,08/23/17,0.17999999999999972,1.0022271714922033
FDC,17.7400,18.0000,17.6900,17.9600,2.12 M,08/22/17,0.2699999999999996,1.5262860373092118
FDC,17.7500,17.7900,17.5650,17.6900,3.02 M,08/21/17,-0.11999999999999744,-0.6737787759685426
FDC,17.6500,17.9550,17.5700,17.8100,3.50 M,08/18/17,0.23999999999999844,1.3659647125782495
FDC,17.9900,18.0100,17.5400,17.5700,1.85 M,08/17/17,-0.46000000000000085,-2.551303383250143
FDC,17.9200,18.1800,17.8500,18.0300,2.36 M,08/16/17,0.14000000000000057,0.782560089435442
FDC,17.7300,17.9100,17.6100,17.8900,2.06 M,08/15/17,0.21999999999999886,1.2450481041312895
FDC,17.6700,17.8600,17.6501,17.6700,5.29 M,08/14/17,0.20000000000000284,1.1448196908986998
FDC,17.4500,17.7300,17.3800,17.4700,4.89 M,08/11/17,-0.05000000000000071,-0.28538812785388534
FDC,17.8900,17.9600,17.4900,17.5200,4.73 M,08/10/17,-0.4299999999999997,-2.3955431754874636
FDC,17.9500,18.1100,17.7900,17.9500,2.81 M,08/09/17,-0.10000000000000142,-0.5540166204986228
FDC,18.3300,18.4400,17.9900,18.0500,3.15 M,08/08/17,-0.129999999999999,-0.7150715071507097
FDC,18.4400,18.5500,17.9100,18.1800,8.85 M,08/07/17,-0.3999999999999986,-2.1528525296017147
FDC,18.3100,18.6000,18.2500,18.5800,3.09 M,08/04/17,0.31999999999999673,1.7524644030667946
FDC,18.3000,18.3600,18.1300,18.2600,2.33 M,08/03/17,-0.04999999999999716,-0.27307482250134985
FDC,18.6900,18.7400,18.1200,18.3100,3.14 M,08/02/17,-0.3500000000000014,-1.8756698821007578
FDC,18.7700,18.9100,18.6150,18.6600,3.19 M,08/01/17,0.0,0.0
FDC,18.6200,18.8200,18.5500,18.6600,3.08 M,07/31/17,0.16000000000000014,0.8648648648648656
FDC,18.7000,18.7300,18.5000,18.5000,2.27 M,07/28/17,-0.28000000000000114,-1.490947816826417
FDC,19.1000,19.1850,18.6225,18.7800,3.70 M,07/27/17,-0.259999999999998,-1.3655462184873846
FDC,19.0400,19.1500,18.8250,19.0400,3.68 M,07/26/17,0.0,0.0
FDC,18.9500,19.2000,18.9100,19.0400,2.61 M,07/25/17,0.25,1.3304949441192124
FDC,18.5900,18.9900,18.4800,18.7900,5.05 M,07/24/17,0.21999999999999886,1.1847065158858312
FDC,18.5200,18.7000,18.4900,18.5700,2.53 M,07/21/17,0.030000000000001137,0.16181229773463396
FDC,18.7100,18.8050,18.5300,18.5400,3.71 M,07/20/17,-0.16000000000000014,-0.8556149732620328
FDC,18.4800,18.8300,18.4100,18.7000,2.70 M,07/19/17,0.25,1.3550135501355014
FDC,18.5000,18.5600,18.3000,18.4500,1.86 M,07/18/17,-0.060000000000002274,-0.32414910858996365
FDC,18.5000,18.6200,17.9450,18.5100,5.65 M,07/17/17,0.10000000000000142,0.5431830526887639
FDC,18.5500,18.6550,18.3900,18.4100,1.24 M,07/14/17,-0.14000000000000057,-0.7547169811320785
FDC,18.6400,18.7100,18.4250,18.5500,1.80 M,07/13/17,0.010000000000001563,0.05393743257821771
FDC,18.4000,18.6200,18.3550,18.5400,1.99 M,07/12/17,0.23999999999999844,1.311475409836057
FDC,18.2600,18.3500,18.1800,18.3000,1.60 M,07/11/17,0.019999999999999574,0.1094091903719889
FDC,18.2500,18.3000,17.9800,18.2800,2.55 M,07/10/17,0.0400000000000027,0.2192982456140499
FDC,18.0300,18.3000,17.9900,18.2400,3.30 M,07/07/17,0.3099999999999987,1.7289459007250347
FDC,18.2600,18.3500,17.9200,17.9300,1.77 M,07/06/17,-0.46999999999999886,-2.5543478260869503
FDC,18.1200,18.5300,18.1200,18.4000,2.24 M,07/05/17,0.3299999999999983,1.8262313226341909
FDC,18.2600,18.3300,17.9700,18.0700,1.25 M,07/03/17,-0.129999999999999,-0.7142857142857089
FDC,18.5400,18.5700,18.2000,18.2000,3.14 M,06/30/17,-0.22000000000000242,-1.1943539630836177
FDC,18.5500,18.7200,18.2500,18.4200,3.79 M,06/29/17,-0.09999999999999787,-0.5399568034557121
FDC,18.0700,18.5550,17.8300,18.5200,4.76 M,06/28/17,-0.010000000000001563,-0.053966540744746695
FDC,18.7600,18.8600,18.4800,18.5300,3.39 M,06/27/17,-0.17999999999999972,-0.9620523784072673
FDC,18.6500,18.9000,18.5400,18.7100,2.90 M,06/26/17,0.060000000000002274,0.3217158176943822
FDC,18.6000,18.8900,18.4600,18.6500,6.87 M,06/23/17,0.0799999999999983,0.4308023694130226
FDC,18.3600,18.7700,18.2800,18.5700,2.98 M,06/22/17,0.25,1.3646288209606987
FDC,18.3900,18.4400,18.2200,18.3200,2.11 M,06/21/17,0.03999999999999915,0.2188183807439778
FDC,18.4100,18.5400,18.2800,18.2800,3.12 M,06/20/17,-0.16000000000000014,-0.8676789587852501
FDC,18.2400,18.4400,18.1400,18.4400,3.14 M,06/19/17,0.3200000000000003,1.766004415011039
FDC,18.3800,18.4100,17.9400,18.1200,5.90 M,06/16/17,-0.25,-1.360914534567229
FDC,17.9900,18.5300,17.6900,18.3700,6.11 M,06/15/17,0.26000000000000156,1.4356709000552268
FDC,18.7000,18.7100,18.0900,18.1100,4.91 M,06/14/17,-0.5500000000000007,-2.947481243301183
FDC,18.4600,18.6800,18.4150,18.6600,3.41 M,06/13/17,0.41000000000000014,2.2465753424657544
FDC,18.5600,18.7000,18.1600,18.2500,6.83 M,06/12/17,-0.370000000000001,-1.9871106337271802
FDC,18.4600,19.0100,18.2500,18.6200,6.61 M,06/09/17,0.19000000000000128,1.0309278350515534
FDC,18.3100,18.5400,18.2950,18.4300,3.09 M,06/08/17,0.120000000000001,0.6553795740032824
FDC,18.2400,18.3900,18.1700,18.3100,2.69 M,06/07/17,0.07000000000000028,0.383771929824563
FDC,18.1800,18.4000,18.0835,18.2400,5.14 M,06/06/17,0.03999999999999915,0.2197802197802151
FDC,17.9300,18.2450,17.8500,18.2000,5.19 M,06/05/17,0.21999999999999886,1.2235817575083363
FDC,17.7600,18.0000,17.5700,17.9800,5.04 M,06/02/17,0.19000000000000128,1.0680157391793215
FDC,17.2500,17.9550,17.1700,17.7900,12.20 M,06/01/17,0.6600000000000001,3.8528896672504387
FDC,16.9000,17.1300,16.7000,17.1300,7.13 M,05/31/17,0.3099999999999987,1.8430439952437498
FDC,16.5700,16.8800,16.5700,16.8200,4.74 M,05/30/17,0.17999999999999972,1.0817307692307674
FDC,16.6800,16.7250,16.5700,16.6400,2.40 M,05/26/17,-0.030000000000001137,-0.1799640071985671
FDC,16.8300,16.9800,16.6700,16.6700,4.07 M,05/25/17,-0.09999999999999787,-0.5963029218843046
FDC,16.6000,16.8900,16.5650,16.7700,4.61 M,05/24/17,0.16000000000000014,0.9632751354605669
FDC,16.6700,16.8000,16.5300,16.6100,3.09 M,05/23/17,-0.07000000000000028,-0.4196642685851336
FDC,16.4100,16.7400,16.4100,16.6800,3.34 M,05/22/17,0.33999999999999986,2.0807833537331692
FDC,16.3100,16.4800,16.2800,16.3400,2.11 M,05/19/17,0.17999999999999972,1.1138613861386122
FDC,16.2400,16.4000,16.1100,16.1600,2.30 M,05/18/17,-0.0799999999999983,-0.4926108374384132
FDC,16.1700,16.3400,16.1700,16.2400,3.67 M,05/17/17,-0.2700000000000031,-1.6353725015142526
FDC,16.3700,16.6050,16.3025,16.5100,2.59 M,05/16/17,0.08999999999999986,0.5481120584652853
FDC,16.2200,16.4800,16.2200,16.4200,3.16 M,05/15/17,0.19000000000000128,1.1706715958102358
FDC,16.3600,16.3900,16.1400,16.2300,1.82 M,05/12/17,-0.16000000000000014,-0.9762050030506415
FDC,16.5200,16.6550,16.3300,16.3900,2.82 M,05/11/17,-0.16999999999999815,-1.0265700483091678
FDC,16.4200,16.6600,16.4100,16.5600,3.66 M,05/10/17,0.0799999999999983,0.4854368932038731
FDC,16.7000,16.9000,16.4400,16.4800,4.55 M,05/09/17,-0.129999999999999,-0.7826610475617038
FDC,16.4700,17.0150,16.4000,16.6100,10.90 M,05/08/17,0.6099999999999994,3.8124999999999964
FDC,15.7800,16.0100,15.7200,16.0000,3.54 M,05/05/17,0.2400000000000002,1.52284263959391
FDC,15.8300,16.0000,15.7600,15.7600,2.56 M,05/04/17,-0.05000000000000071,-0.3162555344718577
FDC,15.7200,15.8100,15.4600,15.8100,1.98 M,05/03/17,-0.02999999999999936,-0.18939393939393537
FDC,15.7700,15.8700,15.6700,15.8400,1.04 M,05/02/17,0.019999999999999574,0.12642225031605292
FDC,15.6700,15.8500,15.5600,15.8200,1.02 M,05/01/17,0.20000000000000107,1.2804097311139633
FDC,15.6600,15.6750,15.3500,15.6200,3.41 M,04/28/17,-0.010000000000001563,-0.06397952655151351
FDC,15.5900,15.7050,15.3964,15.6300,2.07 M,04/27/17,0.08000000000000007,0.5144694533762062
FDC,15.7100,15.7900,15.4800,15.5500,2.37 M,04/26/17,-0.1999999999999993,-1.2698412698412653
FDC,15.7500,15.8600,15.5600,15.7500,1.88 M,04/25/17,0.10999999999999943,0.7033248081841396
FDC,15.7100,15.7150,15.5000,15.6400,2.42 M,04/24/17,0.17999999999999972,1.164294954721861
FDC,15.5900,15.6100,15.2200,15.4600,2.35 M,04/21/17,-0.14999999999999858,-0.9609224855861537
FDC,15.4600,15.6200,15.2900,15.6100,1.87 M,04/20/17,0.20999999999999908,1.3636363636363575
FDC,15.2900,15.5700,15.2800,15.4000,3.59 M,04/19/17,0.16999999999999993,1.116217990807616
FDC,14.8600,15.3200,14.8100,15.2300,5.57 M,04/18/17,0.28000000000000114,1.8729096989966632
FDC,14.8900,15.0000,14.7400,14.9500,2.94 M,04/17/17,0.1399999999999988,0.9453072248480674
FDC,14.9400,15.0450,14.7900,14.8100,5.29 M,04/13/17,-0.15000000000000036,-1.002673796791446
FDC,14.8800,15.0100,14.8100,14.9600,2.80 M,04/12/17,-0.049999999999998934,-0.3331112591605525
FDC,15.0400,15.1300,14.9100,15.0100,3.34 M,04/11/17,-0.09999999999999964,-0.661813368630044
FDC,14.9500,15.2100,14.7243,15.1100,4.16 M,04/10/17,0.10999999999999943,0.7333333333333295
FDC,14.8300,15.0050,14.6700,15.0000,2.60 M,04/07/17,0.14000000000000057,0.9421265141319016
FDC,14.8500,14.9300,14.7600,14.8600,3.71 M,04/06/17,0.019999999999999574,0.13477088948786775
FDC,15.0000,15.2000,14.8200,14.8400,3.45 M,04/05/17,-0.2400000000000002,-1.591511936339524
FDC,15.2000,15.2700,15.0000,15.0800,2.23 M,04/04/17,-0.14000000000000057,-0.9198423127463901
FDC,15.5300,15.6100,15.1700,15.2200,2.14 M,04/03/17,-0.27999999999999936,-1.8064516129032218
FDC,15.6900,15.6900,15.4900,15.5000,2.74 M,03/31/17,-0.21000000000000085,-1.3367281985996233
FDC,15.6000,15.7300,15.5000,15.7100,2.27 M,03/30/17,0.0600000000000005,0.3833865814696517
FDC,15.6400,15.7900,15.5499,15.6500,2.13 M,03/29/17,-0.009999999999999787,-0.06385696040868319
FDC,14.9300,15.7100,14.9000,15.6600,5.48 M,03/28/17,0.6699999999999999,4.469646430953969
FDC,14.8900,15.0600,14.8500,14.9900,4.81 M,03/27/17,-0.14000000000000057,-0.925313945803044
FDC,15.0800,15.2200,14.9900,15.1300,2.38 M,03/24/17,0.10000000000000142,0.6653359946773215
FDC,15.0000,15.2600,14.8800,15.0300,2.84 M,03/23/17,0.03999999999999915,0.2668445630420223
FDC,15.1900,15.2400,14.9000,14.9900,5.90 M,03/22/17,-0.1999999999999993,-1.3166556945358743
FDC,15.6000,15.6900,15.1700,15.1900,5.10 M,03/21/17,-0.39000000000000057,-2.5032092426187456
FDC,15.9000,15.9000,15.4300,15.5800,5.09 M,03/20/17,-0.34999999999999964,-2.1971123666038896
FDC,16.1500,16.1500,15.8010,15.9300,4.18 M,03/17/17,-0.21999999999999886,-1.3622291021671757
FDC,15.9900,16.3500,15.9200,16.1500,4.84 M,03/16/17,0.23999999999999844,1.508485229415452
FDC,15.9400,15.9600,15.7550,15.9100,3.42 M,03/15/17,0.13000000000000078,0.8238276299112851
FDC,15.9400,15.9400,15.7500,15.7800,2.85 M,03/14/17,-0.3100000000000005,-1.9266625233064045
FDC,16.0200,16.1800,15.9450,16.0900,1.63 M,03/13/17,0.019999999999999574,0.12445550715618901
FDC,16.0000,16.0750,15.8900,16.0700,3.21 M,03/10/17,0.21000000000000085,1.3240857503152639
FDC,15.8700,15.9300,15.7400,15.8600,2.33 M,03/09/17,0.0,0.0
FDC,15.9000,16.0100,15.7900,15.8600,2.04 M,03/08/17,0.049999999999998934,0.3162555344718465
FDC,15.7800,15.9400,15.7300,15.8100,2.92 M,03/07/17,-0.129999999999999,-0.8155583437892033
FDC,16.0700,16.0900,15.8750,15.9400,3.95 M,03/06/17,-0.13000000000000078,-0.8089607965152507
FDC,15.9300,16.1400,15.9238,16.0700,2.60 M,03/03/17,0.10999999999999943,0.6892230576441066
FDC,16.2000,16.2296,15.8400,15.9600,3.33 M,03/02/17,-0.3299999999999983,-2.0257826887661037
FDC,16.2100,16.3600,16.1500,16.2900,2.98 M,03/01/17,0.18999999999999773,1.1801242236024703
FDC,16.2200,16.2200,16.0100,16.1000,3.50 M,02/28/17,-0.16000000000000014,-0.9840098400984018
FDC,16.2400,16.3600,16.1400,16.2600,2.39 M,02/27/17,-0.00999999999999801,-0.06146281499691463
FDC,16.1200,16.3300,16.1200,16.2700,1.95 M,02/24/17,-0.05000000000000071,-0.3063725490196122
FDC,16.5000,16.5169,16.2300,16.3200,3.47 M,02/23/17,-0.17999999999999972,-1.0909090909090893
FDC,16.5900,16.6700,16.4700,16.5000,2.78 M,02/22/17,-0.129999999999999,-0.7817197835237463
FDC,16.4200,16.6350,16.3300,16.6300,3.20 M,02/21/17,0.259999999999998,1.5882712278558215
FDC,16.0300,16.3700,16.0300,16.3700,2.17 M,02/17/17,0.19000000000000128,1.1742892459827026
FDC,16.1000,16.2950,16.0850,16.1800,3.22 M,02/16/17,-0.019999999999999574,-0.12345679012345416
FDC,16.2000,16.4500,16.0100,16.2000,3.48 M,02/15/17,-0.05000000000000071,-0.30769230769231204
FDC,16.1200,16.4401,16.1200,16.2500,4.80 M,02/14/17,0.10999999999999943,0.6815365551424996
FDC,16.0700,16.6300,15.7600,16.1400,10.86 M,02/13/17,0.3200000000000003,2.0227560050568916
FDC,15.5500,15.8250,15.4500,15.8200,4.82 M,02/10/17,0.2900000000000009,1.8673535093367735
FDC,15.2200,15.6900,15.2000,15.5300,4.57 M,02/09/17,0.379999999999999,2.5082508250825017
FDC,15.4500,15.4500,15.0200,15.1500,6.61 M,02/08/17,-0.34999999999999964,-2.25806451612903
FDC,15.4427,15.6100,15.4300,15.5000,2.50 M,02/07/17,-0.03999999999999915,-0.2574002574002519
FDC,15.6400,15.6800,15.4100,15.5400,2.16 M,02/06/17,-0.10000000000000142,-0.6393861892583211
FDC,15.3000,15.7500,15.2600,15.6400,2.99 M,02/03/17,0.39000000000000057,2.5573770491803316
FDC,15.2000,15.3100,15.1600,15.2500,1.61 M,02/02/17,0.0,0.0
FDC,15.4900,15.5000,15.1200,15.2500,1.75 M,02/01/17,-0.08999999999999986,-0.5867014341590604
FDC,15.3300,15.4600,15.2600,15.3400,1.71 M,01/31/17,-0.10999999999999943,-0.7119741100323588
FDC,15.3500,15.4600,15.0800,15.4500,1.46 M,01/30/17,-0.02000000000000135,-0.12928248222366742
FDC,15.5700,15.7150,15.4300,15.4700,2.26 M,01/27/17,-0.20999999999999908,-1.3392857142857084
FDC,15.8900,15.9500,15.4200,15.6800,2.14 M,01/26/17,-0.2400000000000002,-1.5075376884422125
FDC,16.0000,16.1100,15.5750,15.9200,5.68 M,01/25/17,0.08999999999999986,0.5685407454200876
FDC,15.5200,15.9400,15.5103,15.8300,2.74 M,01/24/17,0.41999999999999993,2.7255029201817
FDC,15.8200,15.8200,15.3550,15.4100,3.44 M,01/23/17,-0.379999999999999,-2.406586447118423
FDC,15.6300,15.8800,15.5500,15.7900,2.23 M,01/20/17,0.17999999999999972,1.1531069827033935
FDC,15.4000,15.6150,15.3001,15.6100,1.57 M,01/19/17,0.1999999999999993,1.2978585334198527
FDC,15.1900,15.4100,15.0600,15.4100,1.51 M,01/18/17,0.2900000000000009,1.9179894179894241
FDC,15.4000,15.4200,15.0950,15.1200,2.44 M,01/17/17,-0.3100000000000005,-2.0090732339598216
FDC,15.4700,15.6000,15.4000,15.4300,1.78 M,01/13/17,0.07000000000000028,0.4557291666666685
FDC,15.3700,15.5000,15.2050,15.3600,1.71 M,01/12/17,-0.0600000000000005,-0.389105058365762
FDC,15.5000,15.6500,15.3200,15.4200,2.13 M,01/11/17,-0.08999999999999986,-0.5802707930367496
FDC,15.4200,15.5500,15.3100,15.5100,1.90 M,01/10/17,0.0600000000000005,0.38834951456311
FDC,15.3900,15.9200,15.3900,15.4500,6.72 M,01/09/17,-0.010000000000001563,-0.0646830530401136
FDC,15.0300,15.5150,15.0300,15.4600,5.71 M,01/06/17,0.4300000000000015,2.8609447771124517
FDC,14.9100,15.5400,14.8900,15.0300,7.79 M,01/05/17,-0.20000000000000107,-1.3131976362442617
FDC,14.6500,15.2600,14.6100,15.2300,4.10 M,01/04/17,0.34999999999999964,2.3521505376344063
FDC,14.7500,14.8800,14.4500,14.8800,2.95 M,01/03/17,0.6900000000000013,4.862579281183941
FDC,14.3300,14.3600,14.0200,14.1900,1.71 M,12/30/16,-0.08999999999999986,-0.6302521008403351
FDC,14.7000,14.7200,14.2600,14.2800,2.67 M,12/29/16,-0.4400000000000013,-2.9891304347826173
FDC,14.8800,14.8800,14.6600,14.7200,2.20 M,12/28/16,-0.05999999999999872,-0.4059539918809115
FDC,14.4500,14.9200,14.4300,14.7800,1.32 M,12/27/16,0.09999999999999964,0.6811989100817415
FDC,14.5500,14.7900,14.4950,14.6800,1.39 M,12/23/16,0.16000000000000014,1.1019283746556483
FDC,14.5200,14.6200,14.3750,14.5200,1.71 M,12/22/16,-0.16999999999999993,-1.157249829816201
FDC,14.8500,14.8700,14.6900,14.6900,2.01 M,12/21/16,-0.13000000000000078,-0.8771929824561456
FDC,14.8000,14.8600,14.7000,14.8200,3.26 M,12/20/16,0.16000000000000014,1.0914051841746257
FDC,14.4000,14.6700,14.3050,14.6600,3.12 M,12/19/16,0.25,1.7349063150589867
FDC,14.0600,14.4200,13.9900,14.4100,5.99 M,12/16/16,0.16000000000000014,1.1228070175438607
FDC,14.3100,14.4450,14.2000,14.2500,1.94 M,12/15/16,0.03999999999999915,0.28149190710766464
FDC,14.6400,14.7000,14.1800,14.2100,2.77 M,12/14/16,-0.40999999999999837,-2.804377564979469
FDC,14.4800,14.7300,14.4600,14.6200,3.15 M,12/13/16,0.21999999999999886,1.52777777777777
FDC,14.6100,14.7700,14.3500,14.4000,2.84 M,12/12/16,-0.21999999999999886,-1.5047879616962987
FDC,14.7100,14.8000,14.3650,14.6200,4.37 M,12/09/16,0.049999999999998934,0.34317089910774834
FDC,14.3100,14.6800,14.3100,14.5700,4.90 M,12/08/16,0.2599999999999998,1.8169112508735135
FDC,13.9900,14.4050,13.9600,14.3100,4.25 M,12/07/16,0.2900000000000009,2.0684736091298213
FDC,14.1900,14.2400,13.9600,14.0200,6.31 M,12/06/16,-0.16999999999999993,-1.1980267794221278
FDC,14.4900,14.5700,14.1700,14.1900,2.89 M,12/05/16,-0.21000000000000085,-1.4583333333333393
FDC,14.1500,14.4400,14.1500,14.4000,4.16 M,12/02/16,0.16999999999999993,1.1946591707659868
FDC,14.6200,14.6810,14.1700,14.2300,4.48 M,12/01/16,-0.33999999999999986,-2.3335621139327376
FDC,14.9500,15.0400,14.5100,14.5700,25.19 M,11/30/16,-0.27999999999999936,-1.8855218855218812
FDC,14.9700,15.2215,14.7900,14.8500,2.83 M,11/29/16,-0.21000000000000085,-1.3944223107569778
FDC,15.4200,15.4800,15.0500,15.0600,3.38 M,11/28/16,-0.46999999999999886,-3.0264005151319955
FDC,15.5000,15.5950,15.2800,15.5300,1.34 M,11/25/16,0.11999999999999922,0.7787151200519092
FDC,15.0000,15.4200,15.0000,15.4100,3.06 M,11/23/16,0.41999999999999993,2.8018679119412937
FDC,15.3000,15.3600,14.9500,14.9900,5.39 M,11/22/16,-0.23000000000000043,-1.5111695137976375
FDC,15.5300,15.7100,15.1600,15.2200,6.76 M,11/21/16,-0.2599999999999998,-1.679586563307492
FDC,15.4800,15.5900,15.3600,15.4800,6.06 M,11/18/16,0.08000000000000007,0.5194805194805199
FDC,15.3000,15.5800,15.1950,15.4000,5.11 M,11/17/16,0.25,1.6501650165016502
FDC,14.5000,15.3400,14.4563,15.1500,10.63 M,11/16/16,0.5800000000000001,3.9807824296499663
FDC,14.7000,15.0200,14.3900,14.5700,6.31 M,11/15/16,0.05000000000000071,0.34435261707989473
FDC,14.7400,14.8750,14.3500,14.5200,4.74 M,11/14/16,-0.08000000000000007,-0.5479452054794526
FDC,14.1100,14.6400,14.1100,14.6000,4.77 M,11/11/16,0.4599999999999991,3.2531824611032465
FDC,14.3000,14.6100,14.0600,14.1400,6.47 M,11/10/16,-0.009999999999999787,-0.07067137809187128
FDC,13.8100,14.4000,13.7500,14.1500,6.70 M,11/09/16,-0.08000000000000007,-0.5621925509487005
FDC,14.4600,14.5900,14.1200,14.2300,12.92 M,11/08/16,-0.23000000000000043,-1.5905947441217179
FDC,14.0700,15.0800,13.7400,14.4600,21.00 M,11/07/16,1.2300000000000004,9.297052154195015
FDC,13.6700,13.7700,13.0100,13.2300,7.42 M,11/04/16,-0.46999999999999886,-3.4306569343065614
FDC,13.8800,13.9000,13.6700,13.7000,3.77 M,11/03/16,-0.07000000000000028,-0.5083514887436477
FDC,13.7900,13.8950,13.6600,13.7700,2.86 M,11/02/16,-0.019999999999999574,-0.14503263234227393
FDC,13.9900,14.0900,13.6600,13.7900,2.71 M,11/01/16,-0.20000000000000107,-1.4295925661186637
FDC,14.0300,14.2400,13.9700,13.9900,3.30 M,10/31/16,-0.019999999999999574,-0.14275517487508618
FDC,13.9100,14.2200,13.8300,14.0100,4.20 M,10/28/16,0.1999999999999993,1.4482259232440209
FDC,14.0200,14.0711,13.7500,13.8100,3.62 M,10/27/16,-0.15000000000000036,-1.074498567335246
FDC,13.7400,14.1350,13.6400,13.9600,4.02 M,10/26/16,0.09000000000000163,0.6488824801730472
FDC,14.1200,14.2600,13.8500,13.8700,4.09 M,10/25/16,-0.33000000000000007,-2.3239436619718314
FDC,13.9600,14.3550,13.9600,14.2000,4.06 M,10/24/16,0.29999999999999893,2.1582733812949564
FDC,13.6700,14.0300,13.5100,13.9000,3.32 M,10/21/16,0.20000000000000107,1.459854014598548
FDC,13.8000,13.9500,13.4700,13.7000,3.28 M,10/20/16,-0.11000000000000121,-0.7965242577842231
FDC,13.7900,14.0600,13.6000,13.8100,3.47 M,10/19/16,0.08000000000000007,0.5826656955571746
FDC,13.4600,13.8450,13.4200,13.7300,3.50 M,10/18/16,0.45000000000000107,3.3885542168674783
FDC,13.2200,13.4050,13.2200,13.2800,2.06 M,10/17/16,0.0,0.0
FDC,13.2700,13.5900,13.2500,13.2800,2.25 M,10/14/16,0.03999999999999915,0.3021148036253712
FDC,13.2200,13.3500,13.0700,13.2400,2.14 M,10/13/16,-0.09999999999999964,-0.7496251874062942
FDC,13.2000,13.5200,13.1600,13.3400,5.08 M,10/12/16,0.16999999999999993,1.2908124525436593
FDC,13.3200,13.3500,13.0650,13.1700,4.43 M,10/11/16,-0.21000000000000085,-1.5695067264574054
FDC,13.4000,13.7550,13.3100,13.3800,4.28 M,10/10/16,0.08000000000000007,0.6015037593984968
FDC,13.2700,13.3650,13.1500,13.3000,5.27 M,10/07/16,0.040000000000000924,0.30165912518854393
FDC,13.2500,13.3800,13.1500,13.2600,5.65 M,10/06/16,0.009999999999999787,0.07547169811320593
FDC,13.0700,13.4100,13.0700,13.2500,3.87 M,10/05/16,0.22000000000000064,1.6884113584036888
FDC,13.2600,13.3150,12.9300,13.0300,2.69 M,10/04/16,-0.2599999999999998,-1.956358164033106
FDC,13.0500,13.4100,13.0400,13.2900,3.06 M,10/03/16,0.129999999999999,0.9878419452887462
FDC,13.1500,13.2000,12.7400,13.1600,5.45 M,09/30/16,0.02999999999999936,0.2284843869002236
FDC,13.2900,13.6100,13.1200,13.1300,3.50 M,09/29/16,-0.16999999999999993,-1.2781954887218039
FDC,13.2400,13.3450,13.0600,13.3000,2.61 M,09/28/16,0.07000000000000028,0.5291005291005312
FDC,12.9900,13.3400,12.9400,13.2300,11.89 M,09/27/16,0.17999999999999972,1.3793103448275839
FDC,13.0400,13.1100,12.9600,13.0500,4.89 M,09/26/16,-0.09999999999999964,-0.7604562737642558
FDC,13.2300,13.2900,13.0750,13.1500,3.35 M,09/23/16,-0.1399999999999988,-1.053423626787049
FDC,13.4000,13.4600,13.1301,13.2900,4.04 M,09/22/16,-0.010000000000001563,-0.07518796992482378
FDC,13.5600,13.5700,13.0100,13.3000,8.08 M,09/21/16,-0.16000000000000014,-1.188707280832096
FDC,13.5600,13.6400,13.4200,13.4600,2.02 M,09/20/16,0.010000000000001563,0.07434944237919379
FDC,13.8500,13.9250,13.4100,13.4500,4.73 M,09/19/16,-0.3200000000000003,-2.3238925199709537
FDC,13.8400,13.9400,13.5400,13.7700,4.66 M,09/16/16,-0.14000000000000057,-1.006470165348674
FDC,13.9200,14.0200,13.8200,13.9100,2.55 M,09/15/16,-0.009999999999999787,-0.07183908045976858
FDC,13.8300,14.0100,13.7000,13.9200,3.21 M,09/14/16,0.15000000000000036,1.089324618736386
FDC,13.8000,13.8700,13.5800,13.7700,2.61 M,09/13/16,-0.17999999999999972,-1.2903225806451593
FDC,13.4500,14.0000,13.4500,13.9500,2.92 M,09/12/16,0.22999999999999865,1.676384839650136
FDC,14.1900,14.2700,13.5800,13.7200,6.03 M,09/09/16,-0.6399999999999988,-4.45682451253481
FDC,14.3500,14.4650,14.2800,14.3600,2.62 M,09/08/16,-0.120000000000001,-0.8287292817679627
FDC,14.1600,14.5700,14.0700,14.4800,6.83 M,09/07/16,0.3800000000000008,2.6950354609929135
FDC,14.4000,14.5000,14.0900,14.1000,3.90 M,09/06/16,-0.2900000000000009,-2.015288394718561
FDC,14.0100,14.4400,14.0000,14.3900,4.52 M,09/02/16,0.46000000000000085,3.3022254127781827
FDC,13.9300,14.0800,13.8200,13.9300,2.35 M,09/01/16,0.009999999999999787,0.07183908045976858
FDC,13.6000,14.0000,13.5600,13.9200,5.98 M,08/31/16,0.47000000000000064,3.4944237918215664
FDC,13.4000,13.6300,13.2700,13.4500,5.18 M,08/30/16,0.27999999999999936,2.1260440394836704
FDC,13.2100,13.5000,13.1700,13.1700,2.05 M,08/29/16,-0.05000000000000071,-0.3782148260211854
FDC,13.2300,13.3300,13.0850,13.2200,1.87 M,08/26/16,0.030000000000001137,0.22744503411676376
FDC,13.1600,13.2600,13.1100,13.1900,1.04 M,08/25/16,0.02999999999999936,0.2279635258358614
FDC,13.4500,13.4800,13.1200,13.1600,1.28 M,08/24/16,-0.25,-1.8642803877703207
FDC,13.3900,13.5000,13.2250,13.4100,1.29 M,08/23/16,0.05000000000000071,0.37425149700599336
FDC,13.1400,13.3700,13.1000,13.3600,2.10 M,08/22/16,0.16000000000000014,1.2121212121212133
FDC,13.2900,13.2900,13.1150,13.2000,1.71 M,08/19/16,-0.13000000000000078,-0.975243810952744
FDC,13.1200,13.4100,13.1200,13.3300,3.20 M,08/18/16,0.16000000000000014,1.2148823082763869
FDC,13.2800,13.3100,13.0800,13.1700,1.43 M,08/17/16,-0.11999999999999922,-0.9029345372460439
FDC,13.1600,13.3750,13.0900,13.2900,4.38 M,08/16/16,0.02999999999999936,0.2262443438913979
FDC,13.1900,13.3600,13.1100,13.2600,3.39 M,08/15/16,0.11999999999999922,0.9132420091324142
FDC,13.2400,13.2400,13.0850,13.1400,3.35 M,08/12/16,-0.10999999999999943,-0.8301886792452787
FDC,13.3300,13.4100,13.1300,13.2500,2.84 M,08/11/16,-0.03999999999999915,-0.30097817908201013
FDC,13.1100,13.3000,12.9650,13.2900,2.66 M,08/10/16,0.17999999999999972,1.3729977116704783
FDC,13.1200,13.2500,13.0400,13.1100,3.44 M,08/09/16,0.009999999999999787,0.0763358778625938
FDC,13.1200,13.2300,12.9450,13.1000,2.80 M,08/08/16,-0.0600000000000005,-0.4559270516717363
FDC,12.9900,13.2050,12.9000,13.1600,3.70 M,08/05/16,0.2699999999999996,2.094647013188515
FDC,13.1100,13.1800,12.7800,12.8900,3.90 M,08/04/16,-0.1899999999999995,-1.452599388379201
FDC,13.1100,13.2000,12.7100,13.0800,4.77 M,08/03/16,0.0,0.0
FDC,12.9000,13.1400,12.7701,13.0800,4.34 M,08/02/16,0.0600000000000005,0.46082949308756144
FDC,12.7500,13.3800,12.6500,13.0200,10.76 M,08/01/16,0.6199999999999992,4.999999999999994
FDC,12.1800,12.5250,11.9100,12.4000,4.27 M,07/29/16,0.22000000000000064,1.8062397372742254
FDC,12.1700,12.2300,11.9800,12.1800,1.84 M,07/28/16,-0.019999999999999574,-0.16393442622950471
FDC,12.4700,12.4700,11.9175,12.2000,2.62 M,07/27/16,-0.23000000000000043,-1.8503620273531813
FDC,12.2800,12.4700,12.2200,12.4300,1.74 M,07/26/16,0.15000000000000036,1.2214983713355079
FDC,12.2700,12.4050,12.2700,12.2800,2.06 M,07/25/16,0.009999999999999787,0.08149959250203576
FDC,12.3400,12.4450,12.2300,12.2700,1.91 M,07/22/16,-0.08999999999999986,-0.7281553398058241
FDC,12.3900,12.4950,12.1800,12.3600,2.41 M,07/21/16,-0.05000000000000071,-0.40290088638195576
FDC,12.0800,12.4800,11.9350,12.4100,2.78 M,07/20/16,0.41000000000000014,3.416666666666668
FDC,12.0200,12.1600,11.9900,12.0000,3.10 M,07/19/16,0.009999999999999787,0.0834028356964119
FDC,11.4200,12.0100,11.2950,11.9900,4.14 M,07/18/16,0.620000000000001,5.452946350043985
FDC,11.5900,11.5900,11.3300,11.3700,2.03 M,07/15/16,-0.21000000000000085,-1.813471502590681
FDC,11.4600,11.6300,11.3937,11.5800,3.64 M,07/14/16,0.2599999999999998,2.296819787985864
FDC,11.5800,11.6000,11.2600,11.3200,4.09 M,07/13/16,-0.23000000000000043,-1.991341991341995
FDC,11.0900,11.5800,11.0600,11.5500,3.59 M,07/12/16,0.5400000000000009,4.904632152588564
FDC,11.1600,11.2500,11.0000,11.0100,3.64 M,07/11/16,-0.09999999999999964,-0.900090009000897
FDC,10.8200,11.1200,10.8000,11.1100,4.31 M,07/08/16,0.4299999999999997,4.026217228464417
FDC,10.6500,10.8400,10.5700,10.6800,2.57 M,07/07/16,0.019999999999999574,0.1876172607879885
FDC,10.5300,10.7000,10.4000,10.6600,3.95 M,07/06/16,-0.08999999999999986,-0.8372093023255801
FDC,10.9300,11.0000,10.6900,10.7500,4.25 M,07/05/16,-0.27999999999999936,-2.5385312783318166
FDC,11.0500,11.1900,10.9400,11.0300,3.47 M,07/01/16,-0.040000000000000924,-0.3613369467028087
FDC,11.1500,11.2200,10.8900,11.0700,4.99 M,06/30/16,-0.07000000000000028,-0.6283662477558374
FDC,10.6900,11.1500,10.6300,11.1400,8.53 M,06/29/16,0.5800000000000001,5.492424242424243
FDC,10.5000,10.7100,10.3700,10.5600,7.67 M,06/28/16,0.4299999999999997,4.244817374136226
FDC,10.8100,10.8300,9.9000,10.1300,8.48 M,06/27/16,-0.8699999999999992,-7.909090909090901
FDC,11.2800,11.3400,10.7800,11.0000,21.73 M,06/24/16,-0.8300000000000001,-7.016060862214708
FDC,12.3600,12.4000,11.7350,11.8300,34.90 M,06/23/16,-0.3800000000000008,-3.1122031122031184
FDC,12.2500,12.3300,12.1300,12.2100,8.59 M,06/22/16,-0.09999999999999964,-0.8123476848090954
FDC,12.3900,12.5600,12.2200,12.3100,7.07 M,06/21/16,-0.08000000000000007,-0.6456820016142055
FDC,12.0400,12.4200,12.0400,12.3900,6.66 M,06/20/16,0.4800000000000004,4.030226700251893
FDC,11.7600,12.0100,11.7400,11.9100,11.28 M,06/17/16,0.13000000000000078,1.1035653650254735
FDC,11.6200,11.8100,11.3500,11.7800,4.70 M,06/16/16,0.06999999999999851,0.5977796754910205
FDC,11.6300,11.9200,11.5450,11.7100,4.80 M,06/15/16,0.09000000000000163,0.7745266781411501
FDC,11.7300,11.8400,11.4500,11.6200,5.19 M,06/14/16,-0.11000000000000121,-0.9377664109122013
FDC,12.2100,12.3300,11.7300,11.7300,8.66 M,06/13/16,-0.6199999999999992,-5.020242914979751
FDC,12.7400,12.7400,12.2100,12.3500,7.13 M,06/10/16,-0.5099999999999998,-3.965785381026437
FDC,13.0400,13.0400,12.7800,12.8600,7.60 M,06/09/16,-0.21000000000000085,-1.6067329762815674
FDC,12.9700,13.0900,12.8100,13.0700,6.81 M,06/08/16,0.08000000000000007,0.6158583525789074
FDC,12.7100,13.0000,12.6800,12.9900,8.25 M,06/07/16,0.33000000000000007,2.606635071090048
FDC,12.3000,12.6600,12.2600,12.6600,3.78 M,06/06/16,0.33999999999999986,2.7597402597402585
FDC,12.4600,12.5500,12.1800,12.3200,3.61 M,06/03/16,-0.3699999999999992,-2.9156816390858884
FDC,12.4200,12.7400,12.2700,12.6900,3.77 M,06/02/16,0.03999999999999915,0.3162055335968312
FDC,12.4300,12.6600,12.2700,12.6500,3.08 M,06/01/16,0.120000000000001,0.9577015163607422
FDC,12.6200,12.7200,12.4100,12.5300,3.63 M,05/31/16,0.02999999999999936,0.23999999999999488
FDC,12.5400,12.7600,12.3400,12.5000,3.54 M,05/27/16,0.07000000000000028,0.5631536604987956
FDC,12.6300,12.7000,12.3300,12.4300,3.76 M,05/26/16,0.16999999999999993,1.386623164763458
FDC,12.4900,12.7800,12.1200,12.2600,6.53 M,05/25/16,-0.08000000000000007,-0.6482982171799033
FDC,12.0000,12.4850,11.8400,12.3400,6.80 M,05/24/16,0.41999999999999993,3.5234899328859055
FDC,11.9800,12.1700,11.5600,11.9200,12.34 M,05/23/16,0.5099999999999998,4.469763365468885
FDC,11.1100,11.5350,11.1100,11.4100,7.44 M,05/20/16,0.46000000000000085,4.200913242009141
FDC,10.6400,11.0100,10.6200,10.9500,5.43 M,05/19/16,0.25,2.336448598130841
FDC,10.6100,10.7100,10.4400,10.7000,7.35 M,05/18/16,0.08000000000000007,0.7532956685499066
FDC,10.6900,10.8800,10.5500,10.6200,3.16 M,05/17/16,-0.05000000000000071,-0.4686035613870732
FDC,10.9600,11.0900,10.5600,10.6700,5.32 M,05/16/16,-0.27999999999999936,-2.557077625570771
FDC,10.9300,11.2000,10.8600,10.9500,1.96 M,05/13/16,-0.030000000000001137,-0.27322404371585735
FDC,11.1000,11.3800,10.9300,10.9800,3.42 M,05/12/16,-0.08000000000000007,-0.7233273056057872
FDC,11.0700,11.3900,10.9900,11.0600,3.99 M,05/11/16,-0.07000000000000028,-0.6289308176100654
FDC,10.9600,11.3600,10.8900,11.1300,4.44 M,05/10/16,0.1800000000000015,1.6438356164383698
FDC,10.7400,11.0400,10.5000,10.9500,6.34 M,05/09/16,0.20999999999999908,1.9553072625698238
FDC,11.0000,11.1600,10.6500,10.7400,3.77 M,05/06/16,-0.3200000000000003,-2.8933092224231487
FDC,11.2200,11.3900,10.9100,11.0600,4.16 M,05/05/16,-0.10999999999999943,-0.9847806624888042
FDC,10.9300,11.2500,10.3600,11.1700,10.67 M,05/04/16,0.16000000000000014,1.4532243415077215
FDC,11.5400,11.7400,10.9400,11.0100,7.76 M,05/03/16,-0.6799999999999997,-5.816937553464498
FDC,11.4300,11.7200,11.2900,11.6900,8.41 M,05/02/16,0.29999999999999893,2.6338893766461715
FDC,11.8700,12.0000,11.2400,11.3900,23.10 M,04/29/16,-0.5,-4.205214465937763
FDC,12.3200,12.5800,11.8800,11.8900,6.69 M,04/28/16,-0.46999999999999886,-3.802588996763745
FDC,13.0000,13.2700,12.3100,12.3600,5.55 M,04/27/16,-0.4400000000000013,-3.4375000000000098
FDC,13.1000,13.4250,12.7750,12.8000,6.52 M,04/26/16,-0.5399999999999991,-4.047976011993996
FDC,12.9400,14.2500,12.8300,13.3400,11.87 M,04/25/16,0.33999999999999986,2.615384615384614
FDC,13.0300,13.3500,12.9400,13.0000,4.17 M,04/22/16,-0.08999999999999986,-0.6875477463712747
FDC,13.2700,13.5630,12.9600,13.0900,3.00 M,04/21/16,-0.1999999999999993,-1.5048908954100775
FDC,13.2100,13.8600,13.0200,13.2900,4.77 M,04/20/16,0.02999999999999936,0.2262443438913979
FDC,13.2400,13.3550,12.8750,13.2600,2.79 M,04/19/16,0.049999999999998934,0.3785011355033984
FDC,12.7400,13.4600,12.7350,13.2100,1.82 M,04/18/16,0.20000000000000107,1.5372790161414378
FDC,12.8900,13.2800,12.8150,13.0100,1.38 M,04/15/16,-0.17999999999999972,-1.3646702047005286
FDC,12.6500,13.5200,12.5700,13.1900,6.08 M,04/14/16,0.3099999999999987,2.406832298136636
FDC,12.1700,12.9000,12.0900,12.8800,6.39 M,04/13/16,0.7700000000000014,6.358381502890185
FDC,11.8800,12.4300,11.7900,12.1100,10.09 M,04/12/16,-0.02000000000000135,-0.1648804616653038
FDC,12.5000,12.5800,12.0600,12.1300,3.51 M,04/11/16,-0.2699999999999996,-2.177419354838706
FDC,12.3700,12.9000,12.1700,12.4000,3.25 M,04/08/16,-0.049999999999998934,-0.4016064257028027
FDC,12.4600,12.7500,12.3700,12.4500,2.62 M,04/07/16,-0.2400000000000002,-1.8912529550827442
FDC,12.4500,12.7700,12.2000,12.6900,2.17 M,04/06/16,0.07000000000000028,0.5546751188589564
FDC,12.5500,12.7900,12.4200,12.6200,1.69 M,04/05/16,-0.040000000000000924,-0.3159557661927403
FDC,12.4600,13.1300,12.3200,12.6600,3.04 M,04/04/16,0.009999999999999787,0.0790513833992078
FDC,12.8300,12.9900,12.5500,12.6500,3.16 M,04/01/16,-0.28999999999999915,-2.2411128284389426
FDC,12.4000,13.0400,12.0000,12.9400,2.48 M,03/31/16,0.47999999999999865,3.852327447833055
FDC,12.7100,13.0500,12.1800,12.4600,2.86 M,03/30/16,-0.21999999999999886,-1.7350157728706534
FDC,12.0200,12.7300,11.8500,12.6800,2.12 M,03/29/16,0.629999999999999,5.228215767634846
FDC,12.3700,12.3700,11.6500,12.0500,2.52 M,03/28/16,0.040000000000000924,0.3330557868443041
FDC,11.5000,12.0200,11.2500,12.0100,2.23 M,03/24/16,0.39000000000000057,3.3562822719449277
FDC,12.1900,12.2550,11.5500,11.6200,1.56 M,03/23/16,-0.5400000000000009,-4.440789473684218
FDC,12.3000,12.3100,12.1100,12.1600,1.10 M,03/22/16,-0.16999999999999993,-1.3787510137875096
FDC,12.1500,12.3800,12.0500,12.3300,1.44 M,03/21/16,0.11999999999999922,0.9828009828009764
FDC,12.4700,12.6800,12.1400,12.2100,1.98 M,03/18/16,-0.28999999999999915,-2.319999999999993
FDC,12.9800,13.0800,12.4150,12.5000,5.04 M,03/17/16,-0.47000000000000064,-3.623747108712418
FDC,12.5800,13.1763,12.5400,12.9700,3.59 M,03/16/16,0.40000000000000036,3.182179793158316
FDC,12.9600,13.0400,12.3700,12.5700,2.49 M,03/15/16,-0.46999999999999886,-3.6042944785275988
FDC,13.0300,13.3200,12.9800,13.0400,1.86 M,03/14/16,-0.1800000000000015,-1.3615733736762594
FDC,13.5400,13.7600,12.9100,13.2200,2.73 M,03/11/16,-0.009999999999999787,-0.07558578987150254
FDC,13.9800,14.0099,13.2100,13.2300,2.39 M,03/10/16,-0.7400000000000002,-5.297065139584826
FDC,12.9600,14.0000,12.9600,13.9700,4.31 M,03/09/16,0.7000000000000011,5.275056518462707
FDC,13.2100,13.5600,12.8500,13.2700,2.34 M,03/08/16,-0.07000000000000028,-0.52473763118441
FDC,13.3600,13.3600,12.8800,13.3400,3.42 M,03/07/16,-0.25,-1.839587932303164
FDC,12.7900,13.7400,12.7100,13.5900,4.15 M,03/04/16,0.8000000000000007,6.254886630179834
FDC,12.7600,12.8900,12.5500,12.7900,2.97 M,03/03/16,0.049999999999998934,0.39246467817895553
FDC,12.9500,13.1000,12.5100,12.7400,3.40 M,03/02/16,-0.129999999999999,-1.0101010101010024
FDC,12.6000,13.5400,12.4900,12.8700,5.04 M,03/01/16,0.3699999999999992,2.9599999999999937
FDC,12.8700,13.1600,12.4300,12.5000,3.25 M,02/29/16,-0.41999999999999993,-3.250773993808049
FDC,12.4100,12.9900,12.3400,12.9200,4.34 M,02/26/16,0.5700000000000003,4.615384615384618
FDC,12.4100,12.7363,12.1500,12.3500,2.39 M,02/25/16,-0.16999999999999993,-1.3578274760383382
FDC,12.0900,12.8800,11.7200,12.5200,3.39 M,02/24/16,0.1899999999999995,1.5409570154095662
FDC,12.2900,12.6100,12.1200,12.3300,5.69 M,02/23/16,0.019999999999999574,0.16246953696181618
FDC,12.0300,12.5900,11.9600,12.3100,4.39 M,02/22/16,0.45000000000000107,3.7942664418212573
FDC,11.5300,11.9000,11.0400,11.8600,3.96 M,02/19/16,0.4599999999999991,4.035087719298238
FDC,10.9200,11.8000,10.8900,11.4000,6.31 M,02/18/16,0.7300000000000004,6.841611996251175
FDC,10.2900,11.2100,10.2100,10.6700,4.89 M,02/17/16,0.4499999999999993,4.403131115459876
FDC,9.7900,10.4220,9.6150,10.2200,3.92 M,02/16/16,0.7800000000000011,8.262711864406793
FDC,8.8200,9.8000,8.8200,9.4400,7.92 M,02/12/16,0.7699999999999996,8.881199538638981
FDC,9.4500,9.4500,8.3700,8.6700,14.98 M,02/11/16,-0.6799999999999997,-7.27272727272727
FDC,11.0200,11.1000,8.7600,9.3500,21.65 M,02/10/16,-1.75,-15.765765765765765
FDC,11.0200,11.6100,11.0000,11.1000,6.86 M,02/09/16,0.019999999999999574,0.18050541516245103
FDC,12.7400,12.7600,10.5000,11.0800,7.69 M,02/08/16,-1.8200000000000003,-14.108527131782948
FDC,12.9600,13.1750,12.6800,12.9000,1.84 M,02/05/16,-0.09999999999999964,-0.7692307692307665
FDC,12.8700,13.5700,12.8700,13.0000,2.29 M,02/04/16,0.07000000000000028,0.5413766434648127
FDC,12.9300,13.1300,12.6100,12.9300,2.38 M,02/03/16,0.11999999999999922,0.9367681498828978
FDC,13.3000,13.3900,12.6100,12.8100,3.56 M,02/02/16,-0.5499999999999989,-4.116766467065861
FDC,13.2600,13.8300,13.0000,13.3600,3.17 M,02/01/16,-0.009999999999999787,-0.07479431563201037
FDC,13.1300,13.4000,12.5000,13.3700,9.41 M,01/29/16,0.29999999999999893,2.2953328232593644
FDC,13.4800,13.7600,13.0500,13.0700,3.51 M,01/28/16,-0.2400000000000002,-1.8031555221637883
FDC,13.9500,14.1100,13.0100,13.3100,2.53 M,01/27/16,-0.6999999999999993,-4.996431120628118
FDC,13.8100,14.1500,13.7800,14.0100,2.91 M,01/26/16,0.16000000000000014,1.1552346570397123
FDC,14.3400,14.5700,13.7700,13.8500,2.59 M,01/25/16,-0.45000000000000107,-3.146853146853154
FDC,14.1600,14.6400,13.9900,14.3000,4.21 M,01/22/16,0.41000000000000014,2.95176385889129
FDC,14.3400,14.4200,13.7350,13.8900,2.62 M,01/21/16,-0.4399999999999995,-3.070481507327282
FDC,14.2600,14.6700,13.3000,14.3300,2.44 M,01/20/16,-0.1899999999999995,-1.308539944903578
FDC,14.3100,14.7500,14.2150,14.5200,3.62 M,01/19/16,0.29999999999999893,2.1097046413502034
FDC,13.9100,14.5600,13.6000,14.2200,5.22 M,01/15/16,-0.03999999999999915,-0.2805049088358987
FDC,13.7800,14.3500,13.1800,14.2600,4.34 M,01/14/16,0.5499999999999989,4.011670313639671
FDC,13.8300,14.3800,13.6900,13.7100,4.95 M,01/13/16,-0.019999999999999574,-0.1456664238892904
FDC,13.9900,14.1000,13.2950,13.7300,4.13 M,01/12/16,-0.09999999999999964,-0.7230657989877053
FDC,14.2400,14.7300,13.4450,13.8300,4.31 M,01/11/16,-0.3000000000000007,-2.1231422505307904
FDC,14.6400,14.7500,14.0100,14.1300,3.88 M,01/08/16,-0.4499999999999993,-3.086419753086415
FDC,15.2300,15.2300,14.4400,14.5800,4.09 M,01/07/16,-0.8900000000000006,-5.753070458952815
FDC,15.8100,15.9600,15.4300,15.4700,2.35 M,01/06/16,-0.47999999999999865,-3.0094043887147253
FDC,15.5800,16.0400,15.5500,15.9500,2.09 M,01/05/16,0.33999999999999986,2.1780909673286346
FDC,15.7500,15.7900,15.5200,15.6100,1.61 M,01/04/16,-0.41000000000000014,-2.5593008739076164
FDC,16.3400,16.4100,16.0200,16.0200,2.51 M,12/31/15,-0.35999999999999943,-2.1978021978021944
FDC,16.3900,16.5600,16.2250,16.3800,1.18 M,12/30/15,-0.0400000000000027,-0.2436053593179214
FDC,16.4900,16.7200,16.1200,16.4200,1.25 M,12/29/15,-0.00999999999999801,-0.06086427267192946
FDC,16.4800,16.6000,16.2000,16.4300,1.08 M,12/28/15,-0.10999999999999943,-0.6650544135429228
FDC,16.4400,16.6900,16.2400,16.5400,734127,12/24/15,0.05000000000000071,0.3032140691328121
FDC,16.4100,16.8200,16.1000,16.4900,1.84 M,12/23/15,0.08999999999999986,0.5487804878048772
FDC,15.6000,16.4500,15.6000,16.4000,3.51 M,12/22/15,0.7999999999999989,5.128205128205121
FDC,15.7400,15.8300,15.4400,15.6000,2.98 M,12/21/15,0.08000000000000007,0.5154639175257737
FDC,15.5800,16.0200,15.3400,15.5200,21.80 M,12/18/15,-0.030000000000001137,-0.19292604501608449
FDC,15.9600,16.0800,15.5100,15.5500,4.62 M,12/17/15,-0.3099999999999987,-1.9546027742748975
FDC,16.1100,16.1400,15.7000,15.8600,3.69 M,12/16/15,-0.14000000000000057,-0.8750000000000036
FDC,16.0800,16.2900,15.9600,16.0000,3.30 M,12/15/15,-0.019999999999999574,-0.12484394506866152
FDC,15.9300,16.0900,15.6200,16.0200,4.11 M,12/14/15,0.11999999999999922,0.7547169811320705
FDC,16.4700,16.9000,15.7800,15.9000,4.71 M,12/11/15,-0.6799999999999979,-4.1013268998793615
FDC,16.5000,16.9800,16.2800,16.5800,1.98 M,12/10/15,-0.14000000000000057,-0.8373205741626829
FDC,17.1400,17.3200,16.6900,16.7200,1.90 M,12/09/15,-0.5300000000000011,-3.0724637681159486
FDC,17.1600,17.3500,16.8960,17.2500,2.53 M,12/08/15,0.0,0.0
FDC,17.1100,17.4500,17.0800,17.2500,1.68 M,12/07/15,-0.010000000000001563,-0.05793742757822458
FDC,17.0200,17.2900,16.9600,17.2600,1.47 M,12/04/15,0.28000000000000114,1.648998822143705
FDC,17.0400,17.0948,16.6600,16.9800,1.55 M,12/03/15,-0.019999999999999574,-0.1176470588235269
FDC,17.2600,17.2600,16.8800,17.0000,2.17 M,12/02/15,-0.3000000000000007,-1.7341040462427786
FDC,16.9300,17.3300,16.8200,17.3000,1.32 M,12/01/15,0.5,2.9761904761904763
FDC,16.6000,16.8600,16.5100,16.8000,1.13 M,11/30/15,0.1999999999999993,1.2048192771084294
FDC,16.5000,16.7000,16.3600,16.6000,284937,11/27/15,0.13000000000000256,0.789313904068018
FDC,16.7800,16.9500,16.3000,16.4700,860919,11/25/15,-0.22000000000000242,-1.3181545835829982
FDC,16.5000,16.7800,16.3400,16.6900,2.21 M,11/24/15,0.20000000000000284,1.2128562765312485
FDC,16.3300,16.6800,16.2500,16.4900,2.51 M,11/23/15,0.129999999999999,0.7946210268948595
FDC,16.2000,16.6200,16.1100,16.3600,1.87 M,11/20/15,0.16000000000000014,0.9876543209876553
FDC,16.7900,16.8500,16.0500,16.2000,2.32 M,11/19/15,-0.6799999999999997,-4.028436018957344
FDC,16.8700,17.0801,16.6900,16.8800,2.52 M,11/18/15,0.05999999999999872,0.3567181926278164
FDC,16.8400,17.0000,16.7200,16.8200,2.07 M,11/17/15,0.010000000000001563,0.05948839976205571
FDC,16.9100,17.0000,16.4200,16.8100,1.94 M,11/16/15,-0.16000000000000014,-0.9428403064231005
FDC,17.2700,17.5600,16.9000,16.9700,2.67 M,11/13/15,-0.7000000000000028,-3.96151669496323
FDC,17.5500,17.8300,17.3500,17.6700,3.55 M,11/12/15,-0.03999999999999915,-0.225861095426308
FDC,17.9000,17.9900,17.5100,17.7100,2.07 M,11/11/15,-0.08999999999999986,-0.5056179775280891
FDC,17.4900,17.9200,17.4100,17.8000,6.40 M,11/10/15,0.33999999999999986,1.9473081328751423
FDC,17.6000,17.6417,16.7400,17.4600,4.34 M,11/09/15,0.38000000000000256,2.2248243559719123
FDC,16.2300,17.3000,16.2100,17.0800,8.00 M,11/06/15,0.7699999999999996,4.721030042918453
FDC,16.1000,16.6300,16.0100,16.3100,5.83 M,11/05/15,0.16999999999999815,1.0532837670384023
FDC,16.2500,16.2600,16.0000,16.1400,989757,11/04/15,0.0,0.0
FDC,15.9300,16.2500,15.6200,16.1400,1.23 M,11/03/15,0.16000000000000014,1.0012515644555704
FDC,15.8400,16.0800,15.5500,15.9800,1.00 M,11/02/15,0.14000000000000057,0.8838383838383874
FDC,15.8900,16.1900,15.7700,15.8400,2.61 M,10/30/15,0.129999999999999,0.8274984086569
FDC,15.4400,15.9000,15.4200,15.7100,1.90 M,10/29/15,0.20000000000000107,1.2894906511927857
FDC,15.3800,15.9400,15.2000,15.5100,3.89 M,10/28/15,0.0600000000000005,0.38834951456311
FDC,16.4000,16.4700,15.1500,15.4500,6.65 M,10/27/15,-0.9100000000000001,-5.562347188264059
FDC,16.1000,16.7000,15.8200,16.3600,6.01 M,10/26/15,0.09999999999999787,0.6150061500614874
FDC,16.1500,16.4700,16.0100,16.2600,7.59 M,10/23/15,0.25,1.561524047470331
FDC,15.4900,16.0100,15.2200,16.0100,6.23 M,10/22/15,0.6500000000000021,4.231770833333347
FDC,15.3700,15.5100,14.9900,15.3600,15.94 M,10/21/15,-0.040000000000000924,-0.2597402597402657
FDC,15.8800,15.9500,15.3600,15.4000,5.05 M,10/20/15,-0.41000000000000014,-2.5932953826691976
FDC,16.1500,16.1500,15.7600,15.8100,3.44 M,10/19/15,-0.1899999999999995,-1.187499999999997
FDC,15.8000,16.0600,15.4300,16.0000,11.19 M,10/16/15,0.25,1.5873015873015872