GPRO,4.8500,4.9600,4.8000,4.9400,1.67 M,04/26/18,0.08000000000000007,1.6460905349794253
GPRO,4.9100,5.0400,4.8100,4.8600,2.74 M,04/25/18,-0.0699999999999994,-1.4198782961460326
GPRO,4.8200,4.9500,4.7500,4.9300,2.63 M,04/24/18,0.1200000000000001,2.494802494802497
GPRO,5.0700,5.1000,4.7500,4.8100,4.44 M,04/23/18,-0.2600000000000007,-5.128205128205141
GPRO,5.1000,5.2100,5.0250,5.0700,2.73 M,04/20/18,-0.05999999999999961,-1.1695906432748462
GPRO,5.0400,5.1500,5.0200,5.1300,2.60 M,04/19/18,0.07000000000000028,1.3833992094861718
GPRO,5.0800,5.1900,4.9700,5.0600,4.55 M,04/18/18,0.019999999999999574,0.39682539682538837
GPRO,5.6000,5.6174,5.0300,5.0400,7.99 M,04/17/18,-0.54,-9.67741935483871
GPRO,5.3000,5.7200,5.2100,5.5800,6.62 M,04/16/18,0.3200000000000003,6.083650190114074
GPRO,5.4200,5.5000,5.2300,5.2600,5.52 M,04/13/18,0.040000000000000036,0.7662835249042153
GPRO,4.8900,5.3000,4.8800,5.2200,8.27 M,04/12/18,0.34999999999999964,7.186858316221758
GPRO,4.7100,4.9400,4.7100,4.8700,1.88 M,04/11/18,0.11000000000000032,2.310924369747906
GPRO,4.7600,4.8500,4.7200,4.7600,1.97 M,04/10/18,0.04999999999999982,1.061571125265389
GPRO,4.8800,4.9100,4.6600,4.7100,2.63 M,04/09/18,-0.16999999999999993,-3.4836065573770476
GPRO,4.8900,5.0500,4.8400,4.8800,1.83 M,04/06/18,-0.03000000000000025,-0.6109979633401272
GPRO,4.8000,4.9400,4.7300,4.9100,1.42 M,04/05/18,0.1299999999999999,2.719665271966525
GPRO,4.4800,4.8300,4.4200,4.7800,3.32 M,04/04/18,0.2400000000000002,5.286343612334806
GPRO,4.5300,4.6600,4.4650,4.5400,3.29 M,04/03/18,0.009999999999999787,0.22075055187637496
GPRO,4.7200,4.7800,4.4500,4.5300,4.04 M,04/02/18,-0.2599999999999998,-5.427974947807929
GPRO,4.8400,4.8900,4.6700,4.7900,1.84 M,03/29/18,-0.04999999999999982,-1.0330578512396658
GPRO,4.9300,4.9800,4.7600,4.8400,2.44 M,03/28/18,-0.07000000000000028,-1.425661914460291
GPRO,4.7600,5.0900,4.7500,4.9100,5.11 M,03/27/18,0.17999999999999972,3.8054968287526365
GPRO,4.6700,4.7700,4.5600,4.7300,3.62 M,03/26/18,0.15000000000000036,3.2751091703056847
GPRO,4.7400,4.7800,4.5600,4.5800,3.89 M,03/23/18,-0.20000000000000018,-4.184100418410045
GPRO,4.8800,4.9172,4.7550,4.7800,3.19 M,03/22/18,-0.13999999999999968,-2.8455284552845463
GPRO,4.9800,5.0600,4.8700,4.9200,2.78 M,03/21/18,-0.08000000000000007,-1.6000000000000014
GPRO,5.3600,5.3700,4.9200,5.0000,5.03 M,03/20/18,-0.33000000000000007,-6.191369606003754
GPRO,5.5400,5.5500,5.3200,5.3300,2.81 M,03/19/18,-0.20999999999999996,-3.7906137184115516
GPRO,5.6000,5.6300,5.5300,5.5400,2.19 M,03/16/18,-0.08000000000000007,-1.423487544483987
GPRO,5.6000,5.6900,5.5900,5.6200,1.53 M,03/15/18,0.009999999999999787,0.17825311942958622
GPRO,5.6700,5.6800,5.5925,5.6100,1.15 M,03/14/18,-0.019999999999999574,-0.35523978685612034
GPRO,5.6300,5.7200,5.6000,5.6300,1.67 M,03/13/18,0.0,0.0
GPRO,5.5100,5.6400,5.5050,5.6300,2.44 M,03/12/18,0.1200000000000001,2.177858439201454
GPRO,5.6700,5.6800,5.4200,5.5100,3.24 M,03/09/18,-0.23000000000000043,-4.00696864111499
GPRO,5.8100,5.8450,5.7100,5.7400,1.31 M,03/08/18,-0.04999999999999982,-0.8635578583765081
GPRO,5.8100,5.8800,5.6900,5.7900,1.86 M,03/07/18,-0.040000000000000036,-0.6861063464837056
GPRO,5.7200,5.8800,5.7000,5.8300,2.39 M,03/06/18,0.09999999999999964,1.745200698080273
GPRO,5.5100,5.7500,5.4867,5.7300,2.95 M,03/05/18,0.17000000000000082,3.057553956834547
GPRO,5.3500,5.6100,5.3500,5.5600,3.00 M,03/02/18,0.13999999999999968,2.583025830258297
GPRO,5.3600,5.4800,5.3200,5.4200,2.78 M,03/01/18,0.040000000000000036,0.7434944237918223
GPRO,5.4500,5.5000,5.3600,5.3800,1.78 M,02/28/18,-0.08000000000000007,-1.4652014652014664
GPRO,5.6300,5.7100,5.3700,5.4600,3.72 M,02/27/18,-0.1900000000000004,-3.362831858407086
GPRO,5.6000,5.7300,5.5900,5.6500,2.02 M,02/26/18,0.0600000000000005,1.07334525939178
GPRO,5.4600,5.6000,5.4600,5.5900,1.56 M,02/23/18,0.1299999999999999,2.380952380952379
GPRO,5.5500,5.5810,5.3900,5.4600,1.98 M,02/22/18,-0.08999999999999986,-1.621621621621619
GPRO,5.5900,5.6500,5.5400,5.5500,1.69 M,02/21/18,-0.020000000000000462,-0.35906642728905674
GPRO,5.4500,5.6200,5.4500,5.5700,2.77 M,02/20/18,0.08000000000000007,1.4571948998178519
GPRO,5.6000,5.7190,5.4750,5.4900,3.64 M,02/16/18,-0.1299999999999999,-2.313167259786475
GPRO,5.7100,5.7700,5.5800,5.6200,1.88 M,02/15/18,-0.04999999999999982,-0.8818342151675453
GPRO,5.3000,5.7700,5.2700,5.6700,5.00 M,02/14/18,0.3799999999999999,7.183364839319468
GPRO,5.2000,5.4200,5.2000,5.2900,2.41 M,02/13/18,0.03000000000000025,0.5703422053231987
GPRO,5.5000,5.5000,5.2200,5.2600,4.10 M,02/12/18,-0.20000000000000018,-3.6630036630036664
GPRO,5.6100,5.6500,5.2500,5.4600,4.25 M,02/09/18,-0.1200000000000001,-2.1505376344086042
GPRO,5.6000,5.7300,5.5500,5.5800,3.02 M,02/08/18,-0.03000000000000025,-0.5347593582887744
GPRO,5.6200,5.6800,5.5300,5.6100,3.60 M,02/07/18,-0.019999999999999574,-0.35523978685612034
GPRO,5.4000,5.7000,5.4000,5.6300,4.56 M,02/06/18,0.11000000000000032,1.9927536231884118
GPRO,5.5600,5.7300,5.3800,5.5200,5.36 M,02/05/18,-0.03000000000000025,-0.540540540540545
GPRO,5.2700,5.7500,5.1300,5.5500,8.65 M,02/02/18,0.04999999999999982,0.9090909090909058
GPRO,5.4300,5.5300,5.3600,5.5000,3.62 M,02/01/18,0.03000000000000025,0.5484460694698401
GPRO,5.5600,5.6300,5.3800,5.4700,2.99 M,01/31/18,0.0,0.0
GPRO,5.2400,5.5700,5.2400,5.4700,5.36 M,01/30/18,0.14999999999999947,2.819548872180441
GPRO,5.6100,5.6500,5.2900,5.3200,8.70 M,01/29/18,-0.33000000000000007,-5.840707964601771
GPRO,5.9600,5.9862,5.6100,5.6500,7.87 M,01/26/18,-0.3099999999999996,-5.201342281879188
GPRO,6.1500,6.1500,5.9400,5.9600,4.38 M,01/25/18,-0.13999999999999968,-2.2950819672131098
GPRO,6.0700,6.2200,5.9300,6.1000,4.44 M,01/24/18,-0.020000000000000462,-0.3267973856209226
GPRO,5.8900,6.1700,5.8500,6.1200,6.59 M,01/23/18,-0.17999999999999972,-2.8571428571428528
GPRO,6.2200,6.3000,6.2000,6.3000,1.90 M,01/22/18,0.009999999999999787,0.158982511923685
GPRO,6.2400,6.3300,6.2300,6.2900,3.00 M,01/19/18,0.020000000000000462,0.3189792663476948
GPRO,6.2500,6.3900,6.1950,6.2700,2.62 M,01/18/18,-0.07000000000000028,-1.1041009463722442
GPRO,6.4000,6.6050,6.2600,6.3400,5.58 M,01/17/18,-0.020000000000000462,-0.3144654088050387
GPRO,6.2100,6.4600,6.1600,6.3600,7.06 M,01/16/18,0.1299999999999999,2.0866773675762422
GPRO,6.1300,6.2700,6.0400,6.2300,5.15 M,01/12/18,0.08000000000000007,1.3008130081300824
GPRO,6.0000,6.2600,5.9600,6.1500,5.26 M,01/11/18,0.10000000000000053,1.65289256198348
GPRO,6.1000,6.1300,5.9300,6.0500,7.49 M,01/10/18,-0.1200000000000001,-1.94489465153971
GPRO,6.2500,6.3400,6.0701,6.1700,15.73 M,01/09/18,-0.3899999999999997,-5.945121951219508
GPRO,6.6900,7.1800,5.0400,6.5600,59.78 M,01/08/18,-0.96,-12.765957446808512
GPRO,7.6500,7.8000,7.4750,7.5200,3.72 M,01/05/18,-0.05000000000000071,-0.6605019815059539
GPRO,7.5700,7.6350,7.4500,7.5700,3.34 M,01/04/18,0.08000000000000007,1.0680907877169568
GPRO,7.5000,7.7000,7.4398,7.4900,4.97 M,01/03/18,0.04999999999999982,0.6720430107526858
GPRO,7.6300,7.6493,7.3900,7.4400,5.48 M,01/02/18,-0.1299999999999999,-1.7173051519154543
GPRO,7.7000,7.7000,7.4000,7.5700,5.25 M,12/29/17,-0.1200000000000001,-1.5604681404421339
GPRO,7.6700,7.7500,7.6600,7.6900,2.13 M,12/28/17,0.020000000000000462,0.2607561929595888
GPRO,7.8300,7.8500,7.6500,7.6700,3.77 M,12/27/17,-0.17999999999999972,-2.292993630573245
GPRO,7.9200,8.0000,7.8500,7.8500,2.51 M,12/26/17,-0.10000000000000053,-1.2578616352201324
GPRO,8.2100,8.2200,7.8500,7.9500,3.37 M,12/22/17,-0.1299999999999999,-1.6089108910891077
GPRO,8.0200,8.2650,8.0130,8.0800,3.00 M,12/21/17,0.040000000000000924,0.49751243781095683
GPRO,8.0300,8.1300,7.9300,8.0400,2.46 M,12/20/17,-0.040000000000000924,-0.4950495049505065
GPRO,8.0600,8.1250,8.0187,8.0800,2.29 M,12/19/17,0.019999999999999574,0.24813895781637188
GPRO,8.0200,8.1600,8.0050,8.0600,3.61 M,12/18/17,0.02000000000000135,0.24875621890548946
GPRO,7.8800,8.1300,7.8700,8.0400,4.89 M,12/15/17,0.1999999999999993,2.5510204081632564
GPRO,7.9900,8.0800,7.8400,7.8400,4.36 M,12/14/17,-0.15000000000000036,-1.8773466833541972
GPRO,8.0100,8.1800,7.9900,7.9900,4.18 M,12/13/17,-0.03999999999999915,-0.4981320049813095
GPRO,8.1600,8.2200,8.0200,8.0300,2.36 M,12/12/17,-0.16999999999999993,-2.0731707317073162
GPRO,8.0100,8.2250,8.0100,8.2000,2.45 M,12/11/17,0.17999999999999972,2.244389027431418
GPRO,7.9800,8.2000,7.9400,8.0200,3.18 M,12/08/17,0.02999999999999936,0.37546933667083054
GPRO,7.9500,8.0800,7.9100,7.9900,2.85 M,12/07/17,0.07000000000000028,0.8838383838383874
GPRO,8.0800,8.1600,7.8900,7.9200,4.02 M,12/06/17,-0.22000000000000064,-2.70270270270271
GPRO,8.2000,8.2950,8.0400,8.1400,3.26 M,12/05/17,-0.08999999999999986,-1.0935601458080177
GPRO,8.5600,8.6450,8.2100,8.2300,3.68 M,12/04/17,-0.27999999999999936,-3.2902467685076306
GPRO,8.4700,8.7100,8.4500,8.5100,2.75 M,12/01/17,-0.02999999999999936,-0.35128805620608156
GPRO,8.6900,8.6900,8.4600,8.5400,2.34 M,11/30/17,-0.09000000000000163,-1.0428736964078984
GPRO,8.6800,8.7200,8.4000,8.6300,3.16 M,11/29/17,-0.08999999999999986,-1.0321100917431176
GPRO,8.6300,8.7700,8.6172,8.7200,2.50 M,11/28/17,0.08999999999999986,1.0428736964078777
GPRO,8.5300,8.7400,8.3700,8.6300,3.08 M,11/27/17,0.05000000000000071,0.582750582750591
GPRO,8.6100,8.6700,8.5000,8.5800,1.44 M,11/24/17,0.0,0.0
GPRO,8.7400,8.7800,8.5700,8.5800,3.69 M,11/22/17,-0.02999999999999936,-0.3484320557491215
GPRO,8.4500,8.6775,8.4005,8.6100,3.14 M,11/21/17,0.21999999999999886,2.622169249106065
GPRO,8.3100,8.5000,8.3100,8.3900,3.18 M,11/20/17,0.10000000000000142,1.2062726176115974
GPRO,8.3000,8.4600,8.2600,8.2900,3.02 M,11/17/17,0.019999999999999574,0.24183796856105894
GPRO,8.1400,8.3300,8.1400,8.2700,2.54 M,11/16/17,0.10999999999999943,1.3480392156862675
GPRO,8.0400,8.2300,7.9600,8.1600,3.32 M,11/15/17,-0.05000000000000071,-0.6090133982947711
GPRO,8.3800,8.4700,8.1300,8.2100,4.08 M,11/14/17,-0.16999999999999993,-2.0286396181384236
GPRO,8.5400,8.6598,8.3500,8.3800,3.65 M,11/13/17,-0.129999999999999,-1.5276145710928204
GPRO,8.4100,8.6500,8.3600,8.5100,4.17 M,11/10/17,0.16000000000000014,1.9161676646706605
GPRO,8.7000,8.7200,8.3200,8.3500,4.68 M,11/09/17,-0.3800000000000008,-4.352806414662093
GPRO,8.7700,8.8300,8.6100,8.7300,4.24 M,11/08/17,-0.11999999999999922,-1.3559322033898218
GPRO,9.0000,9.0000,8.8100,8.8500,4.10 M,11/07/17,-0.0600000000000005,-0.673400673400679
GPRO,9.2100,9.2200,8.7901,8.9100,8.97 M,11/06/17,-0.22000000000000064,-2.4096385542168743
GPRO,9.4300,9.6000,9.1000,9.1300,8.00 M,11/03/17,-0.4499999999999993,-4.697286012526089
GPRO,9.5700,9.6400,9.0000,9.5800,11.73 M,11/02/17,-1.0899999999999999,-10.21555763823805
GPRO,10.4700,10.6700,10.2900,10.6700,9.85 M,11/01/17,0.2400000000000002,2.301054650047941
GPRO,10.6800,10.7000,10.2200,10.4300,6.39 M,10/31/17,0.08999999999999986,0.8704061895551244
GPRO,10.0800,10.5000,10.0500,10.3400,7.30 M,10/30/17,0.33999999999999986,3.3999999999999986
GPRO,10.0700,10.1000,9.7600,10.0000,4.68 M,10/27/17,0.14000000000000057,1.4198782961460505
GPRO,9.6500,10.0300,9.6400,9.8600,7.46 M,10/26/17,0.2400000000000002,2.494802494802497
GPRO,9.7100,9.8600,9.4600,9.6200,6.84 M,10/25/17,0.21999999999999886,2.3404255319148812
GPRO,9.4100,9.5100,9.3700,9.4000,2.88 M,10/24/17,0.0,0.0
GPRO,9.4400,9.5400,9.3100,9.4000,4.25 M,10/23/17,-0.08000000000000007,-0.8438818565400851
GPRO,9.3100,9.5300,9.2400,9.4800,4.45 M,10/20/17,0.2699999999999996,2.931596091205207
GPRO,9.4900,9.5400,9.1700,9.2100,4.49 M,10/19/17,-0.2599999999999998,-2.745512143611402
GPRO,9.6800,9.8500,9.4600,9.4700,10.13 M,10/18/17,0.2400000000000002,2.6002166847237294
GPRO,9.1000,9.4000,9.0500,9.2300,8.55 M,10/17/17,0.15000000000000036,1.6519823788546295
GPRO,9.5900,9.6000,9.0300,9.0800,10.70 M,10/16/17,-0.4800000000000004,-5.020920502092054
GPRO,9.6200,9.7400,9.5350,9.5600,4.04 M,10/13/17,-0.019999999999999574,-0.2087682672233776
GPRO,9.5900,9.6900,9.4700,9.5800,4.23 M,10/12/17,-0.05000000000000071,-0.5192107995846387
GPRO,9.7100,9.7900,9.4200,9.6300,5.91 M,10/11/17,-0.11999999999999922,-1.2307692307692228
GPRO,9.8400,9.9500,9.7050,9.7500,4.43 M,10/10/17,-0.0600000000000005,-0.6116207951070387
GPRO,9.9500,10.1750,9.7100,9.8100,6.71 M,10/09/17,-0.07000000000000028,-0.7085020242915008
GPRO,9.7600,10.1800,9.7501,9.8800,10.38 M,10/06/17,0.21000000000000085,2.1716649431230697
GPRO,10.5900,10.6390,9.6100,9.6700,13.51 M,10/05/17,-0.7200000000000006,-6.929740134744952
GPRO,11.0600,11.4100,10.1600,10.3900,12.57 M,10/04/17,-0.6999999999999993,-6.311992786293952
GPRO,11.1100,11.2350,10.9900,11.0900,3.06 M,10/03/17,-0.02999999999999936,-0.2697841726618648
GPRO,10.8200,11.2500,10.7000,11.1200,5.20 M,10/02/17,0.10999999999999943,0.9990917347865526
GPRO,11.4800,11.5700,10.9600,11.0100,8.02 M,09/29/17,-0.47000000000000064,-4.0940766550522705
GPRO,11.7900,11.8000,11.2900,11.4800,8.13 M,09/28/17,-0.20999999999999908,-1.7964071856287347
GPRO,11.5500,11.8900,11.2700,11.6900,7.73 M,09/27/17,0.17999999999999972,1.5638575152041678
GPRO,11.2800,11.8700,11.2500,11.5100,9.04 M,09/26/17,0.33000000000000007,2.951699463327371
GPRO,10.9100,11.4000,10.8800,11.1800,9.29 M,09/25/17,0.4299999999999997,3.9999999999999973
GPRO,10.9800,11.1600,10.5400,10.7500,5.60 M,09/22/17,-0.1899999999999995,-1.7367458866544745
GPRO,10.9000,11.4700,10.8800,10.9400,8.36 M,09/21/17,0.27999999999999936,2.626641651031889
GPRO,10.9200,11.0300,10.6101,10.6600,4.20 M,09/20/17,-0.3100000000000005,-2.825888787602557
GPRO,11.1700,11.2700,10.8700,10.9700,4.78 M,09/19/17,-0.14999999999999858,-1.34892086330934
GPRO,11.6300,11.7300,11.0500,11.1200,6.44 M,09/18/17,-0.40000000000000036,-3.4722222222222254
GPRO,11.2000,11.6900,11.0000,11.5200,7.23 M,09/15/17,0.28999999999999915,2.5823686553873477
GPRO,11.3600,11.6000,11.0600,11.2300,7.96 M,09/14/17,-0.17999999999999972,-1.5775635407537223
GPRO,10.7200,11.6100,10.6800,11.4100,10.08 M,09/13/17,0.5199999999999996,4.775022956841134
GPRO,11.0900,11.2900,10.6000,10.8900,8.56 M,09/12/17,-0.02999999999999936,-0.27472527472526886
GPRO,10.3600,11.3700,10.3100,10.9200,17.26 M,09/11/17,0.6600000000000001,6.4327485380116975
GPRO,10.1000,10.4000,9.8300,10.2600,9.74 M,09/08/17,0.2599999999999998,2.599999999999998
GPRO,10.0100,10.8900,9.8302,10.0000,32.83 M,09/07/17,1.0999999999999996,12.359550561797748
GPRO,8.9600,9.0400,8.7700,8.9000,2.88 M,09/06/17,-0.02999999999999936,-0.3359462486002168
GPRO,8.9100,9.0500,8.7900,8.9300,2.62 M,09/05/17,-0.07000000000000028,-0.7777777777777809
GPRO,9.1800,9.4500,8.9900,9.0000,3.39 M,09/01/17,-0.21000000000000085,-2.280130293159618
GPRO,9.1100,9.2200,9.1000,9.2100,1.97 M,08/31/17,0.10000000000000142,1.0976948408342637
GPRO,9.1500,9.1900,9.0500,9.1100,1.72 M,08/30/17,-0.040000000000000924,-0.4371584699453653
GPRO,9.1200,9.2400,9.0600,9.1500,1.75 M,08/29/17,-0.10999999999999943,-1.1879049676025857
GPRO,9.1300,9.2900,8.9000,9.2600,2.47 M,08/28/17,0.129999999999999,1.4238773274917742
GPRO,9.4300,9.4400,9.1300,9.1300,3.10 M,08/25/17,0.0,0.0
GPRO,9.2500,9.3100,9.0600,9.1300,2.00 M,08/24/17,-0.08000000000000007,-0.8686210640608042
GPRO,8.9900,9.2800,8.9100,9.2100,2.64 M,08/23/17,0.15000000000000036,1.6556291390728515
GPRO,8.8000,9.1000,8.6700,9.0600,4.05 M,08/22/17,0.3000000000000007,3.4246575342465837
GPRO,9.0300,9.1200,8.7100,8.7600,3.79 M,08/21/17,-0.2900000000000009,-3.2044198895027725
GPRO,9.3400,9.3600,9.0300,9.0500,4.40 M,08/18/17,-0.2699999999999996,-2.8969957081545017
GPRO,9.4300,9.6099,9.3000,9.3200,3.15 M,08/17/17,-0.08999999999999986,-0.9564293304994671
GPRO,9.9000,9.9300,9.2900,9.4100,6.27 M,08/16/17,-0.47000000000000064,-4.757085020242921
GPRO,10.0200,10.4800,9.8789,9.8800,7.03 M,08/15/17,0.14000000000000057,1.437371663244359
GPRO,9.9000,9.9496,9.5800,9.7400,3.93 M,08/14/17,-0.14000000000000057,-1.4170040485830016
GPRO,9.7900,9.9800,9.6100,9.8800,4.59 M,08/11/17,0.10000000000000142,1.022494887525577
GPRO,10.1700,10.4200,9.7500,9.7800,5.07 M,08/10/17,-0.3800000000000008,-3.740157480314968
GPRO,10.3500,10.4000,9.9510,10.1600,6.15 M,08/09/17,-0.35999999999999943,-3.422053231939158
GPRO,10.1100,10.8500,10.0900,10.5200,9.43 M,08/08/17,0.35999999999999943,3.5433070866141674
GPRO,9.8000,10.3650,9.5100,10.1600,13.18 M,08/07/17,0.3100000000000005,3.147208121827416
GPRO,9.5400,10.3800,9.3100,9.8500,28.77 M,08/04/17,1.5899999999999999,19.249394673123486
GPRO,8.0500,8.3800,8.0500,8.2600,6.29 M,08/03/17,0.23000000000000043,2.864259028642596
GPRO,8.0600,8.1600,7.9800,8.0300,1.59 M,08/02/17,-0.05000000000000071,-0.6188118811881276
GPRO,8.3000,8.3300,7.9600,8.0800,3.28 M,08/01/17,-0.16000000000000014,-1.9417475728155356
GPRO,8.3100,8.3900,8.1300,8.2400,2.22 M,07/31/17,0.14000000000000057,1.728395061728402
GPRO,8.0100,8.1300,7.9600,8.1000,1.68 M,07/28/17,0.03999999999999915,0.49627791563274376
GPRO,8.2100,8.2300,7.9200,8.0600,1.78 M,07/27/17,-0.11999999999999922,-1.4669926650366654
GPRO,8.1000,8.2600,8.0589,8.1800,1.67 M,07/26/17,0.08999999999999986,1.112484548825709
GPRO,8.0200,8.1900,7.9600,8.0900,2.42 M,07/25/17,0.0600000000000005,0.7471980074719863
GPRO,7.9600,8.0500,7.8800,8.0300,1.87 M,07/24/17,0.0699999999999994,0.8793969849246155
GPRO,8.0400,8.0700,7.9100,7.9600,1.78 M,07/21/17,-0.04999999999999982,-0.6242197253433186
GPRO,8.0200,8.2800,8.0050,8.0100,2.08 M,07/20/17,-0.0600000000000005,-0.7434944237918277
GPRO,7.9500,8.0950,7.9462,8.0700,1.74 M,07/19/17,0.08000000000000007,1.0012515644555704
GPRO,8.0800,8.1100,7.9200,7.9900,2.04 M,07/18/17,-0.11999999999999922,-1.4796547472256378
GPRO,8.1800,8.2700,8.0750,8.1100,1.66 M,07/17/17,-0.07000000000000028,-0.8557457212713971
GPRO,8.4000,8.4400,8.0600,8.1800,2.88 M,07/14/17,-0.2599999999999998,-3.0805687203791448
GPRO,8.0500,8.4900,8.0500,8.4400,2.72 M,07/13/17,0.3200000000000003,3.9408866995073932
GPRO,8.0000,8.1200,7.9900,8.1200,1.33 M,07/12/17,0.16999999999999904,2.138364779874202
GPRO,7.9700,8.0600,7.8900,7.9500,1.28 M,07/11/17,-0.009999999999999787,-0.1256281407035149
GPRO,7.9800,8.0800,7.9247,7.9600,1.13 M,07/10/17,-0.020000000000000462,-0.25062656641604586
GPRO,8.0000,8.1100,7.9000,7.9800,1.71 M,07/07/17,-0.019999999999999574,-0.24999999999999467
GPRO,7.9800,8.2600,7.9500,8.0000,1.93 M,07/06/17,-0.05000000000000071,-0.621118012422369
GPRO,8.0400,8.1200,7.9100,8.0500,1.62 M,07/05/17,-0.1399999999999988,-1.7094017094016947
GPRO,8.1500,8.2000,7.9990,8.1900,688266,07/03/17,0.05999999999999872,0.738007380073785
GPRO,8.2600,8.3100,8.0900,8.1300,1.79 M,06/30/17,-0.14999999999999858,-1.8115942028985337
GPRO,8.2300,8.3300,8.1500,8.2800,1.32 M,06/29/17,0.02999999999999936,0.3636363636363559
GPRO,8.1500,8.3700,8.1200,8.2500,1.49 M,06/28/17,0.10999999999999943,1.3513513513513442
GPRO,8.1500,8.4600,8.1200,8.1400,2.62 M,06/27/17,-0.049999999999998934,-0.6105006105005976
GPRO,7.7600,8.3500,7.7500,8.1900,3.52 M,06/26/17,0.3699999999999992,4.731457800511499
GPRO,7.7300,7.8600,7.6800,7.8200,4.99 M,06/23/17,0.08000000000000007,1.0335917312661507
GPRO,7.6300,7.8300,7.6200,7.7400,1.52 M,06/22/17,0.040000000000000036,0.5194805194805199
GPRO,7.8800,7.8800,7.6000,7.7000,1.94 M,06/21/17,-0.09999999999999964,-1.2820512820512775
GPRO,7.8600,7.9900,7.7100,7.8000,3.05 M,06/20/17,-0.040000000000000036,-0.5102040816326535
GPRO,7.7700,7.8906,7.6200,7.8400,2.71 M,06/19/17,0.07000000000000028,0.9009009009009046
GPRO,8.0400,8.0600,7.5700,7.7700,4.63 M,06/16/17,-0.3000000000000007,-3.7174721189591167
GPRO,8.2200,8.3050,8.0700,8.0700,1.55 M,06/15/17,-0.2699999999999996,-3.237410071942441
GPRO,8.4600,8.4700,8.3000,8.3400,1.51 M,06/14/17,-0.08999999999999986,-1.0676156583629877
GPRO,8.5300,8.5700,8.4300,8.4300,1.18 M,06/13/17,-0.09999999999999964,-1.1723329425556817
GPRO,8.3100,8.5500,8.3000,8.5300,1.50 M,06/12/17,0.16000000000000014,1.911589008363204
GPRO,8.5200,8.6600,8.3300,8.3700,1.79 M,06/09/17,-0.16000000000000014,-1.875732708089099
GPRO,8.4400,8.5900,8.4000,8.5300,976368,06/08/17,0.09999999999999964,1.1862396204033172
GPRO,8.5300,8.6500,8.4200,8.4300,1.36 M,06/07/17,-0.0600000000000005,-0.7067137809187337
GPRO,8.5000,8.6200,8.3750,8.4900,1.55 M,06/06/17,-0.08000000000000007,-0.9334889148191373
GPRO,8.4000,8.5900,8.2802,8.5700,1.39 M,06/05/17,0.16000000000000014,1.9024970273483963
GPRO,8.3500,8.4800,8.3200,8.4100,973626,06/02/17,-0.009999999999999787,-0.11876484560569818
GPRO,8.2200,8.5500,8.2008,8.4200,1.92 M,06/01/17,0.1999999999999993,2.4330900243308915
GPRO,8.2900,8.3200,8.0200,8.2200,2.56 M,05/31/17,-0.08000000000000007,-0.9638554216867478
GPRO,8.3500,8.3800,8.2300,8.3000,1.70 M,05/30/17,-0.09999999999999964,-1.1904761904761862
GPRO,8.4700,8.4831,8.3200,8.4000,1.16 M,05/26/17,-0.07000000000000028,-0.8264462809917388
GPRO,8.5500,8.6200,8.4100,8.4700,1.65 M,05/25/17,-0.06999999999999851,-0.8196721311475236
GPRO,8.6200,8.6500,8.5000,8.5400,1.91 M,05/24/17,-0.09000000000000163,-1.0428736964078984
GPRO,8.8400,8.8700,8.5200,8.6300,3.51 M,05/23/17,-0.22999999999999865,-2.5959367945823777
GPRO,8.5300,9.1800,8.4900,8.8600,5.43 M,05/22/17,0.33999999999999986,3.990610328638496
GPRO,8.2600,8.5750,8.2600,8.5200,2.30 M,05/19/17,0.2699999999999996,3.2727272727272676
GPRO,8.3000,8.3600,8.2100,8.2500,1.93 M,05/18/17,-0.14000000000000057,-1.6686531585220568
GPRO,8.6000,8.6001,8.3700,8.3900,2.31 M,05/17/17,-0.28999999999999915,-3.341013824884783
GPRO,8.6400,8.7300,8.5900,8.6800,1.58 M,05/16/17,0.03999999999999915,0.4629629629629531
GPRO,8.5700,8.8000,8.5467,8.6400,2.04 M,05/15/17,0.10000000000000142,1.1709601873536468
GPRO,8.6200,8.6900,8.5300,8.5400,1.81 M,05/12/17,-0.08000000000000007,-0.9280742459396761
GPRO,8.5400,8.6400,8.3700,8.6200,2.36 M,05/11/17,0.08999999999999986,1.0550996483001156
GPRO,8.3100,8.6400,8.3100,8.5300,2.53 M,05/10/17,0.21999999999999886,2.6474127557159908
GPRO,8.4100,8.4500,8.2800,8.3100,1.83 M,05/09/17,-0.09999999999999964,-1.1890606420927425
GPRO,8.5700,8.5700,8.3100,8.4100,1.80 M,05/08/17,-0.009999999999999787,-0.11876484560569818
GPRO,8.2500,8.5190,8.2100,8.4200,2.67 M,05/05/17,0.16000000000000014,1.9370460048426168
GPRO,8.4200,8.4375,8.1200,8.2600,4.31 M,05/04/17,-0.14000000000000057,-1.6666666666666734
GPRO,8.6100,8.6700,8.3900,8.4000,2.56 M,05/03/17,-0.27999999999999936,-3.225806451612896
GPRO,8.5200,8.7900,8.4600,8.6800,3.80 M,05/02/17,0.16000000000000014,1.8779342723004713
GPRO,8.2400,8.6300,8.2300,8.5200,5.03 M,05/01/17,0.2699999999999996,3.2727272727272676
GPRO,8.9900,9.0000,8.2000,8.2500,10.54 M,04/28/17,-0.6899999999999995,-7.7181208053691215
GPRO,9.3300,9.3600,8.9100,8.9400,7.89 M,04/27/17,-0.20000000000000107,-2.1881838074398363
GPRO,9.2100,9.4000,9.1000,9.1400,3.38 M,04/26/17,-0.03999999999999915,-0.4357298474945441
GPRO,9.0200,9.2150,9.0200,9.1800,2.49 M,04/25/17,0.16999999999999993,1.886792452830188
GPRO,8.9300,9.0850,8.7100,9.0100,2.72 M,04/24/17,0.14000000000000057,1.578354002254798
GPRO,8.9900,9.0100,8.8300,8.8700,1.94 M,04/21/17,-0.10000000000000142,-1.1148272017837393
GPRO,8.9300,9.0800,8.9200,8.9700,2.37 M,04/20/17,0.08999999999999986,1.0135135135135118
GPRO,8.7400,8.9800,8.7200,8.8800,2.08 M,04/19/17,0.13000000000000078,1.4857142857142946
GPRO,8.6600,8.7800,8.6100,8.7500,1.38 M,04/18/17,0.0,0.0
GPRO,8.6300,8.7500,8.5601,8.7500,1.22 M,04/17/17,0.11999999999999922,1.3904982618771635
GPRO,8.6000,8.8000,8.5700,8.6300,1.28 M,04/13/17,-0.05999999999999872,-0.6904487917145998
GPRO,9.0100,9.0699,8.6500,8.6900,2.58 M,04/12/17,-0.2599999999999998,-2.9050279329608917
GPRO,8.7500,9.3100,8.7300,8.9500,6.49 M,04/11/17,0.2599999999999998,2.9919447640966608
GPRO,8.5500,8.7400,8.5200,8.6900,1.58 M,04/10/17,0.1399999999999988,1.637426900584781
GPRO,8.4600,8.7500,8.4600,8.5500,1.87 M,04/07/17,0.040000000000000924,0.4700352526439592
GPRO,8.3800,8.6600,8.3400,8.5100,2.84 M,04/06/17,0.08000000000000007,0.948991696322658
GPRO,8.4500,8.6400,8.3800,8.4300,1.98 M,04/05/17,0.0,0.0
GPRO,8.5400,8.6200,8.3800,8.4300,1.88 M,04/04/17,-0.17999999999999972,-2.0905923344947706
GPRO,8.6800,8.7500,8.5700,8.6100,1.92 M,04/03/17,-0.08999999999999986,-1.0344827586206882
GPRO,8.6000,8.7600,8.5800,8.7000,1.98 M,03/31/17,0.03999999999999915,0.4618937644341703
GPRO,8.7600,8.8000,8.5200,8.6600,1.97 M,03/30/17,-0.07000000000000028,-0.8018327605956505
GPRO,8.5700,8.8500,8.5700,8.7300,3.00 M,03/29/17,0.16000000000000014,1.8669778296382746
GPRO,8.4400,8.5800,8.3400,8.5700,2.09 M,03/28/17,0.14000000000000057,1.660735468564657
GPRO,8.3000,8.6300,8.2200,8.4300,2.92 M,03/27/17,0.129999999999999,1.5662650602409518
GPRO,8.4300,8.4300,8.2600,8.3000,1.62 M,03/24/17,-0.05999999999999872,-0.7177033492822814
GPRO,8.3000,8.4710,8.3000,8.3600,1.61 M,03/23/17,0.02999999999999936,0.3601440576230415
GPRO,8.3400,8.3800,8.1600,8.3300,2.06 M,03/22/17,-0.07000000000000028,-0.8333333333333367
GPRO,8.6600,8.7000,8.2700,8.4000,3.52 M,03/21/17,-0.2599999999999998,-3.0023094688221685
GPRO,8.5300,8.7300,8.4000,8.6600,3.89 M,03/20/17,0.08999999999999986,1.0501750291715268
GPRO,8.5100,8.5800,8.2600,8.5700,6.28 M,03/17/17,0.0600000000000005,0.7050528789659283
GPRO,8.2200,8.6400,8.0500,8.5100,20.00 M,03/16/17,1.1600000000000001,15.782312925170071
GPRO,7.2400,7.3699,7.1450,7.3500,3.89 M,03/15/17,0.10999999999999943,1.5193370165745776
GPRO,7.5400,7.5700,7.1600,7.2400,5.48 M,03/14/17,-0.33000000000000007,-4.359313077939235
GPRO,7.9700,7.9800,7.5250,7.5700,5.35 M,03/13/17,-0.39999999999999947,-5.01882057716436
GPRO,8.0000,8.1150,7.9600,7.9700,2.46 M,03/10/17,0.009999999999999787,0.1256281407035149
GPRO,7.9400,8.0650,7.9400,7.9600,2.55 M,03/09/17,-0.020000000000000462,-0.25062656641604586
GPRO,7.9500,8.1200,7.9500,7.9800,2.68 M,03/08/17,0.05000000000000071,0.6305170239596559
GPRO,8.1600,8.3400,7.9100,7.9300,3.70 M,03/07/17,-0.21000000000000085,-2.57985257985259
GPRO,8.5600,8.7250,7.9500,8.1400,9.92 M,03/06/17,-0.6999999999999993,-7.918552036199087
GPRO,9.1500,9.2300,8.7700,8.8400,3.86 M,03/03/17,-0.4299999999999997,-4.638619201725995
GPRO,9.3200,9.5600,9.2600,9.2700,1.83 M,03/02/17,-0.15000000000000036,-1.592356687898093
GPRO,9.3600,9.4650,9.2900,9.4200,2.59 M,03/01/17,0.019999999999999574,0.21276595744680396
GPRO,9.5500,9.6000,9.3800,9.4000,1.91 M,02/28/17,-0.2599999999999998,-2.6915113871635588
GPRO,9.3200,9.7400,9.3200,9.6600,2.90 M,02/27/17,0.23000000000000043,2.439024390243907
GPRO,9.5100,9.5700,9.3201,9.4300,2.98 M,02/24/17,-0.14000000000000057,-1.4629049111807793
GPRO,9.6000,9.7500,9.5100,9.5700,2.12 M,02/23/17,0.0600000000000005,0.630914826498428
GPRO,9.4000,9.6000,9.3500,9.5100,1.75 M,02/22/17,0.049999999999998934,0.5285412262156335
GPRO,9.3100,9.5900,9.2700,9.4600,2.93 M,02/21/17,0.21000000000000085,2.2702702702702795
GPRO,9.3300,9.3300,9.1200,9.2500,1.88 M,02/17/17,-0.08000000000000007,-0.8574490889603438
GPRO,9.4000,9.4400,9.2100,9.3300,2.62 M,02/16/17,-0.10999999999999943,-1.1652542372881296
GPRO,9.4900,9.4900,9.2000,9.4400,3.15 M,02/15/17,0.2699999999999996,2.94438386041439
GPRO,9.0800,9.2600,9.0300,9.1700,3.22 M,02/14/17,0.11999999999999922,1.3259668508287206
GPRO,8.9800,9.0900,8.9301,9.0500,3.05 M,02/13/17,0.15000000000000036,1.6853932584269702
GPRO,8.8300,8.9000,8.6200,8.9000,3.30 M,02/10/17,0.16000000000000014,1.8306636155606424
GPRO,8.9600,8.9800,8.7200,8.7400,3.66 M,02/09/17,-0.09999999999999964,-1.1312217194570096
GPRO,9.3200,9.3900,8.8000,8.8400,7.53 M,02/08/17,-0.5,-5.353319057815846
GPRO,9.5100,9.6500,9.3300,9.3400,4.70 M,02/07/17,-0.16999999999999993,-1.787592008412197
GPRO,9.5500,9.8000,9.5000,9.5100,4.91 M,02/06/17,-0.07000000000000028,-0.7306889352818401
GPRO,9.6800,9.8500,9.4000,9.5800,15.21 M,02/03/17,-1.3900000000000006,-12.670920692798546
GPRO,10.7500,11.1000,10.5900,10.9700,8.43 M,02/02/17,0.40000000000000036,3.7842951750236553
GPRO,10.7700,10.9500,10.5000,10.5700,4.35 M,02/01/17,-0.17999999999999972,-1.6744186046511602
GPRO,10.7000,10.7500,10.3700,10.7500,5.42 M,01/31/17,-0.05000000000000071,-0.4629629629629695
GPRO,9.9800,10.8800,9.8500,10.8000,6.65 M,01/30/17,0.7300000000000004,7.2492552135054655
GPRO,10.0200,10.1500,9.9500,10.0700,1.76 M,01/27/17,0.040000000000000924,0.39880358923231235
GPRO,10.0300,10.2000,9.9600,10.0300,2.62 M,01/26/17,0.02999999999999936,0.2999999999999936
GPRO,10.1600,10.2600,9.8300,10.0000,3.80 M,01/25/17,-0.13000000000000078,-1.283316880552821
GPRO,9.8700,10.4400,9.8100,10.1300,10.52 M,01/24/17,0.7300000000000004,7.765957446808515
GPRO,9.4200,9.4700,9.2000,9.4000,3.26 M,01/23/17,-0.10999999999999943,-1.1566771819137691
GPRO,9.2000,9.5500,9.1900,9.5100,4.29 M,01/20/17,0.33999999999999986,3.7077426390403474
GPRO,9.1700,9.3400,9.1200,9.1700,2.15 M,01/19/17,-0.05000000000000071,-0.5422993492407886
GPRO,9.4100,9.4700,9.1200,9.2200,2.32 M,01/18/17,-0.1999999999999993,-2.123142250530778
GPRO,9.2900,9.5400,9.2000,9.4200,2.98 M,01/17/17,0.15000000000000036,1.6181229773462822
GPRO,9.2000,9.4200,9.1700,9.2700,2.84 M,01/13/17,0.11999999999999922,1.311475409836057
GPRO,9.1000,9.2500,9.0400,9.1500,1.96 M,01/12/17,0.030000000000001137,0.32894736842106514
GPRO,9.0500,9.2100,9.0203,9.1200,2.50 M,01/11/17,0.09999999999999964,1.108647450110861
GPRO,9.0500,9.1500,8.9800,9.0200,3.04 M,01/10/17,-0.040000000000000924,-0.4415011037527696
GPRO,9.1000,9.2500,9.0000,9.0600,2.63 M,01/09/17,-0.009999999999999787,-0.110253583241453
GPRO,9.1400,9.2500,8.9950,9.0700,4.86 M,01/06/17,-0.27999999999999936,-2.9946524064171056
GPRO,9.1200,9.5500,9.0600,9.3500,5.79 M,01/05/17,0.33000000000000007,3.6585365853658547
GPRO,8.8100,9.1200,8.7800,9.0200,3.64 M,01/04/17,0.25,2.8506271379703536
GPRO,8.8200,8.9700,8.6700,8.7700,3.29 M,01/03/17,0.05999999999999872,0.6888633754305249
GPRO,8.8000,8.8500,8.6500,8.7100,4.27 M,12/30/16,-0.129999999999999,-1.4705882352941064
GPRO,8.9000,8.9700,8.7100,8.8400,3.44 M,12/29/16,-0.10999999999999943,-1.2290502793296028
GPRO,9.0200,9.1900,8.8500,8.9500,3.24 M,12/28/16,-0.14000000000000057,-1.5401540154015465
GPRO,9.1200,9.2800,9.0200,9.0900,3.01 M,12/27/16,-0.09999999999999964,-1.0881392818280702
GPRO,9.0400,9.1900,8.8100,9.1900,3.54 M,12/23/16,0.17999999999999972,1.9977802441731378
GPRO,8.8100,9.6000,8.7500,9.0100,7.66 M,12/22/16,0.10999999999999943,1.2359550561797688
GPRO,8.8400,8.9499,8.8000,8.9000,1.69 M,12/21/16,0.0,0.0
GPRO,8.9200,9.1200,8.8700,8.9000,2.45 M,12/20/16,-0.019999999999999574,-0.22421524663676654
GPRO,9.0500,9.1799,8.8000,8.9200,3.34 M,12/19/16,-0.08999999999999986,-0.9988901220865689
GPRO,8.7500,9.6000,8.6898,9.0100,6.70 M,12/16/16,0.3200000000000003,3.682393555811281
GPRO,8.7100,8.7500,8.5400,8.6900,3.55 M,12/15/16,-0.08999999999999986,-1.025056947608199
GPRO,8.8500,8.9600,8.7500,8.7800,2.41 M,12/14/16,-0.040000000000000924,-0.4535147392290354
GPRO,9.0200,9.0200,8.8000,8.8200,3.50 M,12/13/16,0.009999999999999787,0.11350737797956624
GPRO,9.3500,9.3500,8.7500,8.8100,4.90 M,12/12/16,-0.41999999999999993,-4.550379198266521
GPRO,9.1700,9.4200,9.1500,9.2300,3.81 M,12/09/16,0.030000000000001137,0.3260869565217515
GPRO,9.3400,9.3900,9.0100,9.2000,4.80 M,12/08/16,-0.16999999999999993,-1.8143009605122726
GPRO,9.7500,9.7900,9.3300,9.3700,5.01 M,12/07/16,-0.3800000000000008,-3.8974358974359053
GPRO,9.6400,9.7900,9.6100,9.7500,2.33 M,12/06/16,0.08999999999999986,0.9316770186335389
GPRO,9.7200,9.8811,9.6500,9.6600,4.11 M,12/05/16,-0.03999999999999915,-0.4123711340206098
GPRO,10.0200,10.0200,9.5900,9.7000,3.40 M,12/02/16,-0.120000000000001,-1.2219959266802545
GPRO,10.0800,10.2400,9.7000,9.8200,4.79 M,12/01/16,-0.16000000000000014,-1.6032064128256527
GPRO,10.0800,10.4000,9.9800,9.9800,6.19 M,11/30/16,0.15000000000000036,1.5259409969481217
GPRO,9.8000,10.0700,9.7300,9.8300,2.96 M,11/29/16,0.019999999999999574,0.20387359836900687
GPRO,9.7500,9.9200,9.7200,9.8100,2.60 M,11/28/16,-0.08000000000000007,-0.8088978766430744
GPRO,9.9000,10.0800,9.8400,9.8900,1.79 M,11/25/16,0.009999999999999787,0.10121457489878326
GPRO,9.7400,9.9400,9.6100,9.8800,2.29 M,11/23/16,0.09000000000000163,0.9193054136874529
GPRO,9.9300,10.0000,9.5500,9.7900,5.54 M,11/22/16,-0.120000000000001,-1.2108980827447124
GPRO,9.9500,10.2300,9.8500,9.9100,4.82 M,11/21/16,-0.10999999999999943,-1.0978043912175592
GPRO,10.0100,10.0700,9.8698,10.0200,3.44 M,11/18/16,0.03999999999999915,0.4008016032064043
GPRO,9.8900,10.0900,9.7700,9.9800,4.20 M,11/17/16,0.08000000000000007,0.8080808080808087
GPRO,10.0800,10.1400,9.8600,9.9000,4.74 M,11/16/16,-0.2400000000000002,-2.3668639053254457
GPRO,10.3500,10.4000,10.0100,10.1400,4.57 M,11/15/16,-0.20999999999999908,-2.028985507246368
GPRO,10.2500,10.5000,10.2000,10.3500,3.18 M,11/14/16,0.07000000000000028,0.6809338521400806
GPRO,10.1700,10.3600,9.9500,10.2800,3.71 M,11/11/16,0.06999999999999851,0.6856023506366161
GPRO,10.3700,10.6700,10.0700,10.2100,3.59 M,11/10/16,-0.1999999999999993,-1.921229586935632
GPRO,9.8200,10.4200,9.7500,10.4100,7.59 M,11/09/16,-0.4499999999999993,-4.143646408839773
GPRO,10.6400,11.1600,10.4400,10.8600,5.79 M,11/08/16,0.21999999999999886,2.06766917293232
GPRO,11.3000,11.3499,10.2900,10.6400,10.58 M,11/07/16,-0.5199999999999996,-4.659498207885301
GPRO,10.0000,12.4700,9.9000,11.1600,29.46 M,11/04/16,-0.7799999999999994,-6.53266331658291
GPRO,12.5500,12.6000,11.8200,11.9400,9.15 M,11/03/16,-0.9000000000000004,-7.009345794392526
GPRO,12.3200,13.0900,12.3200,12.8400,5.88 M,11/02/16,0.35999999999999943,2.88461538461538
GPRO,12.7200,13.0000,12.2500,12.4800,5.52 M,11/01/16,-0.29999999999999893,-2.3474178403755785
GPRO,13.5400,13.6000,12.7200,12.7800,7.44 M,10/31/16,-0.8200000000000003,-6.029411764705885
GPRO,13.7500,14.0400,13.5600,13.6000,2.93 M,10/28/16,-0.13000000000000078,-0.9468317552804135
GPRO,13.9599,14.3400,13.7000,13.7300,3.75 M,10/27/16,-0.40000000000000036,-2.8308563340410497
GPRO,13.8400,14.3000,13.8000,14.1300,3.63 M,10/26/16,0.25,1.8011527377521612
GPRO,13.9100,14.1090,13.6646,13.8800,3.96 M,10/25/16,0.0,0.0
GPRO,14.6500,14.7500,13.8000,13.8800,9.20 M,10/24/16,-1.049999999999999,-7.032819825853978
GPRO,14.5900,15.1200,14.5000,14.9300,4.05 M,10/21/16,0.17999999999999972,1.2203389830508455
GPRO,14.6600,15.0300,14.5500,14.7500,4.95 M,10/20/16,0.05000000000000071,0.3401360544217736
GPRO,14.7500,14.8700,14.5500,14.7000,5.02 M,10/19/16,0.28999999999999915,2.0124913254684187
GPRO,14.2500,14.5800,14.1100,14.4100,6.69 M,10/18/16,0.33999999999999986,2.416488983653162
GPRO,14.0500,14.2900,13.5900,14.0700,7.76 M,10/17/16,0.47000000000000064,3.455882352941181
GPRO,14.2000,14.2000,13.5000,13.6000,6.85 M,10/14/16,-0.2400000000000002,-1.7341040462427761
GPRO,13.7600,14.3900,13.5900,13.8400,10.58 M,10/13/16,-0.46000000000000085,-3.2167832167832224
GPRO,14.9500,14.9500,14.1800,14.3000,7.24 M,10/12/16,-0.7199999999999989,-4.7936085219706985
GPRO,15.5500,15.6800,14.8500,15.0200,7.88 M,10/11/16,-0.6400000000000006,-4.086845466155815
GPRO,16.4300,16.5000,15.6500,15.6600,7.15 M,10/10/16,-0.6799999999999997,-4.1615667074663385
GPRO,16.6600,16.7690,16.0600,16.3400,5.57 M,10/07/16,-0.4499999999999993,-2.6801667659320985
GPRO,17.0600,17.1300,16.6100,16.7900,5.93 M,10/06/16,-0.33999999999999986,-1.9848219497956794
GPRO,16.9000,17.6800,16.9000,17.1300,9.23 M,10/05/16,0.23999999999999844,1.4209591474245022
GPRO,16.8300,17.6200,16.6000,16.8900,11.13 M,10/04/16,0.15000000000000213,0.8960573476702637
GPRO,16.8700,16.9800,16.3450,16.7400,7.28 M,10/03/16,0.05999999999999872,0.35971223021581966
GPRO,16.8000,17.0000,16.6000,16.6800,5.50 M,09/30/16,0.0799999999999983,0.48192771084336317
GPRO,16.8600,16.9100,16.4000,16.6000,6.57 M,09/29/16,-0.389999999999997,-2.295467922307222
GPRO,16.5700,17.2000,16.4700,16.9900,7.95 M,09/28/16,0.1999999999999993,1.1911852293031524
GPRO,16.7200,17.3500,15.8450,16.7900,14.30 M,09/27/16,-0.13000000000000256,-0.768321513002379
GPRO,16.8200,17.1800,16.5100,16.9200,8.88 M,09/26/16,-0.22999999999999687,-1.3411078717200986
GPRO,16.1200,17.4068,16.1000,17.1500,20.18 M,09/23/16,1.0999999999999979,6.8535825545171205
GPRO,15.3000,16.4200,15.1300,16.0500,18.58 M,09/22/16,1.08,7.214428857715431
GPRO,14.6200,15.0500,14.2600,14.9700,10.50 M,09/21/16,0.7100000000000009,4.978962131837314
GPRO,15.6900,15.7000,13.8910,14.2600,22.47 M,09/20/16,-1.0500000000000007,-6.858262573481389
GPRO,15.6000,16.4400,15.0000,15.3100,35.14 M,09/19/16,0.34999999999999964,2.3395721925133666
GPRO,14.6600,15.0700,14.5100,14.9600,17.46 M,09/16/16,0.8000000000000007,5.649717514124299
GPRO,13.2100,14.2300,13.1300,14.1600,8.13 M,09/15/16,1.0899999999999999,8.339709257842387
GPRO,12.8100,13.2500,12.8100,13.0700,5.12 M,09/14/16,0.2699999999999996,2.1093749999999964
GPRO,13.1300,13.1699,12.6200,12.8000,5.32 M,09/13/16,-0.3999999999999986,-3.0303030303030196
GPRO,12.6100,13.5300,12.5800,13.2000,6.57 M,09/12/16,0.34999999999999964,2.7237354085603087
GPRO,13.4800,13.5500,12.8300,12.8500,7.07 M,09/09/16,-0.7300000000000004,-5.375552282768781
GPRO,14.1200,14.1200,13.3800,13.5800,6.15 M,09/08/16,-0.3000000000000007,-2.1613832853025987
GPRO,14.4400,14.6600,13.6600,13.8800,7.38 M,09/07/16,-0.6899999999999995,-4.735758407687024
GPRO,14.2200,14.6600,14.1000,14.5700,4.84 M,09/06/16,0.4399999999999995,3.1139419674451485
GPRO,14.5700,14.7000,14.0400,14.1300,5.78 M,09/02/16,-0.3999999999999986,-2.7529249827942093
GPRO,14.9400,14.9500,14.1400,14.5300,5.56 M,09/01/16,-0.120000000000001,-0.8191126279863549
GPRO,14.9400,15.0500,14.5600,14.6500,3.84 M,08/31/16,-0.20999999999999908,-1.4131897711978405
GPRO,15.0000,15.3200,14.7500,14.8600,4.73 M,08/30/16,-0.009999999999999787,-0.06724949562878135
GPRO,14.7500,15.2000,14.6600,14.8700,3.64 M,08/29/16,0.14999999999999858,1.019021739130425
GPRO,14.9000,15.1800,14.5100,14.7200,4.45 M,08/26/16,-0.16999999999999993,-1.1417058428475482
GPRO,14.9600,15.1100,14.6500,14.8900,4.05 M,08/25/16,-0.10999999999999943,-0.7333333333333295
GPRO,15.7900,15.8000,14.9100,15.0000,6.49 M,08/24/16,-0.5099999999999998,-3.288201160541585
GPRO,15.6100,15.9900,15.4700,15.5100,8.03 M,08/23/16,0.3100000000000005,2.0394736842105297
GPRO,14.9800,15.9000,14.9000,15.2000,6.71 M,08/22/16,0.08000000000000007,0.5291005291005296
GPRO,15.0100,15.2100,14.6000,15.1200,6.26 M,08/19/16,0.0,0.0
GPRO,15.4300,15.4900,14.9000,15.1200,5.69 M,08/18/16,-0.2900000000000009,-1.881894873458799
GPRO,15.5100,15.6200,15.1900,15.4100,5.29 M,08/17/16,0.019999999999999574,0.12995451591942542
GPRO,15.7000,16.0000,15.2500,15.3900,8.87 M,08/16/16,-0.21999999999999886,-1.4093529788596981
GPRO,14.3000,16.2500,14.3000,15.6100,17.27 M,08/15/16,1.3099999999999987,9.160839160839153
GPRO,14.0300,14.3300,13.8280,14.3000,4.98 M,08/12/16,0.33000000000000007,2.362204724409449
GPRO,14.3500,14.3600,13.9600,13.9700,5.20 M,08/11/16,-0.16999999999999993,-1.2022630834512018
GPRO,14.6700,14.6800,13.9300,14.1400,6.79 M,08/10/16,-0.3999999999999986,-2.7510316368638144
GPRO,14.6800,14.8700,14.3900,14.5400,7.26 M,08/09/16,0.25,1.7494751574527643
GPRO,14.0000,14.8000,13.9611,14.2900,10.11 M,08/08/16,0.5199999999999996,3.776325344952793
GPRO,13.5900,14.1400,13.5900,13.7700,7.03 M,08/05/16,0.2400000000000002,1.7738359201773852
GPRO,13.5000,13.8275,13.1910,13.5300,7.03 M,08/04/16,0.22999999999999865,1.7293233082706665
GPRO,12.7300,13.5000,12.6100,13.3000,7.60 M,08/03/16,0.75,5.9760956175298805
GPRO,12.9000,13.3200,12.5300,12.5500,6.74 M,08/02/16,-0.3899999999999988,-3.0139103554868534
GPRO,12.5800,13.3000,12.4700,12.9400,7.63 M,08/01/16,0.29999999999999893,2.3734177215189787
GPRO,12.8800,12.8900,12.2300,12.6400,11.42 M,07/29/16,-0.379999999999999,-2.918586789554524
GPRO,12.1500,13.2800,11.7535,13.0200,24.14 M,07/28/16,1.4499999999999993,12.532411408815898
GPRO,11.4700,11.8300,11.4200,11.5700,10.65 M,07/27/16,0.25,2.208480565371025
GPRO,11.4100,11.5400,11.2500,11.3200,4.09 M,07/26/16,-0.08999999999999986,-0.7887817703768611
GPRO,11.1100,11.5000,11.0567,11.4100,4.93 M,07/25/16,0.33000000000000007,2.978339350180506
GPRO,11.3200,11.5200,11.0600,11.0800,4.99 M,07/22/16,-0.15000000000000036,-1.3357079252003592
GPRO,11.0900,11.4900,11.0300,11.2300,7.21 M,07/21/16,0.33000000000000007,3.027522935779817
GPRO,11.0900,11.1300,10.8800,10.9000,6.04 M,07/20/16,-0.10999999999999943,-0.9990917347865526
GPRO,11.9800,11.9800,10.9850,11.0100,9.47 M,07/19/16,-0.8399999999999999,-7.088607594936708
GPRO,11.9500,12.0000,11.6500,11.8500,4.38 M,07/18/16,-0.05000000000000071,-0.4201680672268967
GPRO,12.3100,12.4700,11.8500,11.9000,5.17 M,07/15/16,-0.379999999999999,-3.0944625407166044
GPRO,12.6000,12.7200,12.2400,12.2800,5.36 M,07/14/16,-0.15000000000000036,-1.2067578439259885
GPRO,12.8000,13.4000,12.1400,12.4300,9.43 M,07/13/16,-0.030000000000001137,-0.24077046548957573
GPRO,12.5300,12.6500,12.1900,12.4600,7.08 M,07/12/16,0.030000000000001137,0.24135156878520625
GPRO,11.1100,12.4900,11.1000,12.4300,13.49 M,07/11/16,1.459999999999999,13.309024612579755
GPRO,10.9600,11.2200,10.8500,10.9700,4.45 M,07/08/16,0.20000000000000107,1.8570102135561846
GPRO,10.5500,11.1300,10.5200,10.7700,5.77 M,07/07/16,0.17999999999999972,1.6997167138810172
GPRO,10.3800,10.6599,10.2500,10.5900,2.97 M,07/06/16,-0.0600000000000005,-0.5633802816901455
GPRO,10.9200,10.9600,10.6000,10.6500,3.08 M,07/05/16,-0.40000000000000036,-3.6199095022624466
GPRO,10.8600,11.1400,10.7700,11.0500,4.19 M,07/01/16,0.2400000000000002,2.2201665124884387
GPRO,10.7000,10.8800,10.3200,10.8100,5.66 M,06/30/16,0.0,0.0
GPRO,10.6000,10.9000,10.4310,10.8100,5.28 M,06/29/16,0.33000000000000007,3.1488549618320616
GPRO,10.5200,10.8993,10.3000,10.4800,5.26 M,06/28/16,0.2699999999999996,2.6444662095984284
GPRO,10.6100,10.8700,10.0100,10.2100,6.85 M,06/27/16,-0.5699999999999985,-5.287569573283846
GPRO,10.5200,11.0650,10.5000,10.7800,15.05 M,06/24/16,-0.5400000000000009,-4.770318021201422
GPRO,11.2600,11.4000,11.1500,11.3200,4.48 M,06/23/16,0.22000000000000064,1.9819819819819877
GPRO,11.2000,11.4600,11.0300,11.1000,4.12 M,06/22/16,-0.09999999999999964,-0.8928571428571398
GPRO,11.0100,11.2600,10.9500,11.2000,5.90 M,06/21/16,0.34999999999999964,3.2258064516129
GPRO,10.8900,11.4700,10.8000,10.8500,8.24 M,06/20/16,0.1999999999999993,1.8779342723004628
GPRO,9.8800,10.8300,9.8700,10.6500,8.84 M,06/17/16,0.8100000000000005,8.231707317073177
GPRO,9.6600,9.8950,9.5100,9.8400,4.42 M,06/16/16,0.019999999999999574,0.2036659877800364
GPRO,9.8000,10.2301,9.6400,9.8200,4.89 M,06/15/16,0.10999999999999943,1.132852729145205
GPRO,9.8400,10.0700,9.5300,9.7100,4.45 M,06/14/16,-0.2599999999999998,-2.6078234704112315
GPRO,9.9100,10.3000,9.8500,9.9700,4.40 M,06/13/16,-0.28999999999999915,-2.8265107212475553
GPRO,10.7900,10.7900,10.2400,10.2600,3.96 M,06/10/16,-0.6400000000000006,-5.871559633027528
GPRO,10.8900,10.9600,10.7700,10.9000,3.20 M,06/09/16,-0.16000000000000014,-1.4466546112115743
GPRO,11.1500,11.2900,10.9100,11.0600,3.94 M,06/08/16,-0.009999999999999787,-0.09033423667569816
GPRO,10.9400,11.1000,10.7500,11.0700,3.85 M,06/07/16,0.15000000000000036,1.373626373626377
GPRO,10.7000,11.0000,10.3900,10.9200,4.56 M,06/06/16,0.1999999999999993,1.865671641791038
GPRO,11.0000,11.0000,10.6600,10.7200,5.97 M,06/03/16,0.0,0.0
GPRO,10.2800,10.7500,10.2300,10.7200,5.08 M,06/02/16,0.40000000000000036,3.8759689922480653
GPRO,10.1600,10.3200,9.9200,10.3200,4.88 M,06/01/16,0.05000000000000071,0.486854917234671
GPRO,10.2700,10.5100,10.1000,10.2700,5.93 M,05/31/16,0.07000000000000028,0.6862745098039243
GPRO,9.9900,10.2200,9.7200,10.2000,5.14 M,05/27/16,0.21999999999999886,2.204408817635259
GPRO,10.2000,10.2400,9.7700,9.9800,6.19 M,05/26/16,-0.09999999999999964,-0.9920634920634885
GPRO,9.8200,10.1800,9.7100,10.0800,6.08 M,05/25/16,0.3699999999999992,3.8105046343975197
GPRO,9.9100,10.0800,9.6300,9.7100,9.52 M,05/24/16,0.45000000000000107,4.859611231101524
GPRO,9.2000,9.6000,9.2000,9.2600,5.70 M,05/23/16,0.10999999999999943,1.2021857923497206
GPRO,8.9200,9.2000,8.7500,9.1500,5.93 M,05/20/16,0.3000000000000007,3.3898305084745846
GPRO,8.7500,8.9000,8.6200,8.8500,5.96 M,05/19/16,0.049999999999998934,0.568181818181806
GPRO,8.9400,9.1200,8.7700,8.8000,4.80 M,05/18/16,-0.1899999999999995,-2.1134593993325863
GPRO,8.9800,9.2300,8.8500,8.9900,4.36 M,05/17/16,0.0600000000000005,0.6718924972004535
GPRO,9.0500,9.2600,8.8000,8.9300,5.76 M,05/16/16,0.049999999999998934,0.563063063063051
GPRO,8.8900,9.4200,8.7600,8.8800,7.74 M,05/13/16,0.0600000000000005,0.680272108843543
GPRO,9.5100,9.5500,8.7901,8.8200,10.04 M,05/12/16,-0.6400000000000006,-6.765327695560259
GPRO,9.8300,9.8500,9.4100,9.4600,7.69 M,05/11/16,-0.35999999999999943,-3.6659877800407275
GPRO,9.8700,9.9900,9.4300,9.8200,6.62 M,05/10/16,0.040000000000000924,0.4089979550102344
GPRO,10.4500,10.6000,9.7500,9.7800,10.69 M,05/09/16,-0.6800000000000015,-6.500956022944564
GPRO,9.9300,10.6500,9.8100,10.4600,14.54 M,05/06/16,-0.25,-2.334267040149393
GPRO,11.3900,11.5500,10.6700,10.7100,12.40 M,05/05/16,-0.6899999999999995,-6.052631578947363
GPRO,11.5400,11.7900,11.1700,11.4000,6.18 M,05/04/16,-0.25,-2.1459227467811157
GPRO,12.1000,12.1200,11.4500,11.6500,6.23 M,05/03/16,-0.5800000000000001,-4.7424366312346695
GPRO,12.5600,12.6400,12.0000,12.2300,6.28 M,05/02/16,-0.41000000000000014,-3.24367088607595
GPRO,13.0200,13.1400,12.4100,12.6400,5.40 M,04/29/16,-0.29999999999999893,-2.318392581143732
GPRO,13.2400,13.3500,12.9100,12.9400,5.11 M,04/28/16,-0.3600000000000012,-2.706766917293242
GPRO,12.9400,13.4300,12.8000,13.3000,4.67 M,04/27/16,0.120000000000001,0.9104704097116919
GPRO,12.8600,13.2400,12.5300,13.1800,5.31 M,04/26/16,0.35999999999999943,2.808112324492975
GPRO,13.7100,13.8000,12.6700,12.8200,11.09 M,04/25/16,-1.1600000000000001,-8.297567954220316
GPRO,13.5300,14.1790,13.5000,13.9800,6.61 M,04/22/16,0.41999999999999993,3.0973451327433623
GPRO,13.5200,13.8200,13.3200,13.5600,5.35 M,04/21/16,0.120000000000001,0.8928571428571503
GPRO,13.0900,13.7700,12.9000,13.4400,8.38 M,04/20/16,0.4900000000000002,3.7837837837837855
GPRO,13.2100,13.3800,12.8200,12.9500,5.43 M,04/19/16,-0.1800000000000015,-1.3709063214013821
GPRO,13.6800,13.6800,13.0400,13.1300,7.02 M,04/18/16,-0.6399999999999988,-4.647785039941894
GPRO,13.5900,14.3400,13.4100,13.7700,9.26 M,04/15/16,-0.030000000000001137,-0.21739130434783432
GPRO,14.1700,14.3500,13.1100,13.8000,17.30 M,04/14/16,-0.09999999999999964,-0.7194244604316521
GPRO,12.0000,14.0400,11.8500,13.9000,21.04 M,04/13/16,2.2200000000000006,19.0068493150685
GPRO,11.9300,12.0600,11.5800,11.6800,4.85 M,04/12/16,-0.08999999999999986,-0.7646559048428195
GPRO,12.3500,12.5300,11.7400,11.7700,5.34 M,04/11/16,-0.5500000000000007,-4.46428571428572
GPRO,12.3700,12.7500,12.2500,12.3200,4.66 M,04/08/16,0.030000000000001137,0.2441008950366244
GPRO,11.9000,12.4900,11.9000,12.2900,5.31 M,04/07/16,0.16999999999999993,1.4026402640264022
GPRO,11.7900,12.1600,11.6300,12.1200,5.98 M,04/06/16,0.46999999999999886,4.034334763948488
GPRO,11.9300,12.0400,11.6208,11.6500,4.05 M,04/05/16,-0.379999999999999,-3.158769742310881
GPRO,11.7700,12.3700,11.6700,12.0300,5.29 M,04/04/16,0.28999999999999915,2.4701873935263983
GPRO,11.8100,11.9900,11.6100,11.7400,3.90 M,04/01/16,-0.22000000000000064,-1.839464882943149
GPRO,12.2000,12.2126,11.8400,11.9600,4.37 M,03/31/16,-0.1999999999999993,-1.6447368421052573
GPRO,11.7900,12.3700,11.7000,12.1600,6.10 M,03/30/16,0.5099999999999998,4.377682403433474
GPRO,11.4600,11.7600,11.0800,11.6500,7.29 M,03/29/16,0.15000000000000036,1.3043478260869596
GPRO,12.4300,12.5000,11.4900,11.5000,6.92 M,03/28/16,-0.9199999999999999,-7.407407407407407
GPRO,12.2000,12.4800,11.9200,12.4200,2.83 M,03/24/16,0.15000000000000036,1.2224938875305653
GPRO,12.9700,13.1100,12.2300,12.2700,4.41 M,03/23/16,-0.7000000000000011,-5.397070161912113
GPRO,12.9900,13.1700,12.7900,12.9700,3.34 M,03/22/16,-0.09999999999999964,-0.7651109410864548
GPRO,12.7500,13.1900,12.6300,13.0700,3.36 M,03/21/16,0.1899999999999995,1.4751552795031015
GPRO,13.1400,13.6100,12.7200,12.8800,6.22 M,03/18/16,-0.06999999999999851,-0.540540540540529
GPRO,12.3000,13.1900,12.2400,12.9500,6.60 M,03/17/16,0.6399999999999988,5.199025182778219
GPRO,11.7100,12.4700,11.6600,12.3100,6.30 M,03/16/16,0.6100000000000012,5.2136752136752245
GPRO,12.2100,12.2400,11.5500,11.7000,6.31 M,03/15/16,-0.5700000000000003,-4.6454767726161394
GPRO,12.5200,12.6000,12.1400,12.2700,5.48 M,03/14/16,-0.33000000000000007,-2.6190476190476195
GPRO,12.3200,12.9800,12.1300,12.6000,6.95 M,03/11/16,0.41999999999999993,3.448275862068965
GPRO,12.4200,12.6200,11.9000,12.1800,5.81 M,03/10/16,-0.09999999999999964,-0.8143322475570004
GPRO,12.7000,12.7000,12.1000,12.2800,4.91 M,03/09/16,-0.13000000000000078,-1.0475423045930763
GPRO,13.7000,13.7000,12.3750,12.4100,10.76 M,03/08/16,-1.4700000000000006,-10.590778097982712
GPRO,13.5000,14.0750,13.2300,13.8800,9.57 M,03/07/16,0.5200000000000014,3.892215568862286
GPRO,13.3400,14.8400,13.1000,13.3600,14.10 M,03/04/16,-0.22000000000000064,-1.6200294550810062
GPRO,13.1000,14.1000,12.7600,13.5800,10.99 M,03/03/16,0.5600000000000005,4.3010752688172085
GPRO,12.0300,13.2400,11.9500,13.0200,8.86 M,03/02/16,1.129999999999999,9.503784693019336
GPRO,12.0600,12.3200,11.6500,11.8900,7.73 M,03/01/16,0.009999999999999787,0.08417508417508238
GPRO,12.3300,12.4500,11.7597,11.8800,5.83 M,02/29/16,-0.41999999999999993,-3.4146341463414625
GPRO,11.4700,12.7500,11.3400,12.3000,9.53 M,02/26/16,0.9600000000000009,8.465608465608474
GPRO,11.6900,12.0000,11.0100,11.3400,7.06 M,02/25/16,-0.41000000000000014,-3.4893617021276606
GPRO,11.7700,11.8599,11.2600,11.7500,5.02 M,02/24/16,-0.35999999999999943,-2.9727497935590375
GPRO,12.8000,12.8300,12.0000,12.1100,5.49 M,02/23/16,-0.75,-5.832037325038881
GPRO,12.7400,12.9525,12.3800,12.8600,6.26 M,02/22/16,0.47999999999999865,3.877221324717275
GPRO,12.3200,12.7200,12.0400,12.3800,4.97 M,02/19/16,-0.009999999999999787,-0.0807102502017739
GPRO,13.1700,13.4199,12.1300,12.3900,7.99 M,02/18/16,-0.5999999999999996,-4.618937644341798
GPRO,11.3800,13.0500,11.3000,12.9900,11.72 M,02/17/16,1.4000000000000004,12.07937877480587
GPRO,10.5200,11.7000,10.3201,11.5900,8.91 M,02/16/16,1.2799999999999994,12.415130940834135
GPRO,10.3000,10.5600,10.1200,10.3100,4.00 M,02/12/16,0.14000000000000057,1.3765978367748335
GPRO,10.3700,10.7100,9.9500,10.1700,4.50 M,02/11/16,-0.41999999999999993,-3.966005665722379
GPRO,11.5000,11.6300,10.5400,10.5900,8.91 M,02/10/16,-0.8000000000000007,-7.0237050043898215
GPRO,10.6500,11.6500,10.5401,11.3900,10.14 M,02/09/16,0.40000000000000036,3.63967242948135
GPRO,10.3200,11.6900,10.0100,10.9900,15.25 M,02/08/16,1.0299999999999994,10.341365461847383
GPRO,9.7400,10.6800,9.6000,9.9600,8.99 M,02/05/16,0.1800000000000015,1.8404907975460276
GPRO,9.1300,10.2000,9.0100,9.7800,21.15 M,02/04/16,-0.9300000000000015,-8.683473389355754
GPRO,10.2800,10.8000,10.0300,10.7100,13.55 M,02/03/16,0.47000000000000064,4.589843750000006
GPRO,10.9000,10.9100,10.1800,10.2400,6.31 M,02/02/16,-0.8200000000000003,-7.414104882459315
GPRO,11.1300,11.1800,10.5200,11.0600,7.32 M,02/01/16,-0.3899999999999988,-3.4061135371178937
GPRO,10.5600,11.7500,10.5600,11.4500,6.61 M,01/29/16,0.879999999999999,8.325449385052025
GPRO,10.8000,11.0000,10.4800,10.5700,4.01 M,01/28/16,-0.03999999999999915,-0.3770028275211984
GPRO,11.0300,11.1000,10.5000,10.6100,4.86 M,01/27/16,-0.27000000000000135,-2.481617647058836
GPRO,10.6400,10.9600,10.3800,10.8800,5.80 M,01/26/16,0.2900000000000009,2.7384324834749854
GPRO,10.7400,11.3300,10.5800,10.5900,4.19 M,01/25/16,-0.2400000000000002,-2.2160664819944618
GPRO,11.0300,11.2700,10.6900,10.8300,4.86 M,01/22/16,0.15000000000000036,1.4044943820224753
GPRO,11.0000,11.3900,10.3200,10.6800,6.73 M,01/21/16,-0.3200000000000003,-2.909090909090912
GPRO,10.1800,11.0800,9.9000,11.0000,10.32 M,01/20/16,0.4299999999999997,4.068117313150423
GPRO,11.6800,11.7700,10.2600,10.5700,11.89 M,01/19/16,-0.8900000000000006,-7.766143106457247
GPRO,11.7300,12.3200,11.2300,11.4600,10.68 M,01/15/16,-1.0199999999999996,-8.17307692307692
GPRO,11.4800,12.8200,11.2600,12.4800,31.59 M,01/14/16,-2.129999999999999,-14.579055441478433
GPRO,14.7300,14.9800,14.3244,14.6100,9.74 M,01/13/16,0.009999999999999787,0.06849315068493005
GPRO,15.6900,15.7000,14.3600,14.6000,7.42 M,01/12/16,-0.6600000000000001,-4.3250327653997385
GPRO,16.4300,16.4400,14.5700,15.2600,12.62 M,01/11/16,-0.9300000000000015,-5.744286596664616
GPRO,17.5900,17.6600,16.1310,16.1900,7.66 M,01/08/16,-0.8099999999999987,-4.764705882352934
GPRO,17.8900,18.2000,16.7500,17.0000,10.12 M,01/07/16,-1.4100000000000001,-7.658881042911461
GPRO,18.1800,19.0000,18.0500,18.4100,6.51 M,01/06/16,-0.0799999999999983,-0.4326663061114024
GPRO,20.0500,20.5000,18.2500,18.4900,16.30 M,01/05/16,-0.20000000000000284,-1.0700909577314224
GPRO,17.5700,19.6500,17.5000,18.6900,10.44 M,01/04/16,0.6799999999999997,3.775680177679065
GPRO,18.2700,18.5500,17.8600,18.0100,5.16 M,12/31/15,-0.389999999999997,-2.1195652173912882
GPRO,18.1200,18.5800,18.0100,18.4000,4.38 M,12/30/15,0.11999999999999744,0.6564551422319335
GPRO,18.2200,18.4400,17.6000,18.2800,5.12 M,12/29/15,0.35999999999999943,2.008928571428568
GPRO,18.3600,18.9800,17.8400,17.9200,6.03 M,12/28/15,-0.29999999999999716,-1.6465422612513567
GPRO,18.2900,18.4400,18.1400,18.2200,1.98 M,12/24/15,-0.05000000000000071,-0.2736726874657948
GPRO,18.4200,18.8500,18.2000,18.2700,4.38 M,12/23/15,-0.07000000000000028,-0.3816793893129787
GPRO,18.3300,18.9500,18.1000,18.3400,6.30 M,12/22/15,0.23999999999999844,1.3259668508287206
GPRO,19.1400,19.5000,18.0000,18.1000,8.18 M,12/21/15,-1.3999999999999986,-7.179487179487173
GPRO,17.9400,19.7000,17.7600,19.5000,7.90 M,12/18/15,1.5500000000000007,8.635097493036215
GPRO,19.0000,19.8900,17.9100,17.9500,8.16 M,12/17/15,-0.870000000000001,-4.622741764080771
GPRO,18.1000,19.2000,17.8800,18.8200,7.06 M,12/16/15,0.9100000000000001,5.080960357342268
GPRO,17.2600,18.0900,16.7050,17.9100,8.49 M,12/15/15,0.6000000000000014,3.4662045060658664
GPRO,17.9200,17.9800,15.9000,17.3100,21.11 M,12/14/15,-1.8399999999999999,-9.608355091383812
GPRO,18.7300,19.4700,17.9000,19.1500,13.08 M,12/11/15,0.3200000000000003,1.6994158258098795
GPRO,17.2500,19.6400,17.1700,18.8300,18.71 M,12/10/15,1.9399999999999977,11.486086441681454
GPRO,17.6700,17.9500,16.7700,16.8900,8.19 M,12/09/15,-0.6899999999999977,-3.9249146757679054
GPRO,17.2600,18.1100,17.2500,17.5800,4.94 M,12/08/15,0.06999999999999673,0.3997715591090618
GPRO,17.7700,18.0900,17.2400,17.5100,6.04 M,12/07/15,-0.48999999999999844,-2.7222222222222134
GPRO,17.9600,18.6400,17.5500,18.0000,11.39 M,12/04/15,-0.9299999999999997,-4.912836767036449
GPRO,19.7200,20.1000,18.8800,18.9300,7.24 M,12/03/15,-1.1600000000000001,-5.774016923842709
GPRO,20.1300,20.3900,19.8500,20.0900,3.38 M,12/02/15,-0.03999999999999915,-0.19870839542970267
GPRO,20.4600,20.6000,19.6400,20.1300,5.59 M,12/01/15,-0.2699999999999996,-1.3235294117647038
GPRO,20.3800,20.8300,20.2300,20.4000,4.65 M,11/30/15,0.11999999999999744,0.5917159763313483
GPRO,20.1500,20.9400,19.8500,20.2800,4.47 M,11/27/15,0.28000000000000114,1.4000000000000057
GPRO,19.3000,20.4700,19.2100,20.0000,5.73 M,11/25/15,0.6799999999999997,3.51966873706004
GPRO,18.8000,19.5000,18.7500,19.3200,7.78 M,11/24/15,0.33000000000000185,1.7377567140600414
GPRO,20.2000,20.2400,18.7999,18.9900,11.30 M,11/23/15,-1.4600000000000009,-7.139364303178488
GPRO,20.3100,20.5400,19.7100,20.4500,5.56 M,11/20/15,0.5199999999999996,2.609131961866531
GPRO,19.9500,20.3300,19.4500,19.9300,5.08 M,11/19/15,0.120000000000001,0.6057546693589148
GPRO,19.8700,19.9800,18.8600,19.8100,17.13 M,11/18/15,-1.0600000000000023,-5.079060852898909
GPRO,21.7500,21.8900,20.7700,20.8700,4.84 M,11/17/15,-0.75,-3.469010175763182
GPRO,21.0900,21.7900,20.8500,21.6200,4.71 M,11/16/15,0.46000000000000085,2.1739130434782648
GPRO,22.8700,22.9500,20.7600,21.1600,11.12 M,11/13/15,-1.9899999999999984,-8.596112311015112
GPRO,24.8800,24.8980,23.1000,23.1500,9.11 M,11/12/15,-1.9500000000000028,-7.7689243027888555
GPRO,25.0200,25.3800,24.7600,25.1000,3.53 M,11/11/15,0.08000000000000185,0.3197442046362984
GPRO,25.9000,25.9900,24.8200,25.0200,4.74 M,11/10/15,-0.9000000000000021,-3.4722222222222303
GPRO,25.1500,26.1200,25.1300,25.9200,6.69 M,11/09/15,0.7900000000000027,3.1436530043772493
GPRO,24.8100,25.2400,24.5000,25.1300,4.36 M,11/06/15,0.3200000000000003,1.2898024989923431
GPRO,25.4000,25.5500,24.6200,24.8100,6.36 M,11/05/15,-0.5700000000000003,-2.2458628841607577
GPRO,25.0700,25.8100,25.0700,25.3800,6.02 M,11/04/15,0.35999999999999943,1.438848920863307
GPRO,25.7500,25.7500,24.8400,25.0200,9.47 M,11/03/15,-0.5300000000000011,-2.074363992172216
GPRO,25.1200,25.9300,24.3001,25.5500,8.78 M,11/02/15,0.5500000000000007,2.200000000000003
GPRO,25.9400,25.9400,24.9900,25.0000,10.11 M,10/30/15,-0.620000000000001,-2.4199843871975055
GPRO,25.0200,26.3500,24.9501,25.6200,41.42 M,10/29/15,-4.59,-15.19364448857994
GPRO,28.6200,30.6700,28.4200,30.2100,24.82 M,10/28/15,1.9800000000000004,7.013815090329438
GPRO,29.0400,29.0500,27.9900,28.2300,6.39 M,10/27/15,-0.5599999999999987,-1.9451198332754385
GPRO,29.1100,29.4200,28.5800,28.7900,4.80 M,10/26/15,-0.35999999999999943,-1.2349914236706672
GPRO,29.6500,29.7000,28.8100,29.1500,5.69 M,10/23/15,0.4299999999999997,1.497214484679665
GPRO,29.2500,30.0800,28.5000,28.7200,5.84 M,10/22/15,-0.33999999999999986,-1.1699931176875427
GPRO,30.5200,30.6000,28.8300,29.0600,6.17 M,10/21/15,-1.25,-4.124051468162323
GPRO,30.1400,31.3300,29.8700,30.3100,9.05 M,10/20/15,0.6699999999999982,2.2604588394062017
GPRO,28.5000,30.3000,28.0760,29.6400,8.39 M,10/19/15,1.120000000000001,3.9270687237026682
GPRO,28.2700,28.7800,27.8300,28.5200,5.17 M,10/16/15,-0.019999999999999574,-0.07007708479327111
GPRO,28.0300,29.2800,28.0100,28.5400,6.74 M,10/15/15,0.4499999999999993,1.6019935920256294
GPRO,27.2900,28.4550,26.6800,28.0900,8.03 M,10/14/15,0.120000000000001,0.4290311047550983
GPRO,27.9400,28.6900,27.9000,27.9700,4.66 M,10/13/15,-0.490000000000002,-1.7217146872804006
GPRO,29.1000,29.3000,27.8602,28.4600,7.14 M,10/12/15,-0.6199999999999974,-2.132049518569455
GPRO,28.2300,30.2000,27.9500,29.0800,18.09 M,10/09/15,1.4799999999999969,5.362318840579698
GPRO,28.9600,29.0100,27.0650,27.6000,18.02 M,10/08/15,-1.7299999999999969,-5.898397545175578
GPRO,30.2500,30.7500,27.5200,29.3300,18.63 M,10/07/15,-1.3200000000000003,-4.306688417618272
GPRO,30.4500,31.9500,29.7800,30.6500,8.72 M,10/06/15,0.389999999999997,1.288830138797082
GPRO,30.5600,30.9300,29.4800,30.2600,8.29 M,10/05/15,-0.17999999999999972,-0.5913272010512474
GPRO,29.4000,30.6000,28.9100,30.4400,10.70 M,10/02/15,0.370000000000001,1.2304622547389457
GPRO,31.0200,31.4900,29.7500,30.0700,6.89 M,10/01/15,-1.1499999999999986,-3.6835361947469525
GPRO,30.3000,31.5000,29.9000,31.2200,6.62 M,09/30/15,1.3599999999999994,4.554588077695913
GPRO,29.8500,30.9700,28.9000,29.8600,8.87 M,09/29/15,0.18999999999999773,0.640377485675759
GPRO,32.0000,32.1500,29.6200,29.6700,9.77 M,09/28/15,-2.6400000000000006,-8.17084493964717
GPRO,34.6900,35.0000,32.1400,32.3100,8.29 M,09/25/15,-1.6099999999999994,-4.746462264150941
GPRO,32.5200,34.0200,32.2601,33.9200,7.62 M,09/24/15,1.2800000000000011,3.921568627450984
GPRO,33.4500,33.6500,32.2200,32.6400,8.44 M,09/23/15,-0.6700000000000017,-2.011407985589918
GPRO,31.3800,33.7500,30.5500,33.3100,14.52 M,09/22/15,1.0399999999999991,3.222807561202352
GPRO,33.6800,33.9800,32.0000,32.2700,14.61 M,09/21/15,-2.8799999999999955,-8.193456614509234
GPRO,35.7300,35.8900,34.3900,35.1500,13.08 M,09/18/15,-1.1700000000000017,-3.2213656387665246
GPRO,35.3200,37.2500,35.2300,36.3200,13.63 M,09/17/15,0.5900000000000034,1.6512734396865476
GPRO,33.9500,35.8200,33.5350,35.7300,14.50 M,09/16/15,2.1599999999999966,6.4343163538873895
GPRO,33.6800,34.1000,32.7400,33.5700,10.28 M,09/15/15,0.6899999999999977,2.0985401459853943
GPRO,32.9000,34.5800,32.6200,32.8800,17.32 M,09/14/15,0.46000000000000085,1.4188772362739075
GPRO,33.5000,33.9500,31.3220,32.4200,16.58 M,09/11/15,-1.4600000000000009,-4.3093270365997665
GPRO,33.8600,34.9300,33.7500,33.8800,13.76 M,09/10/15,0.23000000000000398,0.6835066864784666
GPRO,38.0400,38.1500,33.3400,33.6500,19.29 M,09/09/15,-3.8500000000000014,-10.26666666666667
GPRO,37.8200,38.0900,36.3800,37.5000,11.94 M,09/08/15,0.6700000000000017,1.8191691555796952
GPRO,38.1300,39.3100,36.7500,36.8300,14.26 M,09/04/15,-1.8200000000000003,-4.708926261319535
GPRO,40.8800,41.7400,38.6100,38.6500,11.26 M,09/03/15,-2.6300000000000026,-6.371124031007757
GPRO,40.6700,41.3700,39.0400,41.2800,19.38 M,09/02/15,-2.4099999999999966,-5.516136415655749
GPRO,43.6000,44.0500,42.0900,43.6900,15.90 M,09/01/15,-2.9000000000000057,-6.224511697789237
GPRO,47.5700,48.3800,46.3472,46.5900,5.20 M,08/31/15,-1.5899999999999963,-3.3001245330012376
GPRO,47.2100,49.4900,47.0601,48.1800,5.34 M,08/28/15,0.4200000000000017,0.8793969849246267
GPRO,47.8500,49.4600,46.8500,47.7600,8.48 M,08/27/15,1.4799999999999969,3.1979256698357754
GPRO,48.2800,48.9500,43.8800,46.2800,11.54 M,08/26/15,-0.75,-1.594726770146715
GPRO,51.4100,51.6500,46.9700,47.0300,8.67 M,08/25/15,-0.8299999999999983,-1.7342248223986592
GPRO,43.3000,51.3200,42.7500,47.8600,12.34 M,08/24/15,-0.5300000000000011,-1.0952676172762992
GPRO,48.4500,50.8400,48.0500,48.3900,8.72 M,08/21/15,-2.210000000000001,-4.367588932806326
GPRO,53.2200,53.7000,50.5300,50.6000,8.84 M,08/20/15,-4.07,-7.444668008048289
GPRO,56.7600,56.9600,54.3550,54.6700,6.93 M,08/19/15,-2.8200000000000003,-4.905200904505131
GPRO,58.0900,58.7200,56.8400,57.4900,4.00 M,08/18/15,-1.0599999999999952,-1.8104184457728356
GPRO,58.8000,59.6700,57.9300,58.5500,4.43 M,08/17/15,-0.30000000000000426,-0.5097706032285544
GPRO,59.2800,59.9399,58.6100,58.8500,3.41 M,08/14/15,-0.6499999999999986,-1.0924369747899136
GPRO,58.5700,60.8700,58.1700,59.5000,9.24 M,08/13/15,2.5900000000000034,4.55104551045511
GPRO,57.7500,57.7500,54.0200,56.9100,13.92 M,08/12/15,-2.220000000000006,-3.754439370877737
GPRO,64.0000,64.1000,58.2600,59.1300,10.62 M,08/11/15,-5.609999999999992,-8.665430954587569
GPRO,63.5000,65.4900,62.8000,64.7400,8.29 M,08/10/15,1.6799999999999926,2.664129400570873
GPRO,62.3400,63.2900,61.6600,63.0600,4.06 M,08/07/15,0.17999999999999972,0.28625954198473236
GPRO,62.4300,64.4600,61.7000,62.8800,6.54 M,08/06/15,0.21000000000000085,0.33508855911919716
GPRO,62.6000,63.6500,61.5700,62.6700,4.99 M,08/05/15,0.5900000000000034,0.9503865979381498
GPRO,62.2600,62.4700,60.5100,62.0800,4.74 M,08/04/15,-0.17999999999999972,-0.28911018310311554
GPRO,63.0000,63.4000,61.1800,62.2600,5.52 M,08/03/15,0.1599999999999966,0.2576489533011217
GPRO,64.0500,64.6300,62.0300,62.1000,9.92 M,07/31/15,0.4100000000000037,0.6646133895282926
GPRO,61.7600,62.2916,60.5600,61.6900,3.31 M,07/30/15,-0.17999999999999972,-0.2909326006141906
GPRO,61.6300,62.3000,61.2500,61.8700,3.79 M,07/29/15,-0.5500000000000043,-0.8811278436398658
GPRO,62.0400,63.3357,61.1100,62.4200,6.49 M,07/28/15,1.1499999999999986,1.8769381426472964
GPRO,60.9800,62.6700,59.3800,61.2700,6.45 M,07/27/15,-0.8999999999999986,-1.4476435579861646
GPRO,65.0000,65.0200,61.3001,62.1700,9.64 M,07/24/15,-1.7800000000000011,-2.7834245504300252
GPRO,61.5000,65.2500,61.4800,63.9500,18.44 M,07/23/15,2.270000000000003,3.6802853437094734
GPRO,62.3900,63.2500,60.0500,61.6800,22.58 M,07/22/15,-0.35999999999999943,-0.5802707930367496
GPRO,61.2000,62.2500,59.0600,62.0400,23.96 M,07/21/15,1.240000000000002,2.0394736842105297
GPRO,58.6500,61.2000,57.9100,60.8000,14.82 M,07/20/15,4.159999999999997,7.344632768361576
GPRO,55.6200,56.7200,55.3000,56.6400,5.50 M,07/17/15,1.3999999999999986,2.534395365677043
GPRO,55.1500,55.3700,54.2600,55.2400,2.91 M,07/16/15,0.740000000000002,1.3577981651376183
GPRO,55.7500,56.1900,53.8300,54.5000,4.20 M,07/15/15,-0.46999999999999886,-0.8550118246316152
GPRO,54.3400,55.9000,53.8205,54.9700,9.25 M,07/14/15,2.8599999999999994,5.4883899443484925
GPRO,52.9300,53.2000,51.1200,52.1100,3.75 M,07/13/15,-0.3999999999999986,-0.7617596648257448
GPRO,52.2500,53.2900,52.1400,52.5100,2.59 M,07/10/15,0.46999999999999886,0.9031514219830877
GPRO,51.8900,52.6900,51.8600,52.0400,1.93 M,07/09/15,0.7899999999999991,1.5414634146341446
GPRO,51.7600,52.7000,51.1301,51.2500,2.68 M,07/08/15,-1.0,-1.9138755980861244
GPRO,51.7700,52.8300,50.3500,52.2500,5.20 M,07/07/15,1.3100000000000023,2.57165292500982
GPRO,50.6200,51.1500,49.4000,50.9400,6.59 M,07/06/15,-0.8100000000000023,-1.5652173913043521
GPRO,52.0000,52.2900,51.3000,51.7500,2.26 M,07/02/15,-0.20000000000000284,-0.3849855630413914
GPRO,53.1600,53.3400,51.1900,51.9500,3.84 M,07/01/15,-0.769999999999996,-1.4605462822458195
GPRO,53.8100,54.1100,51.9500,52.7200,4.64 M,06/30/15,-0.490000000000002,-0.9208795339221988
GPRO,52.8100,53.7100,52.1100,53.2100,3.23 M,06/29/15,-0.9200000000000017,-1.6996120450766703
GPRO,57.0000,57.0500,53.5700,54.1300,11.05 M,06/26/15,-2.779999999999994,-4.884905991917052
GPRO,57.0700,57.6000,56.2100,56.9100,3.36 M,06/25/15,-0.14000000000000057,-0.24539877300613597
GPRO,56.6700,57.6000,56.2000,57.0500,3.45 M,06/24/15,0.28999999999999915,0.5109231853417885
GPRO,55.4000,57.4000,55.3900,56.7600,6.40 M,06/23/15,1.8399999999999963,3.350327749453744
GPRO,57.7100,57.9000,54.5000,54.9200,8.43 M,06/22/15,-3.049999999999997,-5.261342073486281
GPRO,58.2100,58.6500,57.5600,57.9700,5.09 M,06/19/15,-0.3100000000000023,-0.5319148936170252
GPRO,59.0500,59.7300,57.8300,58.2800,3.84 M,06/18/15,-0.7199999999999989,-1.2203389830508455
GPRO,58.2600,59.2500,57.8210,59.0000,3.68 M,06/17/15,0.8100000000000023,1.391991751159997
GPRO,58.1700,59.0500,57.8356,58.1900,4.11 M,06/16/15,-0.3300000000000054,-0.5639097744360995
GPRO,56.6200,58.5300,56.5000,58.5200,4.33 M,06/15/15,1.0700000000000003,1.8624891209747612
GPRO,55.4300,58.2900,55.3500,57.4500,6.06 M,06/12/15,1.4600000000000009,2.6076085015181296
GPRO,57.8100,58.4100,55.7100,55.9900,6.43 M,06/11/15,-1.9199999999999946,-3.315489552754265
GPRO,56.4200,58.4300,55.1500,57.9100,9.23 M,06/10/15,-0.7700000000000031,-1.312201772324477
GPRO,59.2300,59.6600,57.7500,58.6800,4.31 M,06/09/15,-0.7199999999999989,-1.2121212121212102
GPRO,59.7700,61.1900,58.6300,59.4000,7.10 M,06/08/15,-0.00999999999999801,-0.01683218313414915
GPRO,58.2400,59.7000,58.2400,59.4100,3.59 M,06/05/15,0.529999999999994,0.9001358695652072
GPRO,58.7700,58.9200,57.7800,58.8800,4.46 M,06/04/15,-0.14999999999999858,-0.25410808063696183
GPRO,59.9900,60.4300,58.7000,59.0300,10.89 M,06/03/15,0.6300000000000026,1.0787671232876757
GPRO,58.3900,59.9200,58.1500,58.4000,8.59 M,06/02/15,-0.12000000000000455,-0.20505809979494966
GPRO,56.9000,59.6000,56.3301,58.5200,11.41 M,06/01/15,3.0600000000000023,5.517490082942666
GPRO,56.5000,56.7000,55.0810,55.4600,5.24 M,05/29/15,-1.3500000000000014,-2.376342193275834
GPRO,55.0400,57.8400,55.0300,56.8100,15.83 M,05/28/15,3.530000000000001,6.625375375375377
GPRO,53.2700,53.9400,51.9100,53.2800,4.45 M,05/27/15,-0.12999999999999545,-0.2434001123385049
GPRO,54.4900,54.5300,52.2200,53.4100,4.41 M,05/26/15,-1.0300000000000011,-1.8919911829537126
GPRO,53.5100,54.9800,53.5100,54.4400,4.25 M,05/22/15,0.9399999999999977,1.7570093457943883
GPRO,54.2600,54.2600,52.9300,53.5000,4.23 M,05/21/15,-0.38000000000000256,-0.7052709725315564
GPRO,52.7000,54.4900,52.1200,53.8800,6.49 M,05/20/15,2.030000000000001,3.9151398264223745
GPRO,51.5000,52.5900,51.2500,51.8500,4.52 M,05/19/15,0.7199999999999989,1.4081752395853684
GPRO,50.5600,52.1900,50.4100,51.1300,4.45 M,05/18/15,1.0399999999999991,2.0762627270912337
GPRO,50.6200,50.6200,50.0000,50.0900,1.99 M,05/15/15,-0.529999999999994,-1.047016989332268
GPRO,49.9600,50.7900,49.5400,50.6200,3.42 M,05/14/15,0.769999999999996,1.5446339017051074
GPRO,49.3200,50.2700,49.0300,49.8500,2.75 M,05/13/15,0.28000000000000114,0.5648577768811804
GPRO,48.5200,49.6900,47.7300,49.5700,3.60 M,05/12/15,0.7199999999999989,1.4738996929375616
GPRO,50.0400,50.2300,48.6700,48.8500,2.84 M,05/11/15,-1.3599999999999994,-2.7086237801234803
GPRO,50.0000,50.7200,49.7000,50.2100,3.47 M,05/08/15,0.6600000000000037,1.33198789101918
GPRO,48.0000,49.9300,47.5800,49.5500,3.61 M,05/07/15,1.3599999999999994,2.822162274330773
GPRO,47.9800,48.2900,46.5000,48.1900,4.24 M,05/06/15,0.44999999999999574,0.9426057813154498
GPRO,49.6000,50.3500,47.6600,47.7400,4.99 M,05/05/15,-2.0,-4.020908725371934
GPRO,50.0100,50.7500,49.5550,49.7400,3.81 M,05/04/15,-0.23999999999999488,-0.48019207683072207
GPRO,49.7100,51.2100,49.5200,49.9800,4.56 M,05/01/15,-0.10000000000000142,-0.19968051118211147
GPRO,52.0950,52.5700,49.4300,50.0800,10.70 M,04/30/15,-2.8800000000000026,-5.438066465256802
GPRO,52.0100,54.0600,51.1500,52.9600,30.82 M,04/29/15,5.939999999999998,12.63292216078264
GPRO,45.8700,47.1000,45.3900,47.0200,12.51 M,04/28/15,1.8300000000000054,4.049568488603685
GPRO,45.0900,46.0500,44.7500,45.1900,3.67 M,04/27/15,0.46000000000000085,1.0283925776883542
GPRO,46.2100,46.4400,44.6000,44.7300,4.02 M,04/24/15,-1.3500000000000014,-2.929687500000003
GPRO,46.0000,46.7300,45.6500,46.0800,3.75 M,04/23/15,-0.1700000000000017,-0.36756756756757125
GPRO,44.1200,46.2800,44.0500,46.2500,4.40 M,04/22/15,1.9399999999999977,4.378244188670724
GPRO,44.7500,45.4500,43.6200,44.3100,3.38 M,04/21/15,-0.5700000000000003,-1.2700534759358295
GPRO,45.0300,45.5000,44.5000,44.8800,2.62 M,04/20/15,0.2600000000000051,0.5826983415508855
GPRO,44.9400,45.5700,44.2400,44.6200,3.43 M,04/17/15,-0.8400000000000034,-1.8477782666080145
GPRO,45.8800,46.3600,45.2100,45.4600,3.53 M,04/16/15,-0.21000000000000085,-0.4598204510619681
GPRO,45.8700,46.9500,45.6000,45.6700,7.65 M,04/15/15,1.1900000000000048,2.675359712230227
GPRO,44.2600,44.9100,42.8700,44.4800,4.51 M,04/14/15,0.259999999999998,0.5879692446856581
GPRO,45.7000,45.9500,44.0800,44.2200,5.47 M,04/13/15,-1.0300000000000011,-2.2762430939226546
GPRO,44.6300,45.6300,44.3500,45.2500,6.10 M,04/10/15,1.5499999999999972,3.5469107551487347
GPRO,43.4400,44.9000,43.4105,43.7000,5.45 M,04/09/15,0.37000000000000455,0.8539118393722699
GPRO,43.5400,44.3800,43.1300,43.3300,4.00 M,04/08/15,-0.240000000000002,-0.5508377323846729
GPRO,43.6000,44.1000,42.7600,43.5700,4.42 M,04/07/15,0.020000000000003126,0.045924225028709825
GPRO,41.7000,43.9300,41.6800,43.5500,4.38 M,04/06/15,1.5899999999999963,3.7893231649189616
GPRO,40.9500,42.2800,40.7200,41.9600,3.78 M,04/02/15,1.0700000000000003,2.6167767180239676
GPRO,43.0500,43.3400,40.3700,40.8900,6.87 M,04/01/15,-2.519999999999996,-5.805114029025561
GPRO,43.6000,44.4500,42.8900,43.4100,4.64 M,03/31/15,-0.1700000000000017,-0.39008719596145414
GPRO,43.7500,43.9000,42.6500,43.5800,4.62 M,03/30/15,0.8799999999999955,2.060889929742378
GPRO,43.6400,43.9700,42.3000,42.7000,4.66 M,03/27/15,-0.529999999999994,-1.2260004626416703
GPRO,43.1400,44.1000,42.2000,43.2300,6.66 M,03/26/15,0.9299999999999997,2.1985815602836873
GPRO,43.4000,44.3400,41.6800,42.3000,8.66 M,03/25/15,0.46999999999999886,1.123595505617975
GPRO,42.2800,42.6499,41.1040,41.8300,4.59 M,03/24/15,-0.25,-0.594106463878327
GPRO,40.3000,42.7700,39.8120,42.0800,6.45 M,03/23/15,1.6799999999999997,4.158415841584158
GPRO,39.7500,40.6300,39.3000,40.4000,5.02 M,03/20/15,0.8699999999999974,2.2008601062484123
GPRO,40.6700,41.3400,39.2500,39.5300,4.22 M,03/19/15,-1.1400000000000006,-2.803048930415541
GPRO,40.0800,41.4300,39.4100,40.6700,4.53 M,03/18/15,0.4200000000000017,1.0434782608695694
GPRO,39.1600,41.2800,38.8800,40.2500,7.36 M,03/17/15,0.8800000000000026,2.2352044704089473
GPRO,40.1500,40.3000,38.7100,39.3700,4.37 M,03/16/15,-0.7600000000000051,-1.8938450037378647
GPRO,39.3600,40.4000,38.4200,40.1300,6.72 M,03/13/15,0.4299999999999997,1.0831234256926945
GPRO,38.1300,39.8000,37.6300,39.7000,3.97 M,03/12/15,1.5300000000000011,4.0083835472884495
GPRO,38.7300,38.9400,37.8000,38.1700,3.04 M,03/11/15,-0.5599999999999952,-1.445907565194927
GPRO,37.5200,39.4700,37.1300,38.7300,4.79 M,03/10/15,0.779999999999994,2.0553359683794308
GPRO,40.1700,40.3500,37.8000,37.9500,8.00 M,03/09/15,-2.1799999999999997,-5.432344879142785
GPRO,41.0100,41.5000,40.0000,40.1300,4.25 M,03/06/15,-0.9499999999999957,-2.312560856864644
GPRO,43.4300,43.8299,40.8500,41.0800,7.00 M,03/05/15,-1.9299999999999997,-4.487328528249244
GPRO,41.0500,43.9000,41.0000,43.0100,10.08 M,03/04/15,2.710000000000001,6.724565756823825
GPRO,39.8000,40.9800,39.5800,40.3000,4.39 M,03/03/15,0.36999999999999744,0.9266215877786061
GPRO,40.2000,41.5800,39.7000,39.9300,9.16 M,03/02/15,-2.049999999999997,-4.883277751310141
GPRO,43.8600,44.1000,41.6601,41.9800,8.28 M,02/27/15,-2.6799999999999997,-6.00089565606807
GPRO,45.0500,45.6800,44.3200,44.6600,4.85 M,02/26/15,-0.39000000000000057,-0.8657047724750291
GPRO,43.7500,45.1700,43.6500,45.0500,4.67 M,02/25/15,1.1699999999999946,2.6663628076572348
GPRO,43.9800,44.7700,43.5200,43.8800,4.61 M,02/24/15,-0.07000000000000028,-0.159271899886235
GPRO,44.1000,44.8900,43.1300,43.9500,7.08 M,02/23/15,-1.1199999999999974,-2.4850232970934045
GPRO,45.2000,45.8200,44.5000,45.0700,6.54 M,02/20/15,-0.0899999999999963,-0.199291408325944
GPRO,45.8500,46.4300,44.9000,45.1600,8.41 M,02/19/15,-0.05000000000000426,-0.11059500110595943
GPRO,49.6500,49.9900,45.2000,45.2100,24.48 M,02/18/15,-5.710000000000001,-11.213668499607229
GPRO,46.1200,50.9500,46.0000,50.9200,15.84 M,02/17/15,5.649999999999999,12.480671526397169
GPRO,45.1600,46.1500,44.3000,45.2700,5.36 M,02/13/15,-0.01999999999999602,-0.04415985868844341
GPRO,45.0000,46.4900,44.8080,45.2900,4.55 M,02/12/15,0.519999999999996,1.1614920705829708
GPRO,43.2400,45.6500,43.0200,44.7700,7.07 M,02/11/15,0.970000000000006,2.2146118721461323
GPRO,44.6100,45.3000,42.6500,43.8000,9.37 M,02/10/15,-0.6799999999999997,-1.5287769784172656
GPRO,46.3400,46.9000,44.2000,44.4800,12.10 M,02/09/15,-2.6400000000000006,-5.602716468590834
GPRO,47.9600,49.7500,47.0000,47.1200,23.25 M,02/06/15,-7.25,-13.334559499724113
GPRO,52.7700,54.6900,50.5000,54.3700,20.34 M,02/05/15,2.5,4.819741661846925
GPRO,54.7500,54.7500,51.3400,51.8700,6.08 M,02/04/15,-2.700000000000003,-4.947773501924139
GPRO,52.6500,55.1699,52.6000,54.5700,5.70 M,02/03/15,2.4299999999999997,4.660529344073647
GPRO,50.0500,52.2400,49.0100,52.1400,4.10 M,02/02/15,2.3900000000000006,4.804020100502513
GPRO,50.9300,51.1900,48.8000,49.7500,2.42 M,01/30/15,-1.0900000000000034,-2.143981117230534
GPRO,51.9200,51.9200,49.6680,50.8400,2.73 M,01/29/15,-0.6199999999999974,-1.2048192771084287
GPRO,51.3900,54.1300,51.1000,51.4600,4.83 M,01/28/15,0.03999999999999915,0.07779074290159305
GPRO,49.2400,51.9600,49.0500,51.4200,3.43 M,01/27/15,1.0100000000000051,2.0035707200952295
GPRO,52.3100,53.1758,49.8000,50.4100,5.18 M,01/26/15,-2.1000000000000014,-3.999238240335177
GPRO,48.8000,52.5100,48.4400,52.5100,7.28 M,01/23/15,4.159999999999997,8.603929679420881
GPRO,50.8000,51.3000,47.6600,48.3500,5.12 M,01/22/15,-1.9399999999999977,-3.857625770530916
GPRO,47.7900,50.6700,47.5200,50.2900,5.06 M,01/21/15,2.9499999999999957,6.231516687790442
GPRO,47.1000,48.9300,46.1200,47.3400,4.57 M,01/20/15,-0.1699999999999946,-0.35781940644073795
GPRO,47.8500,48.4700,45.3600,47.5100,10.65 M,01/16/15,-1.0700000000000003,-2.2025524907369296
GPRO,52.9900,53.0000,48.4100,48.5800,4.72 M,01/15/15,-3.760000000000005,-7.183798242262141
GPRO,50.8500,52.7000,49.7500,52.3400,7.19 M,01/14/15,2.470000000000006,4.952877481451787
GPRO,57.0600,57.2000,48.2300,49.8700,15.26 M,01/13/15,-6.910000000000004,-12.169778090877076
GPRO,59.8600,60.0000,56.3450,56.7800,5.03 M,01/12/15,-4.060000000000002,-6.673241288625907
GPRO,60.0500,61.6999,58.8000,60.8400,4.22 M,01/09/15,0.75,1.2481278082875686
GPRO,61.4300,61.9400,59.5000,60.0900,6.88 M,01/08/15,-2.3599999999999994,-3.7790232185748587
GPRO,65.5900,66.4500,60.2500,62.4500,6.66 M,01/07/15,-2.3999999999999915,-3.7008481110254303
GPRO,66.8500,67.2500,63.3100,64.8500,3.78 M,01/06/15,-1.3400000000000034,-2.0244749962229998
GPRO,67.6000,68.5000,65.6300,66.1900,5.38 M,01/05/15,-0.6800000000000068,-1.0168984596979316
GPRO,64.9000,66.9000,64.0801,66.8700,5.43 M,01/02/15,3.6500000000000057,5.773489402087956
GPRO,65.0600,65.7800,62.8100,63.2200,4.84 M,12/31/14,-2.180000000000007,-3.3333333333333437
GPRO,66.2700,67.4000,64.7600,65.4000,6.39 M,12/30/14,0.6600000000000108,1.0194624652456146
GPRO,67.8300,68.8000,64.6700,64.7400,8.15 M,12/29/14,-4.490000000000009,-6.485627618084658
GPRO,68.0600,69.7500,67.4500,69.2300,14.04 M,12/26/14,2.8200000000000074,4.246348441499785
GPRO,63.5000,66.7000,62.6700,66.4100,11.26 M,12/24/14,4.869999999999997,7.913552161195967
GPRO,59.7100,61.9900,58.3000,61.5400,13.41 M,12/23/14,3.539999999999999,6.103448275862067
GPRO,54.1900,58.0000,53.6400,58.0000,6.40 M,12/22/14,4.100000000000001,7.606679035250466
GPRO,57.2000,57.5000,53.7700,53.9000,6.39 M,12/19/14,-3.190000000000005,-5.587668593448948
GPRO,60.9100,61.0300,56.5000,57.0900,4.94 M,12/18/14,-2.4099999999999966,-4.050420168067221
GPRO,60.0000,60.4400,57.9000,59.5000,2.42 M,12/17/14,1.2299999999999969,2.110863222927745
GPRO,55.9100,60.2000,55.5500,58.2700,4.92 M,12/16/14,1.2700000000000031,2.228070175438602
GPRO,61.6100,61.8500,56.8600,57.0000,5.38 M,12/15/14,-3.520000000000003,-5.816259087904831
GPRO,62.5600,63.2700,60.5200,60.5200,7.53 M,12/12/14,0.47000000000000597,0.7826810990841065
GPRO,64.0000,64.4400,57.9200,60.0500,14.34 M,12/11/14,-2.710000000000001,-4.318036966220524
GPRO,66.8500,68.5000,62.6000,62.7600,6.55 M,12/10/14,-5.140000000000008,-7.569955817378509
GPRO,65.0000,68.7500,64.3600,67.9000,6.16 M,12/09/14,0.25,0.3695491500369549
GPRO,72.2500,72.3300,66.3000,67.6500,9.03 M,12/08/14,-4.530000000000001,-6.275976724854531
GPRO,72.2500,73.7500,71.0000,72.1800,5.56 M,12/05/14,0.20000000000000284,0.2778549597110348
GPRO,73.0100,74.5000,71.2800,71.9800,4.00 M,12/04/14,-1.6700000000000017,-2.267481330617789
GPRO,74.1200,75.3000,72.4500,73.6500,4.22 M,12/03/14,-0.23999999999999488,-0.3248071457571997
GPRO,74.6000,75.4200,73.5501,73.8900,3.80 M,12/02/14,0.39000000000000057,0.53061224489796
GPRO,77.0000,77.0000,73.3900,73.5000,6.31 M,12/01/14,-4.469999999999999,-5.732974220854174
GPRO,80.3800,80.6100,75.9200,77.9700,8.84 M,11/28/14,-1.0799999999999983,-1.366223908918404
GPRO,76.0500,79.3500,74.8500,79.0500,13.89 M,11/26/14,4.340000000000003,5.809128630705399
GPRO,73.8400,75.7090,73.2704,74.7100,8.45 M,11/25/14,2.1699999999999875,2.991452991452974
GPRO,71.0100,73.0900,69.8000,72.5400,6.38 M,11/24/14,1.8200000000000074,2.5735294117647163
GPRO,73.6000,73.6000,70.5500,70.7200,10.85 M,11/21/14,-1.019999999999996,-1.421800947867293
GPRO,72.8450,75.1000,71.5800,71.7400,24.12 M,11/20/14,-7.3500000000000085,-9.293210266784687
GPRO,85.2200,86.0000,79.0500,79.0900,8.28 M,11/19/14,-5.009999999999991,-5.957193816884651
GPRO,83.7000,85.7800,82.2000,84.1000,10.28 M,11/18/14,2.5999999999999943,3.1901840490797477
GPRO,79.7400,83.4400,78.8000,81.5000,8.81 M,11/17/14,2.3499999999999943,2.9690461149715657
GPRO,77.9900,79.4900,76.7500,79.1500,4.46 M,11/14/14,2.680000000000007,3.5046423434026504
GPRO,77.8500,79.6500,75.9200,76.4700,4.92 M,11/13/14,-0.37999999999999545,-0.49446974625894013
GPRO,74.1000,78.4400,74.0800,76.8500,4.31 M,11/12/14,1.8499999999999943,2.4666666666666592
GPRO,75.7500,77.2653,74.0100,75.0000,4.44 M,11/11/14,-0.75,-0.9900990099009901
GPRO,75.8000,78.1000,75.0000,75.7500,9.28 M,11/10/14,-3.3100000000000023,-4.18669365039211
GPRO,79.7900,80.4000,77.7700,79.0600,4.45 M,11/07/14,0.29999999999999716,0.3809040121889248
GPRO,77.8000,79.5000,76.6300,78.7600,5.23 M,11/06/14,2.8700000000000045,3.7817894320727428
GPRO,84.5000,85.5000,75.5000,75.8900,11.81 M,11/05/14,-6.3799999999999955,-7.754953202868598
GPRO,84.8900,87.5000,81.6700,82.2700,13.89 M,11/04/14,-2.049999999999997,-2.4312144212523688
GPRO,77.6400,85.4000,76.5001,84.3200,15.49 M,11/03/14,7.219999999999999,9.364461738002593
GPRO,80.7000,81.1299,76.0000,77.1000,17.87 M,10/31/14,8.849999999999994,12.967032967032958
GPRO,68.7900,69.7400,64.1410,68.2500,10.84 M,10/30/14,0.35999999999999943,0.5302695536897915
GPRO,69.3000,69.3000,66.5500,67.8900,3.10 M,10/29/14,-1.4099999999999966,-2.03463203463203
GPRO,66.6000,70.9000,66.6000,69.3000,7.82 M,10/28/14,4.390000000000001,6.763210599291328
GPRO,66.9600,69.8500,64.7500,64.9100,9.28 M,10/27/14,-7.0,-9.734390209984703
GPRO,75.6300,76.5000,70.2900,71.9100,12.23 M,10/24/14,-7.240000000000009,-9.147188881869878
GPRO,82.4200,82.8100,77.8800,79.1500,7.54 M,10/23/14,-0.9399999999999977,-1.173679610438254
GPRO,84.0000,84.9500,79.6800,80.0900,8.24 M,10/22/14,-0.8299999999999983,-1.0257043994068193
GPRO,77.9600,82.7900,77.1100,80.9200,7.33 M,10/21/14,4.920000000000002,6.473684210526318
GPRO,75.0300,77.5900,74.8005,76.0000,3.64 M,10/20/14,1.3700000000000045,1.8357228996382213
GPRO,75.8000,76.7500,72.7900,74.6300,4.71 M,10/17/14,1.9399999999999977,2.668867794744804
GPRO,69.1000,74.8800,68.6000,72.6900,6.14 M,10/16/14,-0.18000000000000682,-0.24701523260602004
GPRO,71.0300,74.8500,68.3400,72.8700,8.72 M,10/15/14,-2.1599999999999966,-2.878848460615749
GPRO,78.6000,80.9311,74.4400,75.0300,6.77 M,10/14/14,-1.6400000000000006,-2.1390374331550808
GPRO,82.3500,83.4000,73.2800,76.6700,13.26 M,10/13/14,-8.379999999999995,-9.853027630805403
GPRO,87.9100,89.8900,83.5700,85.0500,7.16 M,10/10/14,-4.13000000000001,-4.6310832025117845
GPRO,91.3000,92.3800,87.3000,89.1800,8.03 M,10/09/14,-0.75,-0.8339819859891026
GPRO,91.0000,92.7700,87.1600,89.9300,13.04 M,10/08/14,-3.9199999999999875,-4.176877996803396
GPRO,92.3500,98.4700,91.2200,93.8500,20.86 M,10/07/14,0.05999999999998806,0.06397270497919613
GPRO,89.4800,94.3135,88.5000,93.7900,13.05 M,10/06/14,6.820000000000007,7.841784523398881
GPRO,88.5000,89.8000,86.5300,86.9700,12.10 M,10/03/14,1.5100000000000051,1.76690849520244
GPRO,87.4200,88.9500,79.1300,85.4600,27.45 M,10/02/14,-6.340000000000003,-6.906318082788675
GPRO,92.3100,93.9599,88.8700,91.8000,12.92 M,10/01/14,-1.9000000000000057,-2.0277481323372526
GPRO,94.7750,96.4500,88.5300,93.7000,31.76 M,09/30/14,2.760000000000005,3.0349681108423194
GPRO,81.9900,91.7700,80.0000,90.9400,26.69 M,09/29/14,8.840000000000003,10.767356881851406
GPRO,79.0000,82.4000,77.5100,82.1000,13.00 M,09/26/14,0.789999999999992,0.9715902103062256
GPRO,81.5000,81.6400,76.2080,81.3100,14.39 M,09/25/14,2.8500000000000085,3.6324241651797204
GPRO,74.5000,78.8400,73.8500,78.4600,12.11 M,09/24/14,5.579999999999998,7.656421514818878
GPRO,68.8500,73.4200,68.3400,72.8800,8.07 M,09/23/14,4.609999999999999,6.752599970704555
GPRO,67.0500,68.9000,66.5000,68.2700,4.19 M,09/22/14,1.0699999999999932,1.5922619047618944
GPRO,66.0500,67.3000,64.1000,67.2000,5.93 M,09/19/14,0.8700000000000045,1.311623699683408
GPRO,68.1000,68.6700,66.0100,66.3300,5.87 M,09/18/14,-0.8900000000000006,-1.3240107110978885
GPRO,67.0000,68.2100,66.3100,67.2200,5.89 M,09/17/14,1.9899999999999949,3.050743522918894
GPRO,65.4000,66.6899,63.4200,65.2300,8.58 M,09/16/14,-1.9699999999999989,-2.9315476190476173
GPRO,69.5500,71.4200,66.1700,67.2000,10.12 M,09/15/14,-1.980000000000004,-2.86209887250651
GPRO,68.7400,70.1700,67.6500,69.1800,8.38 M,09/12/14,0.9000000000000057,1.318101933216177
GPRO,70.6450,70.9000,66.2600,68.2800,15.05 M,09/11/14,-0.18999999999999773,-0.27749379290199755
GPRO,67.1100,69.3000,64.7500,68.4700,12.36 M,09/10/14,4.280000000000001,6.667705250038949
GPRO,63.4700,68.2900,63.2600,64.1900,13.44 M,09/09/14,0.6699999999999946,1.0547858942065407
GPRO,58.1500,63.7200,57.0400,63.5200,12.16 M,09/08/14,4.770000000000003,8.119148936170218
GPRO,54.2500,59.2400,53.5100,58.7500,7.63 M,09/05/14,5.670000000000002,10.681989449886968
GPRO,54.3000,55.8788,52.3000,53.0800,8.20 M,09/04/14,-3.780000000000001,-6.647907140344708
GPRO,55.9500,57.4500,55.4300,56.8600,9.22 M,09/03/14,2.9200000000000017,5.413422321097519
GPRO,53.0000,55.3500,52.5200,53.9400,9.08 M,09/02/14,2.1400000000000006,4.131274131274132
GPRO,49.4700,52.1300,49.4500,51.8000,10.25 M,08/29/14,2.8999999999999986,5.930470347648259
GPRO,45.5000,49.8600,44.6300,48.9000,10.60 M,08/28/14,3.3999999999999986,7.47252747252747
GPRO,45.8700,46.0000,45.2900,45.5000,1.91 M,08/27/14,0.21000000000000085,0.46367851622874995
GPRO,44.8000,45.8000,44.5700,45.2900,3.78 M,08/26/14,1.4399999999999977,3.2839224629418418
GPRO,43.8500,44.3500,43.3010,43.8500,1.85 M,08/25/14,0.5600000000000023,1.2936012936012988
GPRO,43.0000,43.8300,42.7000,43.2900,1.68 M,08/22/14,0.11999999999999744,0.2779708130646223
GPRO,44.6000,44.8600,43.0264,43.1700,2.69 M,08/21/14,-0.7199999999999989,-1.6404647983595326
GPRO,42.9050,44.6000,42.7600,43.8900,3.43 M,08/20/14,0.5300000000000011,1.2223247232472352
GPRO,42.3400,43.5000,42.0501,43.3600,4.06 M,08/19/14,1.509999999999998,3.608124253285539
GPRO,40.5000,42.6000,40.0400,41.8500,3.90 M,08/18/14,2.0600000000000023,5.177180196029159
GPRO,39.5100,40.2500,38.9000,39.7900,2.82 M,08/15/14,0.29999999999999716,0.7596859964547914
GPRO,38.2500,39.8200,38.0500,39.4900,2.89 M,08/14/14,1.3000000000000043,3.404032469232795
GPRO,38.4900,39.0400,38.0100,38.1900,2.16 M,08/13/14,0.1500999999999948,0.394585685030704
GPRO,38.6500,38.6924,37.7000,38.0399,1.32 M,08/12/14,-0.1600999999999999,-0.4191099476439788
GPRO,38.6400,38.7700,38.1000,38.2000,1.56 M,08/11/14,0.5500000000000043,1.4608233731739821
GPRO,39.1600,39.1600,37.2400,37.6500,2.42 M,08/08/14,-1.0500000000000043,-2.7131782945736544
GPRO,39.8500,39.8500,38.2700,38.7000,2.04 M,08/07/14,-0.01999999999999602,-0.051652892561973196
GPRO,39.3600,40.1300,38.5300,38.7200,2.26 M,08/06/14,-0.14999999999999858,-0.3859017236943622
GPRO,38.6400,40.1400,38.3500,38.8700,4.02 M,08/05/14,0.3399999999999963,0.8824292758889081
GPRO,41.4400,41.8000,38.3500,38.5300,6.68 M,08/04/14,-2.4399999999999977,-5.955577251647542
GPRO,41.9700,44.7900,40.5200,40.9700,13.32 M,08/01/14,-7.0,-14.59245361684386
GPRO,45.1000,48.4000,44.6200,47.9700,14.66 M,07/31/14,1.654199999999996,3.571567370098316
GPRO,44.7200,46.3400,44.2500,46.3158,6.48 M,07/30/14,2.2458000000000027,5.09598366235535
GPRO,43.6800,44.7500,43.2900,44.0700,5.90 M,07/29/14,0.8200000000000003,1.8959537572254341
GPRO,42.3000,43.7000,41.2300,43.2500,5.88 M,07/28/14,1.2700000000000031,3.025250119104343
GPRO,41.8200,42.4000,41.0600,41.9800,2.84 M,07/25/14,-0.21000000000000085,-0.49774828158331563
GPRO,42.3000,42.4000,41.3200,42.1900,3.37 M,07/24/14,0.44999999999999574,1.0781025395304162
GPRO,43.8300,44.8300,40.8200,41.7400,10.36 M,07/23/14,-1.3599999999999994,-3.1554524361948944
GPRO,42.8500,43.2500,42.2000,43.1000,5.83 M,07/22/14,1.5200000000000031,3.655603655603663
GPRO,43.2000,43.8000,41.5000,41.5800,9.19 M,07/21/14,0.14999999999999858,0.3620564808110031
GPRO,41.0700,42.5500,40.4000,41.4300,5.22 M,07/18/14,1.0899999999999963,2.7020327218641453
GPRO,40.5000,42.1300,40.0000,40.3400,4.76 M,07/17/14,-0.5599999999999952,-1.3691931540342182
GPRO,43.8000,44.4400,40.8000,40.9000,11.34 M,07/16/14,-0.730000000000004,-1.7535431179438
GPRO,39.0900,42.1000,38.2300,41.6300,19.86 M,07/15/14,4.789999999999999,13.002171552660148
GPRO,38.8700,39.1000,36.1000,36.8400,10.71 M,07/14/14,-2.0,-5.1493305870236865
GPRO,42.4500,42.8800,38.7300,38.8400,9.33 M,07/11/14,-3.0999999999999943,-7.391511683357164
GPRO,41.7300,42.7500,40.6000,41.9400,4.99 M,07/10/14,-1.3599999999999994,-3.1408775981524237
GPRO,43.0100,43.7000,41.7500,43.3000,5.88 M,07/09/14,1.0999999999999943,2.6066350710900337
GPRO,43.8850,44.9900,41.5300,42.2000,10.88 M,07/08/14,-1.7600999999999942,-4.003858043998977
GPRO,42.9800,44.4400,41.7600,43.9601,17.03 M,07/07/14,2.3800999999999988,5.724146224146222
GPRO,43.9700,45.2399,40.7400,41.5800,15.54 M,07/03/14,-0.46000000000000085,-1.094196003805901
GPRO,46.9000,46.9800,41.5300,42.0400,29.32 M,07/02/14,-6.759900000000002,-13.852282484185423
GPRO,45.0000,49.9000,44.4000,48.7999,41.80 M,07/01/14,8.249900000000004,20.345006165228124
GPRO,39.4400,41.1900,37.8300,40.5500,24.93 M,06/30/14,4.789999999999999,13.394854586129751
GPRO,32.9700,40.4700,29.4980,35.7600,45.73 M,06/27/14,4.419999999999998,14.103382259093804