KHC,56.5200,57.4000,56.2900,56.8500,6.77 M,04/25/18,0.3200000000000003,0.5660711126835314
KHC,57.9500,58.0000,56.1100,56.5300,8.27 M,04/24/18,-1.1499999999999986,-1.9937586685159476
KHC,58.0000,58.1900,57.4100,57.6800,7.91 M,04/23/18,-0.5399999999999991,-0.9275163174166938
KHC,59.8500,60.1580,57.5500,58.2200,9.77 M,04/20/18,-1.509999999999998,-2.528042859534569
KHC,60.7500,60.8900,59.6300,59.7300,7.46 M,04/19/18,-1.0600000000000023,-1.7437078466853138
KHC,61.6600,61.8000,60.3500,60.7900,5.53 M,04/18/18,-0.8999999999999986,-1.4589074404279438
KHC,61.6900,61.8100,61.0900,61.6900,4.44 M,04/17/18,0.5,0.8171269815329303
KHC,60.0200,61.3100,59.9200,61.1900,5.45 M,04/16/18,0.269999999999996,0.44320420223242946
KHC,61.0700,61.1300,60.4900,60.9200,3.75 M,04/13/18,-0.01999999999999602,-0.032819166393167086
KHC,61.5300,61.7053,60.7800,60.9400,5.15 M,04/12/18,-0.6000000000000014,-0.9749756256093621
KHC,60.8500,61.8300,60.7800,61.5400,3.85 M,04/11/18,0.28999999999999915,0.47346938775510067
KHC,61.6500,61.8200,60.6200,61.2500,4.70 M,04/10/18,0.6000000000000014,0.9892827699917583
KHC,60.8900,61.4000,60.3400,60.6500,4.67 M,04/09/18,0.10999999999999943,0.18169805087545332
KHC,61.0900,61.9800,60.1600,60.5400,3.93 M,04/06/18,-0.7700000000000031,-1.2559125754363123
KHC,61.7000,61.9000,60.9500,61.3100,4.27 M,04/05/18,-0.07000000000000028,-0.11404366243075967
KHC,59.7900,61.8230,59.7261,61.3800,4.76 M,04/04/18,1.1400000000000006,1.8924302788844631
KHC,60.6200,60.6600,59.4800,60.2400,6.33 M,04/03/18,0.17999999999999972,0.2997002997002992
KHC,61.9400,62.0000,59.7900,60.0600,5.29 M,04/02/18,-2.229999999999997,-3.5800288970942318
KHC,61.7900,62.6200,61.6848,62.2900,5.00 M,03/29/18,0.9200000000000017,1.4991037966433138
KHC,60.8400,61.9600,60.7510,61.3700,4.78 M,03/28/18,0.6699999999999946,1.1037891268533684
KHC,61.7400,61.9800,60.3900,60.7000,5.28 M,03/27/18,-0.9499999999999957,-1.5409570154095633
KHC,60.8800,61.7300,60.5300,61.6500,5.31 M,03/26/18,1.6199999999999974,2.698650674662664
KHC,60.7300,61.6569,59.9500,60.0300,6.32 M,03/23/18,-0.5,-0.8260366760284157
KHC,61.7300,61.9600,60.4900,60.5300,8.16 M,03/22/18,-1.4600000000000009,-2.3552185836425243
KHC,62.5300,62.7600,61.7500,61.9900,7.09 M,03/21/18,-1.1899999999999977,-1.8835074390629911
KHC,64.0300,64.2100,62.8200,63.1800,7.50 M,03/20/18,-0.7700000000000031,-1.2040656763096218
KHC,65.1800,65.3600,63.5800,63.9500,6.95 M,03/19/18,-1.4099999999999966,-2.157282741738061
KHC,65.4500,65.8400,64.9400,65.3600,7.20 M,03/16/18,-0.09999999999999432,-0.15276504735715601
KHC,66.4000,66.6700,65.1148,65.4600,4.89 M,03/15/18,-1.1200000000000045,-1.6821868428957714
KHC,67.6100,67.9100,66.2200,66.5800,3.90 M,03/14/18,-0.7900000000000063,-1.172628766513294
KHC,67.8400,67.9500,67.1600,67.3700,3.36 M,03/13/18,-0.3299999999999983,-0.48744460856720573
KHC,67.2600,67.8900,67.1000,67.7000,2.65 M,03/12/18,0.46999999999999886,0.6990926669641512
KHC,67.2000,67.6000,66.5300,67.2300,4.91 M,03/09/18,0.2400000000000091,0.3582624272279581
KHC,67.1700,67.3600,66.4650,66.9900,3.51 M,03/08/18,-0.46999999999999886,-0.6967091609842854
KHC,67.3500,67.5900,66.7300,67.4600,3.32 M,03/07/18,-0.3100000000000023,-0.4574295410948831
KHC,67.7000,67.8700,67.2300,67.7700,3.54 M,03/06/18,0.3399999999999892,0.5042266053685143
KHC,66.7200,67.7300,66.7200,67.4300,3.91 M,03/05/18,0.2600000000000051,0.3870775643888717
KHC,67.0200,67.6100,66.5200,67.1700,4.82 M,03/02/18,0.28000000000000114,0.41859769771266425
KHC,67.1400,67.9890,66.3600,66.8900,5.21 M,03/01/18,-0.1599999999999966,-0.23862788963459597
KHC,68.2700,68.5900,67.0300,67.0500,6.19 M,02/28/18,-0.8200000000000074,-1.2081921320171023
KHC,69.6100,70.0150,67.8600,67.8700,5.41 M,02/27/18,-1.8699999999999903,-2.681388012618283
KHC,69.6000,70.0000,68.5600,69.7400,7.52 M,02/26/18,0.7199999999999989,1.043175891046072
KHC,67.9600,69.1100,67.3500,69.0200,5.74 M,02/23/18,1.3799999999999955,2.040212891780005
KHC,67.3800,68.2490,67.0500,67.6400,5.97 M,02/22/18,0.1700000000000017,0.2519638357788672
KHC,68.9200,68.9300,67.4400,67.4700,6.65 M,02/21/18,-1.2199999999999989,-1.7760955015286053
KHC,70.7800,70.8000,68.0200,68.6900,8.72 M,02/20/18,-2.1099999999999994,-2.9802259887005644
KHC,69.9400,71.2500,67.6500,70.8000,15.01 M,02/16/18,-1.9099999999999966,-2.6268738825471005
KHC,72.1900,72.7800,70.6500,72.7100,7.41 M,02/15/18,0.789999999999992,1.0984427141267965
KHC,71.3400,72.0400,70.7000,71.9200,5.50 M,02/14/18,0.21000000000000796,0.2928461860270645
KHC,71.5200,71.9900,70.6799,71.7100,4.04 M,02/13/18,-0.10000000000000853,-0.13925637097898416
KHC,71.5200,72.6300,71.4500,71.8100,4.37 M,02/12/18,0.4300000000000068,0.6024096385542265
KHC,72.0000,72.6600,70.2452,71.3800,6.87 M,02/09/18,-0.20000000000000284,-0.27940765576977206
KHC,73.6000,74.0400,71.2500,71.5800,8.21 M,02/08/18,-1.9699999999999989,-2.6784500339904813
KHC,73.8400,74.7100,73.5200,73.5500,6.75 M,02/07/18,-0.7600000000000051,-1.0227425649307025
KHC,73.8400,74.3200,72.0500,74.3100,7.56 M,02/06/18,0.04999999999999716,0.06733099919202418
KHC,77.2900,77.9385,74.1750,74.2600,5.37 M,02/05/18,-2.9299999999999926,-3.7958284751910774
KHC,78.1200,78.3400,76.6500,77.1900,5.24 M,02/02/18,-1.3799999999999955,-1.7563955708285548
KHC,78.1200,78.9500,77.6000,78.5700,3.12 M,02/01/18,0.1799999999999926,0.22962112514350377
KHC,78.6200,78.8800,77.8500,78.3900,4.86 M,01/31/18,-0.10999999999999943,-0.14012738853503112
KHC,78.6400,79.6600,78.4300,78.5000,3.33 M,01/30/18,0.0799999999999983,0.10201479214485883
KHC,79.1700,79.8800,78.3900,78.4200,3.28 M,01/29/18,-0.9699999999999989,-1.2218163496662033
KHC,79.9000,80.0000,78.4000,79.3900,4.77 M,01/26/18,-0.28000000000000114,-0.3514497301368158
KHC,80.0000,80.4450,79.3820,79.6700,2.93 M,01/25/18,-0.18999999999999773,-0.23791635361883012
KHC,80.5000,80.5900,79.7100,79.8600,3.12 M,01/24/18,-0.4099999999999966,-0.5107761305593579
KHC,79.7600,80.5300,79.5600,80.2700,2.83 M,01/23/18,0.09999999999999432,0.12473493825619847
KHC,79.8200,80.4500,79.7600,80.1700,3.99 M,01/22/18,0.5100000000000051,0.640220938990717
KHC,79.5300,79.9600,79.1000,79.6600,3.75 M,01/19/18,0.39000000000000057,0.49198940330516033
KHC,80.1600,80.6000,79.0200,79.2700,3.45 M,01/18/18,-0.7999999999999972,-0.9991257649556603
KHC,79.1100,80.6700,78.7900,80.0700,6.55 M,01/17/18,1.4299999999999926,1.8184130213631646
KHC,77.9700,78.9204,77.5600,78.6400,5.33 M,01/16/18,1.2900000000000063,1.6677440206852054
KHC,77.3500,77.5700,76.6000,77.3500,4.22 M,01/12/18,0.21999999999999886,0.2852327239725125
KHC,78.0200,78.2000,77.0200,77.1300,3.49 M,01/11/18,-0.7600000000000051,-0.9757350109128323
KHC,78.6500,78.6500,77.4000,77.8900,3.82 M,01/10/18,-0.730000000000004,-0.9285169168150648
KHC,78.5400,78.7200,78.0500,78.6200,3.44 M,01/09/18,0.14000000000000057,0.17838939857288552
KHC,77.8200,78.5800,77.8200,78.4800,3.13 M,01/08/18,0.6400000000000006,0.8221993833504632
KHC,78.0400,78.3300,77.2300,77.8400,4.15 M,01/05/18,-0.06999999999999318,-0.08984725965857167
KHC,77.2300,78.2200,77.0600,77.9100,3.61 M,01/04/18,0.8999999999999915,1.168679392286705
KHC,77.3300,77.5900,76.9000,77.0100,3.37 M,01/03/18,-0.009999999999990905,-0.012983640612816028
KHC,78.2200,78.3100,76.8800,77.0200,4.01 M,01/02/18,-0.7400000000000091,-0.951646090534991
KHC,77.7000,78.6800,77.6900,77.7600,2.44 M,12/29/17,-0.1599999999999966,-0.2053388090349032
KHC,78.2200,78.2900,77.7200,77.9200,1.88 M,12/28/17,-0.060000000000002274,-0.07694280584765616
KHC,78.2400,78.6000,77.9500,77.9800,1.76 M,12/27/17,-0.12999999999999545,-0.16643195493534177
KHC,78.1200,78.4700,78.0000,78.1100,2.53 M,12/26/17,-0.12999999999999545,-0.1661554192228981
KHC,78.1400,78.6000,77.8800,78.2400,3.09 M,12/22/17,0.35999999999999943,0.46224961479198695
KHC,77.8400,78.1700,77.0700,77.8800,4.56 M,12/21/17,0.5,0.6461617989144482
KHC,78.8100,78.8900,77.3200,77.3800,3.80 M,12/20/17,-1.1400000000000006,-1.4518593988792672
KHC,79.5200,79.8200,78.3900,78.5200,2.89 M,12/19/17,-0.8500000000000085,-1.0709336021166795
KHC,79.9800,80.3600,79.2900,79.3700,2.72 M,12/18/17,-0.1700000000000017,-0.2137289414131276
KHC,79.8000,79.8300,79.0100,79.5400,6.68 M,12/15/17,0.5600000000000023,0.7090402633578149
KHC,79.2800,79.7000,78.8700,78.9800,3.32 M,12/14/17,-0.29999999999999716,-0.3784056508577159
KHC,79.2500,79.6000,78.7699,79.2800,3.03 M,12/13/17,0.3299999999999983,0.41798606713109343
KHC,78.3300,79.0900,78.1200,78.9500,3.14 M,12/12/17,0.5799999999999983,0.7400791119050635
KHC,78.1800,78.3900,77.1900,78.3700,3.99 M,12/11/17,-0.10999999999999943,-0.14016309887869446
KHC,79.6000,79.7055,77.9350,78.4800,5.33 M,12/08/17,-0.8799999999999955,-1.1088709677419297
KHC,80.1700,80.5000,79.3100,79.3600,2.53 M,12/07/17,-1.1299999999999955,-1.403901105727414
KHC,80.7500,81.1400,80.2400,80.4900,2.58 M,12/06/17,-0.15000000000000568,-0.18601190476191182
KHC,82.0500,82.4800,80.5100,80.6400,3.25 M,12/05/17,-1.2800000000000011,-1.5625000000000013
KHC,81.3200,82.2900,81.1650,81.9200,2.91 M,12/04/17,0.710000000000008,0.8742765669252653
KHC,80.9500,81.6000,80.2900,81.2100,3.36 M,12/01/17,-0.1600000000000108,-0.19663266560158632
KHC,81.4400,82.1800,80.5000,81.3700,4.41 M,11/30/17,0.28000000000000114,0.3452953508447418
KHC,78.9500,81.5600,78.8300,81.0900,4.07 M,11/29/17,2.1099999999999994,2.6715624208660413
KHC,79.7000,79.8600,78.7150,78.9800,3.17 M,11/28/17,-0.6299999999999955,-0.7913578696143644
KHC,79.7600,80.0400,79.4500,79.6100,4.60 M,11/27/17,-0.15000000000000568,-0.18806419257774032
KHC,80.2500,80.3500,79.5400,79.7600,1.14 M,11/24/17,-0.05999999999998806,-0.07516913054370843
KHC,80.0400,80.2000,79.5900,79.8200,2.92 M,11/22/17,-0.19000000000001194,-0.23747031621048859
KHC,80.1200,80.2900,79.7600,80.0100,2.46 M,11/21/17,0.0799999999999983,0.10008757662954872
KHC,79.7000,80.9600,79.6300,79.9300,3.74 M,11/20/17,0.30000000000001137,0.37674243375613636
KHC,79.6300,80.0700,79.2750,79.6300,4.26 M,11/17/17,-0.05000000000001137,-0.06275100401607853
KHC,78.7200,80.1600,78.5101,79.6800,3.03 M,11/16/17,0.9000000000000057,1.1424219345011497
KHC,79.4900,79.8900,78.5700,78.7800,3.28 M,11/15/17,-0.5999999999999943,-0.7558578987150345
KHC,79.5400,79.8800,79.0300,79.3800,2.84 M,11/14/17,-0.46999999999999886,-0.5886036318096417
KHC,79.6600,80.3700,79.6000,79.8500,3.25 M,11/13/17,0.12999999999999545,0.1630707476166526
KHC,78.9700,79.8800,78.9700,79.7200,3.40 M,11/10/17,0.3100000000000023,0.39037904546027236
KHC,79.2600,79.9399,79.0200,79.4100,3.43 M,11/09/17,-0.1700000000000017,-0.21362151294295265
KHC,78.6400,80.0900,78.2200,79.5800,4.06 M,11/08/17,1.3999999999999915,1.7907393195190475
KHC,76.9300,78.6400,76.4900,78.1800,3.42 M,11/07/17,1.1800000000000068,1.5324675324675414
KHC,78.0900,78.2200,76.5100,77.0000,4.68 M,11/06/17,-1.0,-1.2820512820512822
KHC,77.8700,78.1900,77.5700,78.0000,4.08 M,11/03/17,-0.030000000000001137,-0.03844675124952087
KHC,76.8400,78.1900,75.5100,78.0300,6.53 M,11/02/17,0.3299999999999983,0.4247104247104225
KHC,77.7100,77.8600,77.0800,77.7000,4.05 M,11/01/17,0.37000000000000455,0.478468899521537
KHC,76.1800,77.4000,76.0200,77.3300,4.84 M,10/31/17,2.0600000000000023,2.7368141357778697
KHC,77.2000,77.2200,75.2100,75.2700,5.22 M,10/30/17,-2.030000000000001,-2.6261319534282035
KHC,76.8200,77.4700,76.2350,77.3000,3.75 M,10/27/17,0.0,0.0
KHC,77.5900,77.9400,77.1500,77.3000,2.85 M,10/26/17,-0.030000000000001137,-0.03879477563688237
KHC,76.7300,77.4200,76.2300,77.3300,3.93 M,10/25/17,0.10999999999999943,0.1424501424501417
KHC,77.1200,77.4200,76.9300,77.2200,3.06 M,10/24/17,0.1599999999999966,0.2076304178562115
KHC,76.8800,77.1000,76.4500,77.0600,4.24 M,10/23/17,0.3500000000000085,0.45626385086691246
KHC,76.7700,77.1000,76.1200,76.7100,4.76 M,10/20/17,0.23999999999999488,0.3138485680659015
KHC,77.0000,77.0880,76.3100,76.4700,3.96 M,10/19/17,-0.6299999999999955,-0.8171206225680876
KHC,77.4100,77.4620,76.6700,77.1000,3.28 M,10/18/17,-0.44000000000001194,-0.5674490585504409
KHC,77.7300,78.0100,77.3400,77.5400,4.37 M,10/17/17,-0.10999999999999943,-0.14166130070830577
KHC,77.7900,78.0950,77.4800,77.6500,3.43 M,10/16/17,-0.0899999999999892,-0.11577051710829586
KHC,78.5500,78.6000,77.6600,77.7400,3.71 M,10/13/17,-0.4100000000000108,-0.5246321177223426
KHC,78.3500,78.6478,78.0400,78.1500,2.51 M,10/12/17,-0.03999999999999204,-0.0511574370123955
KHC,78.0600,78.6600,77.9200,78.1900,2.33 M,10/11/17,0.04999999999999716,0.06398771435883946
KHC,77.7500,78.2500,77.6600,78.1400,2.98 M,10/10/17,0.8100000000000023,1.0474589421957872
KHC,78.2900,78.6200,77.1950,77.3300,2.67 M,10/09/17,-0.8500000000000085,-1.0872345868508677
KHC,78.8400,78.9400,77.9850,78.1800,2.36 M,10/06/17,-0.06999999999999318,-0.08945686900957595
KHC,77.9500,78.4850,77.7000,78.2500,2.85 M,10/05/17,0.480000000000004,0.6172045776006223
KHC,77.2300,78.1500,76.7600,77.7700,3.68 M,10/04/17,-0.04999999999999716,-0.06425083526085475
KHC,77.9500,78.1400,77.2900,77.8200,2.37 M,10/03/17,-0.030000000000001137,-0.03853564547206312
KHC,77.5500,78.2700,76.8900,77.8500,3.64 M,10/02/17,0.29999999999999716,0.38684719535783
KHC,78.0300,78.2690,77.4400,77.5500,3.78 M,09/29/17,-0.4200000000000017,-0.5386687187379784
KHC,78.2800,78.7500,77.7300,77.9700,2.80 M,09/28/17,-0.2600000000000051,-0.33235331714176797
KHC,78.6400,78.8000,77.8000,78.2300,3.28 M,09/27/17,-0.35999999999999943,-0.4580735462527032
KHC,78.6000,78.9100,78.0300,78.5900,3.16 M,09/26/17,0.1700000000000017,0.2167814333078318
KHC,77.6000,78.4500,77.4700,78.4200,4.33 M,09/25/17,0.9000000000000057,1.1609907120743108
KHC,79.0100,79.2400,77.4000,77.5200,4.79 M,09/22/17,-1.490000000000009,-1.885837235792949
KHC,79.9900,80.4600,78.9400,79.0100,2.96 M,09/21/17,-0.8599999999999994,-1.076749718292224
KHC,80.4900,80.5600,79.1300,79.8700,6.18 M,09/20/17,-0.9599999999999937,-1.1876778423852452
KHC,81.3000,81.4200,80.6000,80.8300,2.38 M,09/19/17,-0.5700000000000074,-0.7002457002457093
KHC,81.2400,81.6100,81.0400,81.4000,2.77 M,09/18/17,-0.030000000000001137,-0.03684145892177469
KHC,81.3300,81.8800,80.5200,81.4300,5.96 M,09/15/17,0.15000000000000568,0.1845472440944952
KHC,81.9800,82.0000,81.0000,81.2800,2.99 M,09/14/17,-0.6299999999999955,-0.769136857526548
KHC,82.2600,82.3500,81.6700,81.9100,2.94 M,09/13/17,-0.27000000000001023,-0.3285470917498299
KHC,82.8200,82.9800,82.0600,82.1800,2.26 M,09/12/17,-0.36999999999999034,-0.44821320411870424
KHC,82.1000,82.5600,81.9600,82.5500,2.91 M,09/11/17,0.8299999999999983,1.0156632403328418
KHC,81.4500,82.0200,80.6600,81.7200,3.55 M,09/08/17,0.2600000000000051,0.3191750552418428
KHC,81.4500,81.7200,80.8300,81.4600,3.26 M,09/07/17,0.12999999999999545,0.15984261650067066
KHC,81.2300,81.4000,80.8300,81.3300,2.52 M,09/06/17,0.1799999999999926,0.2218114602587709
KHC,80.7200,81.5000,80.5500,81.1500,3.30 M,09/05/17,0.30000000000001137,0.37105751391467084
KHC,80.7500,81.1000,80.1000,80.8500,4.89 M,09/01/17,0.09999999999999432,0.12383900928791866
KHC,81.1000,82.1000,80.2900,80.7500,5.37 M,08/31/17,-1.1800000000000068,-1.4402538752593759
KHC,81.5000,82.1900,81.2300,81.9300,3.43 M,08/30/17,0.4900000000000091,0.6016699410609149
KHC,81.7800,82.1100,81.0875,81.4400,3.49 M,08/29/17,-0.7000000000000028,-0.8522035549062611
KHC,82.7800,83.0000,81.6250,82.1400,2.64 M,08/28/17,-0.45999999999999375,-0.5569007263922443
KHC,83.2800,83.3200,82.4500,82.6000,3.29 M,08/25/17,-0.20000000000000284,-0.2415458937198102
KHC,84.5000,84.5900,82.6900,82.8000,3.44 M,08/24/17,-1.9500000000000028,-2.3008849557522155
KHC,84.9500,85.1600,84.4800,84.7500,1.69 M,08/23/17,-0.29999999999999716,-0.35273368606701605
KHC,84.7600,85.1300,84.6500,85.0500,2.04 M,08/22/17,0.5,0.5913660555884093
KHC,84.7300,84.7300,84.2500,84.5500,1.76 M,08/21/17,0.060000000000002274,0.07101432122144902
KHC,84.9200,85.2800,84.1600,84.4900,2.83 M,08/18/17,-0.6200000000000045,-0.7284690400658026
KHC,86.2700,86.7600,85.0800,85.1100,3.02 M,08/17/17,-1.3900000000000006,-1.6069364161849717
KHC,86.4500,86.6800,86.2800,86.5000,1.92 M,08/16/17,-0.23999999999999488,-0.2766889554991871
KHC,87.0500,87.2000,86.5015,86.7400,1.77 M,08/15/17,-0.28000000000000114,-0.32176511146862924
KHC,86.7500,87.2900,86.5000,87.0200,2.47 M,08/14/17,0.5499999999999972,0.6360587486989675
KHC,85.9000,86.5700,85.6400,86.4700,2.54 M,08/11/17,0.5799999999999983,0.6752823378740229
KHC,85.9200,86.4000,85.5800,85.8900,3.02 M,08/10/17,-0.5699999999999932,-0.6592643997224071
KHC,86.0000,86.7400,85.5100,86.4600,2.53 M,08/09/17,0.29999999999999716,0.34818941504177947
KHC,86.6400,86.9800,86.0200,86.1600,3.13 M,08/08/17,-0.8599999999999994,-0.9882785566536423
KHC,86.5400,87.2300,86.2600,87.0200,3.20 M,08/07/17,0.35999999999999943,0.41541657050542286
KHC,87.5800,87.5800,85.9810,86.6600,8.00 M,08/04/17,0.14999999999999147,0.17339035949600215
KHC,86.9000,87.5990,86.3300,86.5100,3.97 M,08/03/17,-0.35999999999999943,-0.4144123402785765
KHC,86.2900,87.1400,85.4800,86.8700,3.77 M,08/02/17,0.20000000000000284,0.23076035537095055
KHC,87.3800,87.7700,86.5500,86.6700,3.28 M,08/01/17,-0.789999999999992,-0.9032700663160211
KHC,87.7900,87.9900,86.9800,87.4600,2.59 M,07/31/17,-0.18000000000000682,-0.20538566864446237
KHC,87.8000,88.0700,87.0700,87.6400,1.90 M,07/28/17,-0.5499999999999972,-0.6236534754507281
KHC,87.5300,88.2200,87.3100,88.1900,3.03 M,07/27/17,0.5300000000000011,0.6046087154916737
KHC,87.5000,90.3800,87.4101,87.6600,2.94 M,07/26/17,0.23999999999999488,0.27453671928619866
KHC,86.2400,87.6100,86.1450,87.4200,3.02 M,07/25/17,1.2000000000000028,1.3917884481558835
KHC,86.1200,86.3100,85.6001,86.2200,1.88 M,07/24/17,0.060000000000002274,0.06963788300835919
KHC,85.6600,86.1900,85.4100,86.1600,2.84 M,07/21/17,0.2599999999999909,0.30267753201395914
KHC,86.1000,86.1000,85.6650,85.9000,2.77 M,07/20/17,0.21000000000000796,0.2450694363403057
KHC,85.6300,85.8500,85.2100,85.6900,2.18 M,07/19/17,0.09000000000000341,0.10514018691589185
KHC,85.6900,85.8500,85.1732,85.6000,1.59 M,07/18/17,0.0,0.0
KHC,85.6800,85.7500,85.0900,85.6000,1.83 M,07/17/17,-0.05000000000001137,-0.05837711617047445
KHC,85.3100,85.7000,84.8300,85.6500,2.53 M,07/14/17,0.8000000000000114,0.942840306423113
KHC,84.7400,85.0400,84.3350,84.8500,2.63 M,07/13/17,0.14999999999999147,0.1770956316410761
KHC,84.3300,85.1800,84.2900,84.7000,4.03 M,07/12/17,0.9500000000000028,1.1343283582089587
KHC,82.2000,83.9900,82.2000,83.7500,5.02 M,07/11/17,0.980000000000004,1.184003866135078
KHC,83.3900,83.7300,82.7600,82.7700,2.98 M,07/10/17,-0.27000000000001023,-0.3251445086705325
KHC,82.5800,83.9000,82.2000,83.0400,3.45 M,07/07/17,0.22000000000001307,0.26563631972954976
KHC,83.3000,83.6100,82.6200,82.8200,3.40 M,07/06/17,-0.9700000000000131,-1.1576560448741056
KHC,84.4600,84.7600,83.6450,83.7900,4.61 M,07/05/17,-0.6799999999999926,-0.8050195335622027
KHC,85.9600,86.1000,84.3900,84.4700,2.91 M,07/03/17,-1.1700000000000017,-1.3661840261560039
KHC,87.2000,87.2700,85.5000,85.6400,3.42 M,06/30/17,-0.12000000000000455,-0.13992537313433365
KHC,87.6900,87.8125,85.4500,85.7600,5.19 M,06/29/17,-2.059999999999988,-2.3457071282167936
KHC,88.1100,88.4900,87.2100,87.8200,3.03 M,06/28/17,0.30999999999998806,0.35424522911665873
KHC,88.7600,88.9500,87.4800,87.5100,2.96 M,06/27/17,-1.4299999999999926,-1.6078255003372979
KHC,89.5300,89.7300,88.8700,88.9400,1.70 M,06/26/17,0.09000000000000341,0.10129431626336907
KHC,89.4000,89.4000,88.5700,88.8500,4.21 M,06/23/17,-0.25,-0.28058361391694725
KHC,89.4700,89.7500,88.8950,89.1000,2.72 M,06/22/17,-0.30000000000001137,-0.3355704697986704
KHC,89.3100,89.6975,89.1100,89.4000,2.19 M,06/21/17,0.12000000000000455,0.13440860215054273
KHC,89.6600,89.7722,89.1400,89.2800,2.66 M,06/20/17,-0.5699999999999932,-0.6343906510851344
KHC,89.9600,90.2400,89.0200,89.8500,3.33 M,06/19/17,0.4399999999999977,0.49211497595347026
KHC,90.8700,91.2200,88.9100,89.4100,7.47 M,06/16/17,-2.240000000000009,-2.4440807419530923
KHC,91.1600,91.8400,91.0100,91.6500,2.31 M,06/15/17,0.19000000000001194,0.2077410890006691
KHC,92.1500,92.4500,90.9900,91.4600,1.70 M,06/14/17,-0.13000000000000966,-0.14193689267388324
KHC,90.6800,91.6600,90.1700,91.5900,1.91 M,06/13/17,0.3400000000000034,0.37260273972603114
KHC,90.6000,92.4200,90.4285,91.2500,2.72 M,06/12/17,0.4200000000000017,0.46240228999229516
KHC,92.4800,92.5400,90.4600,90.8300,2.80 M,06/09/17,-1.7399999999999949,-1.8796586367073511
KHC,93.4600,93.6700,92.4750,92.5700,2.46 M,06/08/17,-1.2000000000000028,-1.2797269915751337
KHC,93.4500,93.8800,93.1400,93.7700,1.99 M,06/07/17,0.5600000000000023,0.6007939062332392
KHC,93.4500,93.8700,93.0800,93.2100,1.76 M,06/06/17,-0.23000000000000398,-0.24614726027397688
KHC,93.5800,93.7000,93.0500,93.4400,1.71 M,06/05/17,-0.10000000000000853,-0.10690613641223917
KHC,92.9400,93.5500,92.3800,93.5400,2.51 M,06/02/17,0.8100000000000023,0.8735037204788119
KHC,92.3500,92.7400,91.4200,92.7300,2.47 M,06/01/17,0.5300000000000011,0.574837310195229
KHC,92.6300,92.9500,91.9700,92.2000,2.28 M,05/31/17,-0.2599999999999909,-0.28120268224095923
KHC,92.9400,93.0000,92.1875,92.4600,1.95 M,05/30/17,-0.5300000000000011,-0.5699537584686538
KHC,92.9000,93.0900,92.5200,92.9900,1.31 M,05/26/17,0.1799999999999926,0.19394461803684152
KHC,92.6900,93.0100,92.3800,92.8100,1.67 M,05/25/17,0.21999999999999886,0.2376066529862824
KHC,92.0000,92.6600,91.7800,92.5900,1.81 M,05/24/17,0.7199999999999989,0.7837161206052017
KHC,91.2100,92.0000,91.0100,91.8700,1.80 M,05/23/17,0.6899999999999977,0.7567449001974091
KHC,90.1100,91.3300,90.0400,91.1800,1.83 M,05/22/17,0.9000000000000057,0.9968985378821508
KHC,89.7500,90.5500,89.4000,90.2800,2.71 M,05/19/17,0.12000000000000455,0.13309671694765368
KHC,89.6500,90.7300,88.9100,90.1600,2.85 M,05/18/17,0.6499999999999915,0.7261758462741498
KHC,88.9100,90.1401,88.5100,89.5100,3.87 M,05/17/17,0.4000000000000057,0.44888340253619763
KHC,89.2600,89.8300,88.8500,89.1100,1.97 M,05/16/17,-0.3400000000000034,-0.3801006148686455
KHC,88.7600,89.4700,88.5600,89.4500,2.03 M,05/15/17,0.5,0.5621135469364812
KHC,89.3400,89.4500,88.6700,88.9500,1.83 M,05/12/17,-0.3299999999999983,-0.36962365591397656
KHC,88.8000,89.4600,88.8000,89.2800,1.40 M,05/11/17,-0.04999999999999716,-0.05597223777006287
KHC,89.1100,89.4000,88.9400,89.3300,1.65 M,05/10/17,0.12999999999999545,0.14573991031389624
KHC,89.2300,89.6507,88.8700,89.2000,2.30 M,05/09/17,-0.28000000000000114,-0.3129190880643732
KHC,89.5800,89.7700,89.0000,89.4800,2.31 M,05/08/17,-0.14999999999999147,-0.16735468035255102
KHC,89.8600,90.1000,89.1800,89.6300,2.27 M,05/05/17,-0.07000000000000739,-0.07803790412486888
KHC,88.0000,91.8000,87.1400,89.7000,6.39 M,05/04/17,0.5600000000000023,0.6282252636302471
KHC,90.2200,90.2200,88.9000,89.1400,2.70 M,05/03/17,0.14000000000000057,0.1573033707865175
KHC,89.6400,89.8300,88.7600,89.0000,3.06 M,05/02/17,-0.46999999999999886,-0.5253157482955167
KHC,90.6500,90.7500,89.3500,89.4700,3.36 M,05/01/17,-0.9200000000000017,-1.0178117048346076
KHC,91.2000,91.2300,89.8300,90.3900,2.89 M,04/28/17,-0.4399999999999977,-0.4844214466585905
KHC,90.9200,91.4200,90.6600,90.8300,2.29 M,04/27/17,-0.09000000000000341,-0.0989881214254327
KHC,92.3200,92.3300,90.8800,90.9200,2.74 M,04/26/17,-1.3700000000000045,-1.484451186477413
KHC,92.6400,92.8950,92.2800,92.2900,1.88 M,04/25/17,-0.269999999999996,-0.2917026793431245
KHC,92.0100,92.8700,92.0100,92.5600,2.19 M,04/24/17,0.960000000000008,1.0480349344978253
KHC,92.1300,92.2400,91.5600,91.6000,1.97 M,04/21/17,-0.44000000000001194,-0.47805302042591474
KHC,92.1100,92.4000,91.5500,92.0400,1.79 M,04/20/17,0.19000000000001194,0.20685900925423184
KHC,92.4300,92.4500,91.6900,91.8500,1.98 M,04/19/17,-0.6500000000000057,-0.7027027027027088
KHC,91.5400,92.6300,91.3300,92.5000,2.14 M,04/18/17,0.9200000000000017,1.0045861541821377
KHC,91.8000,91.9600,91.0300,91.5800,1.80 M,04/17/17,0.0799999999999983,0.08743169398906918
KHC,92.0500,92.0500,91.4801,91.5000,1.82 M,04/13/17,-0.4300000000000068,-0.4677471989557346
KHC,91.0300,92.1400,91.0100,91.9300,2.01 M,04/12/17,1.1000000000000085,1.2110536166464918
KHC,90.8900,91.0700,90.3875,90.8300,1.40 M,04/11/17,-0.060000000000002274,-0.06601386291121386
KHC,90.6500,91.0000,90.1600,90.8900,3.50 M,04/10/17,0.18999999999999773,0.20948180815876263
KHC,91.1700,91.4900,90.6700,90.7000,2.00 M,04/07/17,-0.25,-0.2748763056624519
KHC,91.4900,91.7900,90.6500,90.9500,2.10 M,04/06/17,-0.46999999999999886,-0.5141106978779248
KHC,91.1000,92.4200,91.0300,91.4200,2.69 M,04/05/17,0.20000000000000284,0.21925016443762646
KHC,90.7000,91.2500,90.2700,91.2200,2.19 M,04/04/17,0.1599999999999966,0.17570832418185436
KHC,90.8000,91.2800,90.6300,91.0600,3.41 M,04/03/17,0.25,0.2753000770840216
KHC,90.8800,91.1900,90.5700,90.8100,2.21 M,03/31/17,-0.28999999999999204,-0.3183315038419232
KHC,91.4300,91.6700,91.0400,91.1000,1.14 M,03/30/17,-0.39000000000000057,-0.4262760957481698
KHC,91.2000,91.6000,91.0600,91.4900,1.46 M,03/29/17,0.0799999999999983,0.0875177770484611
KHC,90.7800,91.6650,90.7800,91.4100,2.22 M,03/28/17,0.1599999999999966,0.1753424657534209
KHC,91.5000,91.5900,91.0913,91.2500,1.70 M,03/27/17,-0.4300000000000068,-0.46902268760908244
KHC,92.2400,92.4000,91.3200,91.6800,1.70 M,03/24/17,-0.3299999999999983,-0.3586566677535032
KHC,92.0500,92.7800,91.9000,92.0100,1.83 M,03/23/17,-0.28000000000000114,-0.30339148336764665
KHC,92.2500,92.7500,92.0400,92.2900,1.54 M,03/22/17,0.39000000000000057,0.42437431991294944
KHC,92.3100,92.7800,91.5900,91.9000,2.37 M,03/21/17,-0.45999999999999375,-0.4980511043741812
KHC,92.0300,92.9500,91.8900,92.3600,2.06 M,03/20/17,0.37999999999999545,0.41313328984561365
KHC,93.6000,93.6700,91.8200,91.9800,5.66 M,03/17/17,-0.789999999999992,-0.8515683949552572
KHC,92.7400,93.2700,92.1600,92.7700,4.14 M,03/16/17,0.9299999999999926,1.0126306620208978
KHC,91.5900,92.1400,91.0900,91.8400,2.08 M,03/15/17,0.7800000000000011,0.8565780803865596
KHC,91.1600,91.3500,90.6700,91.0600,2.10 M,03/14/17,-0.12000000000000455,-0.13160780872998962
KHC,91.3700,91.5000,91.0200,91.1800,2.18 M,03/13/17,-0.3299999999999983,-0.36061632608457905
KHC,92.0800,92.0910,91.2600,91.5100,2.28 M,03/10/17,-0.01999999999999602,-0.02185075931388181
KHC,90.7700,91.5850,90.6200,91.5300,2.11 M,03/09/17,0.6299999999999955,0.693069306930688
KHC,90.6700,91.1700,90.4400,90.9000,2.03 M,03/08/17,0.10000000000000853,0.11013215859031776
KHC,90.8100,91.4400,90.7200,90.8000,1.49 M,03/07/17,-0.35999999999999943,-0.39491004826678305
KHC,91.0200,91.5100,90.7900,91.1600,2.04 M,03/06/17,-0.3400000000000034,-0.37158469945355566
KHC,91.2500,91.5000,90.8100,91.5000,1.65 M,03/03/17,0.21999999999999886,0.2410166520595956
KHC,91.5000,91.6900,90.7800,91.2800,2.55 M,03/02/17,-0.15000000000000568,-0.1640599365634974
KHC,91.7700,91.9100,90.6500,91.4300,2.86 M,03/01/17,-0.0799999999999983,-0.08742213965686624
KHC,90.6800,91.9800,90.3500,91.5100,4.27 M,02/28/17,0.9000000000000057,0.9932678512305548
KHC,92.6000,92.8700,90.3300,90.6100,6.09 M,02/27/17,-2.469999999999999,-2.6536312849162
KHC,93.5100,93.8000,92.5700,93.0800,2.67 M,02/24/17,0.14000000000000057,0.15063481816225582
KHC,93.2900,93.6200,92.3500,92.9400,2.90 M,02/23/17,-0.4200000000000017,-0.44987146529563166
KHC,94.8500,95.0000,92.9900,93.3600,5.00 M,02/22/17,-1.5100000000000051,-1.5916517339517287
KHC,91.8200,95.4800,91.3500,94.8700,14.42 M,02/21/17,-1.7800000000000011,-1.8416968442834982
KHC,92.0000,97.7700,91.8500,96.6500,30.01 M,02/17/17,9.370000000000005,10.735563703024752
KHC,89.1000,89.8400,86.3500,87.2800,10.58 M,02/16/17,-3.8149999999999977,-4.187935671551674
KHC,91.1300,91.3000,90.2600,91.0950,3.08 M,02/15/17,0.2849999999999966,0.31384208787578083
KHC,90.5700,91.0625,90.1000,90.8100,2.32 M,02/14/17,0.23000000000000398,0.25391918745860453
KHC,90.3100,90.6000,89.6950,90.5800,1.81 M,02/13/17,0.37999999999999545,0.42128603104212353
KHC,89.6000,90.5400,89.3400,90.2000,1.88 M,02/10/17,0.4200000000000017,0.4678102027177564
KHC,89.2700,90.3900,89.0400,89.7800,2.71 M,02/09/17,0.5900000000000034,0.6615091377957208
KHC,88.8100,89.3100,88.7900,89.1900,3.30 M,02/08/17,0.37999999999999545,0.4278797432721489
KHC,88.7100,89.0200,88.5000,88.8100,2.60 M,02/07/17,0.10999999999999943,0.1240135287485901
KHC,89.3000,89.4000,88.6400,88.7000,1.36 M,02/06/17,-0.5699999999999932,-0.6385123781785518
KHC,89.2100,89.3500,88.6400,89.2700,2.21 M,02/03/17,0.6599999999999966,0.7448369258548658
KHC,88.5100,89.1000,88.3200,88.6100,1.83 M,02/02/17,0.20000000000000284,0.22621875353467125
KHC,88.8900,89.3350,88.3075,88.4100,1.82 M,02/01/17,-0.8800000000000097,-0.9855526934707242
KHC,88.9000,89.5600,88.8350,89.2900,2.65 M,01/31/17,0.21000000000000796,0.2357431522227301
KHC,89.0900,89.5000,88.6300,89.0800,2.23 M,01/30/17,-0.3500000000000085,-0.39136755003914625
KHC,88.9600,89.7700,88.7800,89.4300,1.84 M,01/27/17,0.020000000000010232,0.022368862543351117
KHC,89.4900,89.9000,88.7150,89.4100,3.09 M,01/26/17,0.5699999999999932,0.641602881584864
KHC,88.9300,89.2700,88.4100,88.8400,2.27 M,01/25/17,0.15000000000000568,0.16912842485060964
KHC,88.9100,89.1900,88.3200,88.6900,2.17 M,01/24/17,-0.10999999999999943,-0.12387387387387323
KHC,88.6600,88.9500,88.2000,88.8000,2.65 M,01/23/17,-0.15000000000000568,-0.16863406408095075
KHC,88.3500,89.0000,88.0100,88.9500,2.80 M,01/20/17,1.1000000000000085,1.2521343198634134
KHC,88.1800,88.4300,87.5500,87.8500,1.69 M,01/19/17,-0.5,-0.5659309564233164
KHC,87.8000,88.5900,87.8000,88.3500,2.88 M,01/18/17,0.4299999999999926,0.48908098271154754
KHC,86.7100,87.9750,86.7100,87.9200,2.30 M,01/17/17,0.8900000000000006,1.0226358726875797
KHC,87.4200,87.4300,86.5775,87.0300,1.80 M,01/13/17,-0.39000000000000057,-0.446122168840083
KHC,86.8300,87.7700,86.5000,87.4200,2.48 M,01/12/17,0.6599999999999966,0.760719225449512
KHC,86.1200,87.0400,86.0400,86.7600,2.75 M,01/11/17,0.8500000000000085,0.9894075194971581
KHC,85.8500,86.3000,85.4100,85.9100,2.54 M,01/10/17,-0.1599999999999966,-0.18589520158010528
KHC,86.2500,86.4750,85.5900,86.0700,2.48 M,01/09/17,-0.2400000000000091,-0.2780674313521134
KHC,86.5300,86.6298,85.8300,86.3100,2.45 M,01/06/17,-0.21999999999999886,-0.25424708193689916
KHC,86.9000,87.3000,86.0800,86.5300,3.04 M,01/05/17,-0.5,-0.574514535217741
KHC,87.5200,87.9700,86.9000,87.0300,2.27 M,01/04/17,-0.5,-0.5712327202102137
KHC,87.8500,87.9700,86.4000,87.5300,3.10 M,01/03/17,0.21000000000000796,0.2404947320201649
KHC,88.0200,88.1600,87.0700,87.3200,2.05 M,12/30/16,-0.6100000000000136,-0.6937336517684677
KHC,87.3000,88.1500,87.3000,87.9300,1.84 M,12/29/16,0.6200000000000045,0.7101133890734217
KHC,87.5000,87.7700,87.0300,87.3100,1.38 M,12/28/16,-0.269999999999996,-0.3082895638273533
KHC,87.6600,88.0800,87.3000,87.5800,1.99 M,12/27/16,0.010000000000005116,0.011419435879873378
KHC,87.1000,87.6200,86.9600,87.5700,2.49 M,12/23/16,0.28999999999999204,0.33226397800182406
KHC,86.4500,87.2900,86.3000,87.2800,1.97 M,12/22/16,0.6700000000000017,0.7735827271677655
KHC,85.9300,86.9900,85.8000,86.6100,2.20 M,12/21/16,0.6299999999999955,0.7327285415212786
KHC,86.2800,86.6000,85.3300,85.9800,2.67 M,12/20/16,-0.6199999999999903,-0.7159353348729681
KHC,86.3500,86.8900,85.7200,86.6000,3.37 M,12/19/16,0.14000000000000057,0.1619245894055061
KHC,85.8800,86.5600,84.8600,86.4600,6.04 M,12/16/16,1.0899999999999892,1.276795127093814
KHC,85.1300,86.0600,84.1300,85.3700,4.41 M,12/15/16,1.0100000000000051,1.1972498814604138
KHC,84.9800,85.4000,83.7200,84.3600,3.35 M,12/14/16,-0.5799999999999983,-0.6828349423122184
KHC,84.6000,85.6000,84.0300,84.9400,3.64 M,12/13/16,0.7399999999999949,0.8788598574821792
KHC,83.6000,84.8300,83.2900,84.2000,2.54 M,12/12/16,0.4200000000000017,0.5013129625208901
KHC,82.5500,83.7925,82.0700,83.7800,2.38 M,12/09/16,1.4699999999999989,1.785931235572833
KHC,82.5900,82.7900,81.8600,82.3100,2.50 M,12/08/16,-0.6400000000000006,-0.7715491259795064
KHC,80.4400,83.2100,80.2700,82.9500,4.87 M,12/07/16,2.990000000000009,3.739369684842433
KHC,80.6100,80.8780,79.6900,79.9600,3.57 M,12/06/16,-0.3200000000000074,-0.3986048829098248
KHC,80.9100,81.1500,80.1150,80.2800,4.42 M,12/05/16,-0.6299999999999955,-0.7786429365962124
KHC,80.7400,81.5200,80.3500,80.9100,2.78 M,12/02/16,0.4200000000000017,0.5218039508013439
KHC,81.5100,81.7800,79.9300,80.4900,4.04 M,12/01/16,-1.1600000000000108,-1.4206981016534117
KHC,83.1000,83.5100,81.6500,81.6500,3.31 M,11/30/16,-2.3499999999999943,-2.797619047619041
KHC,83.4000,84.5000,83.1300,84.0000,3.74 M,11/29/16,0.7800000000000011,0.9372746935832746
KHC,82.9500,83.6700,82.3600,83.2200,2.64 M,11/28/16,0.269999999999996,0.32549728752259915
KHC,82.6300,83.2900,82.6300,82.9500,1.23 M,11/25/16,0.5100000000000051,0.6186317321688563
KHC,83.8000,84.3100,81.7300,82.4400,3.46 M,11/23/16,-1.6500000000000057,-1.9621833749554116
KHC,83.8600,84.4698,83.7000,84.0900,2.65 M,11/22/16,0.45000000000000284,0.5380200860832172
KHC,82.5300,83.8200,82.2050,83.6400,2.51 M,11/21/16,1.1099999999999994,1.344965467102871
KHC,82.7000,82.9300,82.0200,82.5300,2.72 M,11/18/16,-0.3100000000000023,-0.3742153549010167
KHC,82.3100,82.8400,81.5000,82.8400,3.16 M,11/17/16,0.4399999999999977,0.533980582524269
KHC,81.3800,82.7500,81.2900,82.4000,3.33 M,11/16/16,1.2600000000000051,1.552871579985217
KHC,80.5700,81.7200,80.2200,81.1400,5.72 M,11/15/16,1.0600000000000023,1.3236763236763265
KHC,81.0100,81.6300,79.9200,80.0800,4.46 M,11/14/16,-1.1299999999999955,-1.3914542544021617
KHC,81.0000,81.7400,80.1600,81.2100,4.15 M,11/11/16,-0.21000000000000796,-0.2579218865143797
KHC,85.0300,85.5300,80.5600,81.4200,7.64 M,11/10/16,-3.519999999999996,-4.144101718860368
KHC,86.1800,86.9700,84.1800,84.9400,5.10 M,11/09/16,-3.4000000000000057,-3.8487661308580545
KHC,86.2300,88.8400,86.0700,88.3400,2.79 M,11/08/16,2.3100000000000023,2.685109845402769
KHC,85.3200,86.0900,84.3000,86.0300,4.10 M,11/07/16,1.980000000000004,2.355740630577042
KHC,82.0300,85.2400,81.0000,84.0500,7.83 M,11/04/16,-2.200000000000003,-2.5507246376811628
KHC,88.1200,88.3700,86.1300,86.2500,5.04 M,11/03/16,-1.9000000000000057,-2.1554169030062456
KHC,88.6300,88.6900,87.9800,88.1500,1.92 M,11/02/16,-0.21999999999999886,-0.24895326468258328
KHC,89.0000,89.1800,88.1100,88.3700,2.54 M,11/01/16,-0.5799999999999983,-0.6520517144463163
KHC,88.4400,89.1600,88.3100,88.9500,3.58 M,10/31/16,0.8700000000000045,0.9877384196185338
KHC,87.4800,88.6700,87.4800,88.0800,1.77 M,10/28/16,0.39000000000000057,0.4447485460143695
KHC,88.1700,88.3699,87.1810,87.6900,2.13 M,10/27/16,-0.39000000000000057,-0.44277929155313417
KHC,88.5100,88.7000,87.9100,88.0800,1.51 M,10/26/16,-0.28000000000000114,-0.3168854685378012
KHC,89.2300,89.6800,88.1700,88.3600,3.22 M,10/25/16,-0.5499999999999972,-0.6186030817680769
KHC,88.6100,89.2200,88.5110,88.9100,1.74 M,10/24/16,0.9899999999999949,1.1260236578707858
KHC,87.6500,88.1800,86.9797,87.9200,2.09 M,10/21/16,-0.03999999999999204,-0.04547521600726699
KHC,87.2200,88.7600,87.2200,87.9600,2.66 M,10/20/16,-0.12000000000000455,-0.13623978201635395
KHC,88.9300,88.9500,87.5500,88.0800,2.72 M,10/19/16,-0.8500000000000085,-0.9558079388283014
KHC,90.0900,90.1500,88.9000,88.9300,2.74 M,10/18/16,0.10000000000000853,0.11257458065969664
KHC,88.7200,89.0000,88.0300,88.8300,2.21 M,10/17/16,0.29999999999999716,0.3388681802778687
KHC,87.3400,88.7000,87.0600,88.5300,2.39 M,10/14/16,1.480000000000004,1.7001723147616359
KHC,86.7900,87.3200,86.5000,87.0500,2.86 M,10/13/16,-0.09000000000000341,-0.10328207482212923
KHC,88.4600,88.4600,87.0000,87.1400,3.07 M,10/12/16,-0.09999999999999432,-0.11462631820265282
KHC,88.2400,88.4999,87.0600,87.2400,2.51 M,10/11/16,-1.2600000000000051,-1.4237288135593278
KHC,87.4400,88.6700,87.4400,88.5000,2.01 M,10/10/16,1.0999999999999943,1.258581235697934
KHC,87.7600,87.7600,86.7000,87.4000,1.72 M,10/07/16,-0.0899999999999892,-0.10286889930276512
KHC,87.0300,87.6600,86.7800,87.4900,1.17 M,10/06/16,0.10999999999999943,0.12588693064774484
KHC,88.3200,88.3200,87.3400,87.3800,1.91 M,10/05/16,-0.6400000000000006,-0.7271074755737339
KHC,89.2900,89.2900,87.6900,88.0200,1.94 M,10/04/16,-1.0600000000000023,-1.1899416255051665
KHC,89.2500,89.4600,88.7500,89.0800,1.86 M,10/03/16,-0.4300000000000068,-0.4803932521506053
KHC,89.0000,89.9100,88.8500,89.5100,2.50 M,09/30/16,0.9400000000000119,1.0613074404426013
KHC,89.2300,89.4300,88.4100,88.5700,1.41 M,09/29/16,-0.980000000000004,-1.0943606923506466
KHC,89.5800,89.6200,88.8100,89.5500,1.63 M,09/28/16,0.3199999999999932,0.3586237812394858
KHC,88.7600,89.4900,88.5200,89.2300,1.53 M,09/27/16,0.7000000000000028,0.790692420648371
KHC,88.7800,88.9800,88.0600,88.5300,1.49 M,09/26/16,-0.29999999999999716,-0.3377237419790579
KHC,89.1900,89.5000,88.6700,88.8300,1.47 M,09/23/16,-0.21999999999999886,-0.24705221785513629
KHC,88.6300,89.1600,88.3400,89.0500,1.52 M,09/22/16,1.1400000000000006,1.296780798543966
KHC,87.2600,88.1600,86.7600,87.9100,2.59 M,09/21/16,0.789999999999992,0.906795224977034
KHC,87.4800,87.7200,87.1000,87.1200,3.02 M,09/20/16,0.15000000000000568,0.17247326664367676
KHC,88.8800,89.0000,86.9000,86.9700,4.03 M,09/19/16,-1.9699999999999989,-2.2149763885765674
KHC,88.8300,89.1300,87.6500,88.9400,4.48 M,09/16/16,-0.23000000000000398,-0.25793428283055286
KHC,87.3600,89.2600,87.3200,89.1700,1.97 M,09/15/16,1.4899999999999949,1.6993613138686072
KHC,88.1300,88.8200,87.3800,87.6800,1.91 M,09/14/16,-0.5899999999999892,-0.6684037611872541
KHC,89.2700,89.2700,87.4500,88.2700,2.58 M,09/13/16,-0.29000000000000625,-0.32746160794941986
KHC,85.5800,88.7000,85.3500,88.5600,3.01 M,09/12/16,2.5900000000000034,3.012678841456326
KHC,88.2400,88.3697,85.9500,85.9700,3.84 M,09/09/16,-3.219999999999999,-3.6102702096647596
KHC,89.7000,89.7900,88.7100,89.1900,2.19 M,09/08/16,-0.6000000000000085,-0.6682258603408047
KHC,89.2300,89.8100,88.9600,89.7900,3.34 M,09/07/16,0.05000000000001137,0.05571651437487338
KHC,89.6900,90.1800,89.1347,89.7400,1.79 M,09/06/16,0.12999999999999545,0.14507309452069575
KHC,89.9000,90.5400,89.1100,89.6100,2.06 M,09/02/16,0.12999999999999545,0.14528386231559617
KHC,89.5700,89.7100,88.5400,89.4800,2.22 M,09/01/16,-0.009999999999990905,-0.011174432897520287
KHC,88.1100,89.8200,88.1100,89.4900,2.70 M,08/31/16,1.519999999999996,1.7278617710583108
KHC,88.6300,88.8250,87.7700,87.9700,1.84 M,08/30/16,-0.5999999999999943,-0.6774302811335603
KHC,88.3500,88.8100,88.1300,88.5700,1.69 M,08/29/16,0.3999999999999915,0.4536690484291612
KHC,89.0400,89.4500,87.9200,88.1700,1.86 M,08/26/16,-0.730000000000004,-0.8211473565804319
KHC,88.9900,89.9400,88.6934,88.9000,1.83 M,08/25/16,-0.04999999999999716,-0.05621135469364492
KHC,88.8400,88.9900,88.0300,88.9500,2.58 M,08/24/16,-0.519999999999996,-0.5812004023695049
KHC,90.2500,90.4800,89.3472,89.4700,2.02 M,08/23/16,-0.5,-0.5557408024897188
KHC,89.8800,90.3900,89.5200,89.9700,2.09 M,08/22/16,0.04999999999999716,0.05560498220640253
KHC,89.6000,90.2000,89.3500,89.9200,1.69 M,08/19/16,0.1599999999999966,0.17825311942958622
KHC,89.3000,89.8600,89.0998,89.7600,1.82 M,08/18/16,0.3500000000000085,0.3914550945084538
KHC,89.0500,89.4700,88.2400,89.4100,1.83 M,08/17/16,0.45000000000000284,0.5058453237410104
KHC,89.0300,89.1700,88.2550,88.9600,2.26 M,08/16/16,-0.12000000000000455,-0.1347103726987029
KHC,89.7100,89.8900,88.8500,89.0800,1.66 M,08/15/16,-0.480000000000004,-0.5359535506922778
KHC,89.2300,90.4700,89.2300,89.5600,1.54 M,08/12/16,0.12000000000000455,0.13416815742397648
KHC,89.7100,90.4300,89.2900,89.4400,2.59 M,08/11/16,0.09000000000000341,0.10072747621712749
KHC,89.7700,89.9500,88.9700,89.3500,1.42 M,08/10/16,-0.4300000000000068,-0.47894854087770866
KHC,88.9300,89.9900,88.7350,89.7800,2.28 M,08/09/16,1.0300000000000011,1.1605633802816915
KHC,88.7100,88.7900,87.5900,88.7500,2.43 M,08/08/16,-0.04000000000000625,-0.04505011825656746
KHC,89.8500,90.4900,88.5000,88.7900,5.11 M,08/05/16,3.25,3.7993920972644375
KHC,85.1300,85.6400,84.6800,85.5400,3.22 M,08/04/16,0.6400000000000006,0.753828032979977
KHC,85.3100,85.4759,84.2500,84.9000,2.49 M,08/03/16,-0.25,-0.2935995302407516
KHC,85.7500,85.7500,84.6400,85.1500,2.83 M,08/02/16,-0.8199999999999932,-0.9538211003838469
KHC,86.3000,86.5800,85.5200,85.9700,2.78 M,08/01/16,-0.4200000000000017,-0.4861673804838543
KHC,86.2300,86.6300,85.8601,86.3900,1.78 M,07/29/16,0.4300000000000068,0.5002326663564528
KHC,85.6800,86.2100,85.2400,85.9600,2.19 M,07/28/16,0.3299999999999983,0.38537895597337185
KHC,87.3800,87.4600,85.2000,85.6300,3.93 M,07/27/16,-1.4300000000000068,-1.6425453710085076
KHC,88.5400,88.7900,87.0400,87.0600,1.55 M,07/26/16,-1.3499999999999943,-1.5269765863590028
KHC,88.1600,88.4300,87.8300,88.4100,1.45 M,07/25/16,0.25,0.2835753176043557
KHC,88.0200,88.4900,87.8150,88.1600,2.02 M,07/22/16,0.519999999999996,0.5933363760839754
KHC,88.1000,88.1900,87.3265,87.6400,2.08 M,07/21/16,-0.5300000000000011,-0.6011114891686528
KHC,88.8700,88.9500,87.9400,88.1700,2.23 M,07/20/16,-0.7999999999999972,-0.8991794987074263
KHC,88.8400,89.1100,88.2600,88.9700,1.75 M,07/19/16,-0.12999999999999545,-0.14590347923680747
KHC,89.0800,89.3000,88.5400,89.1000,1.77 M,07/18/16,0.23999999999999488,0.27008777852801585
KHC,88.9000,89.2199,88.1300,88.8600,2.31 M,07/15/16,0.519999999999996,0.5886348200135794
KHC,89.1400,89.2470,87.8600,88.3400,3.46 M,07/14/16,-0.6799999999999926,-0.7638732869018116
KHC,87.8300,89.0800,87.6300,89.0200,2.70 M,07/13/16,1.2199999999999989,1.389521640091115
KHC,89.4900,89.7200,87.6300,87.8000,4.36 M,07/12/16,-2.0400000000000063,-2.2707034728406126
KHC,89.9300,90.1500,89.3100,89.8400,2.86 M,07/11/16,-0.009999999999990905,-0.011129660545343246
KHC,89.9300,90.2600,89.1300,89.8500,3.70 M,07/08/16,0.539999999999992,0.6046355391333468
KHC,89.5700,89.8200,88.8100,89.3100,2.53 M,07/07/16,-0.4299999999999926,-0.4791620236237939
KHC,88.6500,89.7650,88.2500,89.7400,3.33 M,07/06/16,1.0,1.126887536623845
KHC,88.1900,89.4900,87.5000,88.7400,3.32 M,07/05/16,0.5,0.5666364460562103
KHC,88.5800,89.4000,88.1500,88.2400,2.55 M,07/01/16,-0.2400000000000091,-0.27124773960218024
KHC,86.3900,88.6300,86.1700,88.4800,5.57 M,06/30/16,2.3800000000000097,2.7642276422764342
KHC,85.0300,86.3300,84.7000,86.1000,3.35 M,06/29/16,1.3299999999999983,1.568951279933937
KHC,83.8770,84.7900,83.0000,84.7700,3.57 M,06/28/16,1.1400000000000006,1.3631471959823038
KHC,83.2300,83.8500,82.5000,83.6300,3.58 M,06/27/16,-0.10000000000000853,-0.11943150603130123
KHC,83.7000,85.1000,83.4200,83.7300,11.94 M,06/24/16,-2.6400000000000006,-3.056616880861411
KHC,85.9400,86.3880,85.4250,86.3700,2.45 M,06/23/16,1.1600000000000108,1.3613425654266058
KHC,85.9400,85.9900,85.0800,85.2100,1.96 M,06/22/16,-0.480000000000004,-0.5601587116349679
KHC,85.5400,86.4400,85.4900,85.6900,1.95 M,06/21/16,0.18999999999999773,0.22222222222221957
KHC,85.4900,86.5000,85.2375,85.5000,2.85 M,06/20/16,0.6800000000000068,0.8016977128035921
KHC,85.3400,85.3700,84.0200,84.8200,5.53 M,06/17/16,-0.46000000000000796,-0.5393996247654878
KHC,84.6800,85.3200,83.9800,85.2800,2.33 M,06/16/16,0.4399999999999977,0.518623290900516
KHC,85.0000,85.3900,84.3600,84.8400,2.97 M,06/15/16,-0.03999999999999204,-0.047125353440141425
KHC,84.9400,85.2900,84.3300,84.8800,2.64 M,06/14/16,-0.07000000000000739,-0.08240141259565319
KHC,85.2700,85.7500,84.6450,84.9500,2.79 M,06/13/16,-0.39000000000000057,-0.4569955472228739
KHC,85.6000,85.6000,84.7100,85.3400,2.12 M,06/10/16,-0.28000000000000114,-0.3270263957019401
KHC,84.9200,85.7300,84.7800,85.6200,2.10 M,06/09/16,0.4399999999999977,0.5165531814980016
KHC,85.0600,85.4200,84.3300,85.1800,1.76 M,06/08/16,0.4300000000000068,0.5073746312684446
KHC,85.1700,85.6800,84.6200,84.7500,2.45 M,06/07/16,-0.23999999999999488,-0.2823861630780032
KHC,85.5000,85.6000,84.6900,84.9900,2.55 M,06/06/16,-0.3100000000000023,-0.36342321219226525
KHC,85.0000,85.4200,84.7000,85.3000,3.03 M,06/03/16,0.519999999999996,0.6133522057088889
KHC,83.8800,84.7900,83.5500,84.7800,2.21 M,06/02/16,0.8299999999999983,0.988683740321618
KHC,83.0900,83.9900,83.0000,83.9500,1.96 M,06/01/16,0.7600000000000051,0.9135713427094665
KHC,84.1600,84.4400,82.6737,83.1900,3.94 M,05/31/16,-0.9099999999999966,-1.0820451843043954
KHC,83.6600,84.2600,83.5000,84.1000,1.27 M,05/27/16,0.28999999999999204,0.3460207612456652
KHC,84.0200,84.8200,83.7600,83.8100,2.42 M,05/26/16,-0.45999999999999375,-0.5458644832087265
KHC,83.5600,84.7800,83.1300,84.2700,2.70 M,05/25/16,0.04999999999999716,0.05936832106387694
KHC,83.1300,84.3750,82.7000,84.2200,2.39 M,05/24/16,1.4099999999999966,1.702692911484116
KHC,82.5100,83.2500,82.4200,82.8100,2.00 M,05/23/16,0.39000000000000057,0.4731861198738177
KHC,82.4000,82.8600,81.8200,82.4200,2.72 M,05/20/16,-0.5799999999999983,-0.6987951807228895
KHC,80.8500,83.0200,80.6100,83.0000,3.93 M,05/19/16,1.8199999999999932,2.2419315102241844
KHC,81.9500,82.2792,80.4601,81.1800,8.70 M,05/18/16,-0.9799999999999898,-1.1927945472249146
KHC,85.6900,86.0600,81.7700,82.1600,7.40 M,05/17/16,-3.710000000000008,-4.320484453243283
KHC,85.3300,86.2400,85.0400,85.8700,2.06 M,05/16/16,0.7400000000000091,0.8692587806883697
KHC,86.0300,86.4500,84.7200,85.1300,2.86 M,05/13/16,-1.210000000000008,-1.4014361825341763
KHC,85.4800,86.6600,85.1500,86.3400,2.43 M,05/12/16,1.1400000000000006,1.3380281690140852
KHC,85.9700,86.5400,85.1900,85.2000,2.82 M,05/11/16,-0.9399999999999977,-1.091246807522635
KHC,84.4400,86.2000,84.2300,86.1400,3.59 M,05/10/16,1.8799999999999955,2.2311891763588836
KHC,84.0000,84.7900,83.6400,84.2600,3.27 M,05/09/16,0.2600000000000051,0.30952380952381564
KHC,82.8300,84.0400,81.9400,84.0000,3.99 M,05/06/16,1.0300000000000011,1.2414125587561784
KHC,82.9600,84.1700,82.5000,82.9700,8.63 M,05/05/16,2.989999999999995,3.7384346086521565
KHC,78.4800,80.3000,78.2900,79.9800,4.69 M,05/04/16,1.2999999999999972,1.6522623284189082
KHC,79.0200,79.2900,78.2210,78.6800,2.51 M,05/03/16,-0.8399999999999892,-1.0563380281690005
KHC,78.0700,80.2500,78.0000,79.5200,3.70 M,05/02/16,1.4500000000000028,1.8573075445113398
KHC,77.6100,78.2850,77.1300,78.0700,3.21 M,04/29/16,-0.29000000000000625,-0.37008677896886966
KHC,78.5500,79.2300,78.0900,78.3600,1.96 M,04/28/16,-0.7399999999999949,-0.9355246523388052
KHC,79.2200,79.5000,77.9900,79.1000,2.25 M,04/27/16,0.3999999999999915,0.5082592121982102
KHC,78.7100,79.5500,78.5100,78.7000,2.32 M,04/26/16,-0.030000000000001137,-0.03810491553410534
KHC,77.8800,78.8400,77.5400,78.7300,2.32 M,04/25/16,0.6300000000000097,0.806658130601805
KHC,76.7000,78.1500,76.7000,78.1000,2.41 M,04/22/16,1.3599999999999994,1.7722178785509506
KHC,77.7900,77.9200,76.6408,76.7400,2.11 M,04/21/16,-1.1800000000000068,-1.5143737166324522
KHC,78.3400,78.6800,77.5000,77.9200,1.87 M,04/20/16,-0.37999999999999545,-0.4853128991059968
KHC,78.3400,78.8800,77.8600,78.3000,2.59 M,04/19/16,-0.04000000000000625,-0.051059484299216557
KHC,77.9200,78.3600,77.2700,78.3400,2.21 M,04/18/16,0.29000000000000625,0.3715566944266576
KHC,77.5600,78.2900,77.1300,78.0500,3.04 M,04/15/16,0.8799999999999955,1.1403395101723408
KHC,77.4000,77.8150,76.8900,77.1700,3.15 M,04/14/16,-0.23000000000000398,-0.2971576227390232
KHC,78.6800,78.7300,77.0900,77.4000,3.25 M,04/13/16,-0.9299999999999926,-1.1872845653006416
KHC,78.0000,78.6300,77.5400,78.3300,2.35 M,04/12/16,0.4200000000000017,0.5390835579514847
KHC,78.7300,79.0000,77.8500,77.9100,2.89 M,04/11/16,-0.5600000000000023,-0.7136485280999137
KHC,77.9700,78.6000,77.5400,78.4700,2.14 M,04/08/16,0.9699999999999989,1.251612903225805
KHC,78.0200,78.2900,77.0250,77.5000,3.22 M,04/07/16,-0.8599999999999994,-1.0974987238386924
KHC,78.4200,78.4200,77.5000,78.3600,2.42 M,04/06/16,0.3499999999999943,0.44866042815022983
KHC,78.4700,78.8500,77.8900,78.0100,2.68 M,04/05/16,-0.8399999999999892,-1.0653138871274437
KHC,78.9700,79.0900,78.3800,78.8500,3.50 M,04/04/16,-0.23000000000000398,-0.29084471421345975
KHC,78.5300,79.1600,78.1150,79.0800,3.42 M,04/01/16,0.519999999999996,0.6619144602851273
KHC,78.9500,78.9500,78.2800,78.5600,3.40 M,03/31/16,-0.3400000000000034,-0.4309252217997508
KHC,78.9200,79.0500,78.2700,78.9000,3.34 M,03/30/16,0.10000000000000853,0.1269035532995032
KHC,77.5800,78.8100,77.0300,78.8000,3.91 M,03/29/16,1.039999999999992,1.3374485596707715
KHC,76.6200,77.9300,76.0600,77.7600,3.58 M,03/28/16,1.3000000000000114,1.700235417211629
KHC,76.7700,77.2700,75.8585,76.4600,3.36 M,03/24/16,-0.3500000000000085,-0.4556698346569568
KHC,76.5700,77.0600,76.2100,76.8100,2.30 M,03/23/16,0.37000000000000455,0.48403976975406143
KHC,76.9900,77.0248,76.0300,76.4400,2.62 M,03/22/16,-0.15000000000000568,-0.19584802193498588
KHC,76.9700,77.5000,76.1700,76.5900,3.20 M,03/21/16,-0.7199999999999989,-0.9313154831199054
KHC,78.3800,78.3900,76.7700,77.3100,9.08 M,03/18/16,-0.7000000000000028,-0.8973208563004779
KHC,77.5800,78.1000,76.7400,78.0100,4.51 M,03/17/16,-0.01999999999999602,-0.02563116749967451
KHC,77.9800,78.1100,76.9500,78.0300,3.40 M,03/16/16,0.25,0.3214193880174852
KHC,77.4600,77.8200,76.8200,77.7800,2.92 M,03/15/16,0.21000000000000796,0.27072321773882685
KHC,76.8800,77.7699,76.1000,77.5700,2.28 M,03/14/16,0.6199999999999903,0.8057179987004423
KHC,77.2600,77.3500,76.4100,76.9500,2.34 M,03/11/16,0.730000000000004,0.9577538703752349
KHC,76.9800,77.1460,75.5500,76.2200,2.11 M,03/10/16,-0.4099999999999966,-0.5350384966723172
KHC,76.6700,77.0000,75.8000,76.6300,2.63 M,03/09/16,0.3399999999999892,0.4456678463756576
KHC,76.0100,77.1500,75.9400,76.2900,2.78 M,03/08/16,-0.20999999999999375,-0.27450980392156044
KHC,77.0100,77.3900,76.1400,76.5000,2.58 M,03/07/16,-0.7000000000000028,-0.9067357512953405
KHC,77.9100,77.9200,76.2600,77.2000,3.68 M,03/04/16,-0.1700000000000017,-0.2197234070053014
KHC,77.3000,77.5500,76.4600,77.3700,3.24 M,03/03/16,-0.11999999999999034,-0.15485869144404485
KHC,77.6100,77.8000,76.1200,77.4900,5.08 M,03/02/16,-0.1700000000000017,-0.21890291012104263
KHC,77.6600,77.9200,76.9200,77.6600,5.45 M,03/01/16,0.6400000000000006,0.8309529992209823
KHC,77.2800,78.0000,76.9300,77.0200,4.89 M,02/29/16,-0.8200000000000074,-1.0534429599177895
KHC,78.8000,78.9000,76.6500,77.8400,10.32 M,02/26/16,2.8800000000000097,3.8420490928495328
KHC,73.4100,74.9800,73.3300,74.9600,4.96 M,02/25/16,1.9699999999999989,2.6989998629949294
KHC,72.3300,73.3300,71.8250,72.9900,3.53 M,02/24/16,0.1700000000000017,0.233452348255976
KHC,73.1000,73.4900,72.5600,72.8200,2.81 M,02/23/16,-0.5100000000000051,-0.6954861584617552
KHC,74.3900,74.3900,72.2100,73.3300,2.92 M,02/22/16,-0.18999999999999773,-0.2584330794341645
KHC,72.9000,73.6932,72.8300,73.5200,4.33 M,02/19/16,0.06999999999999318,0.09530292716132495
KHC,74.0800,74.2900,73.3400,73.4500,2.76 M,02/18/16,-0.789999999999992,-1.064116379310334
KHC,73.0000,74.3900,72.5000,74.2400,3.63 M,02/17/16,1.9299999999999926,2.669063753284459
KHC,72.9000,73.0600,71.9200,72.3100,3.85 M,02/16/16,0.39000000000000057,0.5422691879866526
KHC,72.2000,72.4500,71.0200,71.9200,2.99 M,02/12/16,0.480000000000004,0.6718924972004535
KHC,70.9000,71.9600,70.1740,71.4400,3.04 M,02/11/16,-0.6700000000000017,-0.9291360421578169
KHC,72.0700,73.3000,71.7128,72.1100,2.52 M,02/10/16,0.5999999999999943,0.8390434904209122
KHC,70.6000,71.9600,70.0100,71.5100,4.62 M,02/09/16,0.29000000000000625,0.4071889918562289
KHC,72.0900,72.2000,70.1800,71.2200,4.70 M,02/08/16,-1.5600000000000023,-2.1434460016488077
KHC,74.2800,74.5600,72.1400,72.7800,9.35 M,02/05/16,-1.3700000000000045,-1.8476062036412737
KHC,75.0400,75.1998,72.9200,74.1500,7.08 M,02/04/16,-0.7399999999999949,-0.9881159033248696
KHC,76.3700,76.3700,73.8300,74.8900,6.24 M,02/03/16,-1.0799999999999983,-1.4216137949190448
KHC,75.9700,76.8000,75.7200,75.9700,5.63 M,02/02/16,-1.0400000000000063,-1.3504739644202133
KHC,77.3700,77.4800,75.6700,77.0100,3.56 M,02/01/16,-1.0499999999999972,-1.3451191391237474
KHC,76.9000,78.2200,76.4000,78.0600,4.51 M,01/29/16,1.9000000000000057,2.4947478991596714
KHC,76.2700,76.9900,75.4800,76.1600,3.54 M,01/28/16,0.18999999999999773,0.2500987231801997
KHC,75.8700,77.1500,75.1500,75.9700,5.35 M,01/27/16,-0.010000000000005116,-0.013161358252178356
KHC,73.3700,76.0000,73.3700,75.9800,3.85 M,01/26/16,1.9500000000000028,2.634067270025669
KHC,73.7000,74.6700,73.3401,74.0300,4.12 M,01/25/16,-0.35999999999999943,-0.4839360129049596
KHC,73.6000,74.5000,72.5100,74.3900,3.11 M,01/22/16,1.3400000000000034,1.8343600273785126
KHC,72.0000,73.3300,71.3262,73.0500,6.21 M,01/21/16,1.8799999999999955,2.641562456091043
KHC,69.2800,71.5800,68.7400,71.1700,4.61 M,01/20/16,1.0,1.4251104460595696
KHC,70.0100,70.5200,69.5500,70.1700,5.11 M,01/19/16,0.9699999999999989,1.401734104046241
KHC,68.9000,70.1500,68.1800,69.2000,6.55 M,01/15/16,-1.539999999999992,-2.1769861464517843
KHC,70.9600,71.5277,70.3040,70.7400,4.61 M,01/14/16,-0.07000000000000739,-0.09885609377207652
KHC,73.1900,73.4400,70.6400,70.8100,3.45 M,01/13/16,-2.4200000000000017,-3.3046565615185055
KHC,72.8500,73.3500,72.1316,73.2300,2.92 M,01/12/16,0.960000000000008,1.3283520132835311
KHC,71.3500,72.5300,70.7700,72.2700,3.33 M,01/11/16,1.0899999999999892,1.531329025007009
KHC,72.1900,72.4700,71.1000,71.1800,3.09 M,01/08/16,-0.7199999999999989,-1.001390820584143
KHC,72.0100,72.9900,71.8500,71.9000,4.05 M,01/07/16,-1.6299999999999955,-2.216782265741868
KHC,72.2000,73.6800,72.0300,73.5300,3.29 M,01/06/16,0.14000000000000057,0.19076168415315514
KHC,72.7400,73.5800,72.2800,73.3900,3.86 M,01/05/16,0.6899999999999977,0.9491059147180161
KHC,71.3800,72.8500,71.3500,72.7000,5.21 M,01/04/16,-0.060000000000002274,-0.08246289169873869
KHC,73.3700,73.5000,72.6300,72.7600,1.86 M,12/31/15,-0.9899999999999949,-1.3423728813559253
KHC,74.6500,74.9600,73.7100,73.7500,1.78 M,12/30/15,-0.9399999999999977,-1.258535279153833
KHC,73.6500,74.8600,73.4000,74.6900,4.35 M,12/29/15,1.269999999999996,1.7297739035685045
KHC,73.7100,73.7844,72.8900,73.4200,5.42 M,12/28/15,-0.539999999999992,-0.7301243915629964
KHC,74.8100,74.8100,73.8800,73.9600,1.96 M,12/24/15,-0.5500000000000114,-0.7381559522211936
KHC,73.3000,74.7800,72.9900,74.5100,4.19 M,12/23/15,1.5799999999999983,2.1664609899903993
KHC,71.6400,73.1900,71.3150,72.9300,5.05 M,12/22/15,1.5500000000000114,2.171476604090798
KHC,70.5200,71.6600,70.3700,71.3800,5.47 M,12/21/15,0.7099999999999937,1.0046695910570167
KHC,71.4200,71.9400,70.6300,70.6700,6.57 M,12/18/15,-1.25,-1.7380422691879867
KHC,72.9500,73.3000,71.9000,71.9200,2.40 M,12/17/15,-1.0900000000000034,-1.492946171757298
KHC,72.6100,73.2000,71.8900,73.0100,2.18 M,12/16/15,1.0,1.3886960144424385
KHC,71.7300,72.7500,71.6500,72.0100,4.17 M,12/15/15,1.0350000000000108,1.458259950686877
KHC,70.0700,71.0800,69.7700,70.9750,3.90 M,12/14/15,1.2849999999999966,1.843880040177926
KHC,70.0900,70.6900,69.3900,69.6900,3.76 M,12/11/15,-1.1500000000000057,-1.6233766233766314
KHC,70.8300,71.3350,70.5100,70.8400,2.73 M,12/10/15,-0.060000000000002274,-0.0846262341325843
KHC,71.1600,72.1700,70.5000,70.9000,3.94 M,12/09/15,-0.6299999999999955,-0.8807493359429546
KHC,71.0000,71.6548,70.5880,71.5300,4.52 M,12/08/15,0.09999999999999432,0.13999720005599092
KHC,71.9200,72.2045,70.8503,71.4300,3.32 M,12/07/15,-0.789999999999992,-1.0938798116865025
KHC,71.4000,72.7300,71.0700,72.2200,4.50 M,12/04/15,0.7600000000000051,1.0635320458998114
KHC,73.3000,73.6800,71.0900,71.4600,3.02 M,12/03/15,-1.5800000000000125,-2.1631982475356137
KHC,74.2100,74.6199,72.9201,73.0400,2.57 M,12/02/15,-1.4299999999999926,-1.9202363367799016
KHC,74.2300,75.0000,73.8000,74.4700,3.75 M,12/01/15,0.7800000000000011,1.0584882616365874
KHC,74.5200,74.8600,73.5000,73.6900,4.20 M,11/30/15,-0.9200000000000017,-1.2330786757807288
KHC,74.5700,75.0000,74.2200,74.6100,777321,11/27/15,-0.030000000000001137,-0.0401929260450176
KHC,74.4500,74.9200,73.8500,74.6400,2.38 M,11/25/15,0.1700000000000017,0.22827984423257916
KHC,73.7300,74.5100,73.6800,74.4700,2.86 M,11/24/15,0.4000000000000057,0.5400297016335975
KHC,74.0300,74.5400,73.8950,74.0700,2.71 M,11/23/15,0.4199999999999875,0.570264765784097
KHC,74.1700,75.5700,73.4000,73.6500,4.00 M,11/20/15,0.3100000000000023,0.42268884646850596
KHC,73.2500,73.7300,72.3400,73.3400,2.83 M,11/19/15,0.7550000000000097,1.0401598126334777
KHC,71.8400,73.0350,71.1700,72.5850,3.78 M,11/18/15,1.134999999999991,1.5885234429670971
KHC,72.1000,72.1300,70.6400,71.4500,4.25 M,11/17/15,-0.2049999999999983,-0.28609308492079866
KHC,71.0200,72.1100,70.9400,71.6550,2.40 M,11/16/15,0.8850000000000051,1.2505298855447295
KHC,70.6200,71.7100,70.5801,70.7700,3.01 M,11/13/15,-0.13000000000000966,-0.183356840620606
KHC,71.1800,71.3775,70.2500,70.9000,3.93 M,11/12/15,-1.2099999999999937,-1.6779919567327608
KHC,72.7000,72.8600,71.3600,72.1100,3.54 M,11/11/15,0.030000000000001137,0.04162042175360868
KHC,71.7500,72.2200,71.1506,72.0800,3.47 M,11/10/15,0.8400000000000034,1.1791128579449797
KHC,72.0000,72.6800,70.8500,71.2400,4.23 M,11/09/15,-0.7700000000000102,-1.0692959311206918
KHC,73.7500,74.5000,71.5800,72.0100,8.82 M,11/06/15,-3.4099999999999966,-4.521347122779099
KHC,76.2000,76.4989,74.7500,75.4200,3.35 M,11/05/15,-0.3999999999999915,-0.5275652862041565
KHC,76.3200,76.6683,75.2400,75.8200,2.63 M,11/04/15,-0.6100000000000136,-0.7981159230668763
KHC,77.8300,77.9999,75.8803,76.4300,4.49 M,11/03/15,-1.8399999999999892,-2.3508368468123026
KHC,78.4300,78.9300,77.7200,78.2700,1.54 M,11/02/15,0.29999999999999716,0.3847633705271222
KHC,78.3700,78.9900,77.8600,77.9700,2.05 M,10/30/15,-0.6800000000000068,-0.864589955499055
KHC,78.8400,78.9970,77.8490,78.6500,1.79 M,10/29/15,-0.5300000000000011,-0.6693609497347829
KHC,77.1500,79.2000,76.3400,79.1800,2.38 M,10/28/15,2.010000000000005,2.604639108461844
KHC,76.2100,77.4799,76.2100,77.1700,2.44 M,10/27/15,0.35999999999999943,0.46868897279000055
KHC,78.1800,78.1800,76.4800,76.8100,2.56 M,10/26/15,-1.1700000000000017,-1.5003847140292403
KHC,79.1500,79.8900,77.4300,77.9800,3.18 M,10/23/15,-1.9599999999999937,-2.4518388791593617
KHC,77.2200,79.9400,77.2200,79.9400,3.95 M,10/22/15,2.8900000000000006,3.750811161583388
KHC,77.0000,77.7400,76.6300,77.0500,2.37 M,10/21/15,0.1799999999999926,0.23416157148431455
KHC,76.2000,77.1599,76.1100,76.8700,1.92 M,10/20/15,0.07000000000000739,0.09114583333334296
KHC,76.8900,77.1999,76.2900,76.8000,1.95 M,10/19/15,-0.5900000000000034,-0.762372399534828
KHC,75.6800,78.0000,74.8700,77.3900,3.44 M,10/16/15,2.1700000000000017,2.8848710449348602
KHC,74.1500,75.2200,73.9220,75.2200,2.14 M,10/15/15,1.4500000000000028,1.9655686593466217
KHC,73.1200,74.3000,73.0000,73.7700,1.96 M,10/14/15,0.39000000000000057,0.5314799672935413
KHC,73.6100,73.9300,73.1800,73.3800,2.15 M,10/13/15,-0.3400000000000034,-0.46120455778622277
KHC,74.4100,74.4100,73.3100,73.7200,2.08 M,10/12/15,-0.6700000000000017,-0.900658690684234
KHC,74.4100,75.2200,73.9900,74.3900,2.94 M,10/09/15,-0.04000000000000625,-0.05374177079135597
KHC,73.1600,74.4700,72.7400,74.4300,2.24 M,10/08/15,1.2800000000000011,1.7498291182501724
KHC,72.7400,73.7400,72.4801,73.1500,2.33 M,10/07/15,0.6800000000000068,0.938319304539819
KHC,72.2900,73.0500,71.8900,72.4700,2.82 M,10/06/15,0.23000000000000398,0.31838316722038207
KHC,72.0000,73.2500,71.3496,72.2400,6.32 M,10/05/15,0.8299999999999983,1.1623021985716262
KHC,70.1900,71.4600,69.3700,71.4100,2.59 M,10/02/15,0.5799999999999983,0.8188620640971316
KHC,71.2700,71.9700,69.7701,70.8300,2.52 M,10/01/15,0.25,0.35420799093227545
KHC,69.6700,70.8000,69.4600,70.5800,3.13 M,09/30/15,1.3799999999999955,1.994219653179184
KHC,70.1600,70.9800,68.6500,69.2000,3.87 M,09/29/15,-0.789999999999992,-1.128732676096574
KHC,72.8100,73.2700,69.9900,69.9900,5.01 M,09/28/15,-3.3599999999999994,-4.580777096114519
KHC,73.8000,73.8500,72.7800,73.3500,3.52 M,09/25/15,0.4299999999999926,0.5896873285792548
KHC,73.0000,73.1400,71.7000,72.9200,4.42 M,09/24/15,-0.39000000000000057,-0.5319874505524492
KHC,74.1700,74.5980,73.2551,73.3100,3.71 M,09/23/15,-1.0,-1.3457139012245996
KHC,74.1500,74.8700,73.6600,74.3100,2.63 M,09/22/15,-0.8900000000000006,-1.183510638297873
KHC,75.6900,76.1900,74.9600,75.2000,3.26 M,09/21/15,-0.23999999999999488,-0.3181336161187631
KHC,75.5500,76.5000,75.0100,75.4400,7.23 M,09/18/15,-0.9900000000000091,-1.2953028915347495
KHC,76.5800,77.7599,76.0000,76.4300,3.14 M,09/17/15,0.060000000000002274,0.07856488149797337
KHC,75.2000,76.7100,74.3000,76.3700,2.30 M,09/16/15,0.980000000000004,1.2999071494893275
KHC,74.9400,75.5200,73.7550,75.3900,3.39 M,09/15/15,0.8400000000000034,1.1267605633802864
KHC,73.5000,74.7100,72.5550,74.5500,2.93 M,09/14/15,0.789999999999992,1.0710412147505315
KHC,72.2500,73.9300,71.6000,73.7600,2.15 M,09/11/15,1.6000000000000085,2.2172949002217415
KHC,72.1300,73.0500,71.7800,72.1600,3.62 M,09/10/15,-0.010000000000005116,-0.013856172925045193
KHC,74.4500,74.5000,71.9800,72.1700,2.94 M,09/09/15,-1.8999999999999915,-2.5651410827595407
KHC,71.8500,74.3300,70.8100,74.0700,4.45 M,09/08/15,3.5,4.959614567096501
KHC,71.1400,71.6900,70.1290,70.5700,3.00 M,09/04/15,-1.5900000000000034,-2.2034368070953487
KHC,72.5600,73.8900,71.7900,72.1600,2.60 M,09/03/15,0.09000000000000341,0.1248785902594747
KHC,70.8400,72.0700,70.3100,72.0700,2.99 M,09/02/15,1.9499999999999886,2.7809469480889737
KHC,71.2300,72.5400,69.6400,70.1200,4.67 M,09/01/15,-2.539999999999992,-3.495733553537011
KHC,74.2100,74.4300,72.5700,72.6600,2.69 M,08/31/15,-2.030000000000001,-2.7179006560449874
KHC,74.4000,75.1900,73.8200,74.6900,2.15 M,08/28/15,-0.4900000000000091,-0.6517690875232895
KHC,73.1700,75.2500,73.1200,75.1800,5.94 M,08/27/15,1.2700000000000102,1.7183060478961039
KHC,71.7200,74.1100,69.5300,73.9100,5.36 M,08/26/15,3.700000000000003,5.269904571998295
KHC,71.5400,72.4000,70.0000,70.2100,4.42 M,08/25/15,-0.6600000000000108,-0.9312826301679282
KHC,68.2400,72.2400,61.4200,70.8700,9.84 M,08/24/15,-1.3999999999999915,-1.9371800193717885
KHC,73.3100,74.2500,72.2600,72.2700,5.56 M,08/21/15,-1.980000000000004,-2.666666666666672
KHC,74.0200,74.7644,73.7800,74.2500,2.21 M,08/20/15,-0.5300000000000011,-0.7087456539181615
KHC,75.0000,75.2900,73.9200,74.7800,3.03 M,08/19/15,-0.4099999999999966,-0.5452852772975084
KHC,75.7200,75.9530,75.0600,75.1900,2.01 M,08/18/15,-0.6099999999999994,-0.8047493403693924
KHC,75.8600,76.4100,75.5100,75.8000,2.26 M,08/17/15,-0.6200000000000045,-0.8113059408531857
KHC,76.0700,76.7400,75.1170,76.4200,2.57 M,08/14/15,0.4300000000000068,0.5658639294644122
KHC,77.0100,77.0700,75.8000,75.9900,2.92 M,08/13/15,-0.7000000000000028,-0.9127656800104353
KHC,77.8300,78.3100,76.0900,76.6900,3.69 M,08/12/15,-1.2800000000000011,-1.641657047582405
KHC,77.6300,80.4800,77.0700,77.9700,3.89 M,08/11/15,-0.8400000000000034,-1.0658545869813518
KHC,79.4300,79.8000,78.5700,78.8100,3.25 M,08/10/15,0.3500000000000085,0.44608717817997523
KHC,79.1400,79.3800,77.2900,78.4600,3.27 M,08/07/15,-1.3000000000000114,-1.6298896690070352
KHC,81.0500,81.1900,79.5100,79.7600,3.71 M,08/06/15,-0.7199999999999989,-0.8946322067594419
KHC,80.0100,81.0000,79.8500,80.4800,4.32 M,08/05/15,0.6700000000000017,0.8394937977697051
KHC,80.5700,81.0000,79.6700,79.8100,2.43 M,08/04/15,-0.5600000000000023,-0.696777404504171
KHC,80.0000,81.0300,79.9100,80.3700,2.68 M,08/03/15,0.9000000000000057,1.1325028312570853
KHC,79.9400,79.9400,78.8650,79.4700,2.69 M,07/31/15,0.2600000000000051,0.3282413836636853
KHC,78.2100,79.6900,77.6000,79.2100,3.25 M,07/30/15,1.2999999999999972,1.6685919650879184
KHC,78.2600,78.2999,77.0000,77.9100,2.28 M,07/29/15,-0.4099999999999966,-0.5234933605720079
KHC,78.4400,78.6500,77.5000,78.3200,1.90 M,07/28/15,0.9399999999999977,1.2147841819591596
KHC,76.6300,77.9800,76.2900,77.3800,5.77 M,07/27/15,0.9699999999999989,1.2694673472058617
KHC,76.9200,77.4300,75.9500,76.4100,3.12 M,07/24/15,-0.3299999999999983,-0.43002345582486096
KHC,78.4200,78.5700,76.6400,76.7400,2.98 M,07/23/15,-1.9000000000000057,-2.4160732451678606
KHC,80.8300,80.9000,78.5800,78.6400,5.20 M,07/22/15,-1.5799999999999983,-1.969583644976313
KHC,79.9700,80.6800,79.4000,80.2200,6.12 M,07/21/15,0.10999999999999943,0.13731119710398132
KHC,79.9500,81.2000,79.1300,80.1100,10.28 M,07/20/15,0.480000000000004,0.6027878940098004
KHC,79.4300,79.6900,77.2600,79.6300,6.10 M,07/17/15,0.8799999999999955,1.1174603174603117
KHC,76.9700,78.8400,76.9501,78.7500,5.63 M,07/16/15,2.0400000000000063,2.6593664450528047
KHC,77.6500,78.1700,76.4000,76.7100,6.33 M,07/15/15,-1.2900000000000063,-1.653846153846162
KHC,79.4500,79.5000,77.6500,78.0000,18.75 M,07/14/15,-0.8299999999999983,-1.0528986426487357
KHC,79.5000,79.7000,77.9100,78.8300,9.08 M,07/13/15,1.519999999999996,1.9661104643642426
KHC,75.0500,77.8000,75.0000,77.3100,4.98 M,07/10/15,2.510000000000005,3.355614973262039
KHC,76.4700,77.0660,74.5000,74.8000,4.27 M,07/09/15,-0.6000000000000085,-0.7957559681697726
KHC,74.3000,75.5000,74.0400,75.4000,4.28 M,07/08/15,0.7700000000000102,1.0317566662200326
KHC,73.7300,74.7100,72.9600,74.6300,5.79 M,07/07/15,1.6700000000000017,2.2889254385964937