NIHD,2.7500,2.8100,2.6000,2.6800,584385,04/26/18,-0.07999999999999963,-2.898550724637668
NIHD,2.7300,2.8300,2.6600,2.7600,626681,04/25/18,0.019999999999999574,0.7299270072992544
NIHD,2.8000,2.8500,2.6200,2.7400,666197,04/24/18,-0.009999999999999787,-0.3636363636363559
NIHD,2.8800,2.9550,2.6800,2.7500,1.22 M,04/23/18,-0.1299999999999999,-4.513888888888886
NIHD,2.8100,2.9600,2.7700,2.8800,1.01 M,04/20/18,0.06000000000000005,2.1276595744680873
NIHD,2.9000,3.0500,2.7900,2.8200,1.12 M,04/19/18,-0.07000000000000028,-2.4221453287197328
NIHD,2.7200,2.9800,2.6500,2.8900,1.82 M,04/18/18,0.16999999999999993,6.249999999999997
NIHD,2.5500,2.8400,2.4800,2.7200,1.66 M,04/17/18,0.18000000000000016,7.086614173228352
NIHD,2.5500,2.6200,2.4600,2.5400,423702,04/16/18,-0.020000000000000018,-0.7812500000000007
NIHD,2.5900,2.6300,2.5400,2.5600,404624,04/13/18,-0.020000000000000018,-0.7751937984496131
NIHD,2.5400,2.6600,2.5300,2.5800,646836,04/12/18,0.06000000000000005,2.380952380952383
NIHD,2.4600,2.5500,2.4010,2.5200,519329,04/11/18,0.04999999999999982,2.024291497975701
NIHD,2.5000,2.5900,2.3600,2.4700,846091,04/10/18,0.010000000000000231,0.4065040650406598
NIHD,2.4500,2.7490,2.4100,2.4600,2.10 M,04/09/18,0.040000000000000036,1.6528925619834727
NIHD,2.2300,2.6092,2.2000,2.4200,3.36 M,04/06/18,0.1499999999999999,6.6079295154184985
NIHD,2.1600,2.3000,2.1400,2.2700,3.23 M,04/05/18,0.1200000000000001,5.581395348837215
NIHD,1.9600,2.2800,1.9600,2.1500,2.38 M,04/04/18,0.14000000000000012,6.96517412935324
NIHD,1.9700,2.1500,1.9700,2.0100,839822,04/03/18,-0.03000000000000025,-1.4705882352941297
NIHD,2.0900,2.2300,1.9200,2.0400,1.51 M,04/02/18,-0.06999999999999984,-3.317535545023689
NIHD,1.9000,2.2300,1.8600,2.1100,1.69 M,03/29/18,0.17999999999999994,9.326424870466317
NIHD,2.1000,2.1900,1.7900,1.9300,1.60 M,03/28/18,-0.17999999999999994,-8.530805687203788
NIHD,2.1800,2.2700,2.0900,2.1100,700042,03/27/18,-0.07000000000000028,-3.2110091743119393
NIHD,2.2300,2.3500,2.0900,2.1800,1.06 M,03/26/18,-0.020000000000000018,-0.9090909090909098
NIHD,2.1500,2.3500,2.1500,2.2000,1.25 M,03/23/18,0.050000000000000266,2.32558139534885
NIHD,1.9600,2.2200,1.9500,2.1500,1.42 M,03/22/18,0.16999999999999993,8.585858585858583
NIHD,1.9700,2.2800,1.9500,1.9800,3.61 M,03/21/18,0.030000000000000027,1.5384615384615399
NIHD,1.7500,1.9900,1.6900,1.9500,4.92 M,03/20/18,0.19999999999999996,11.428571428571427
NIHD,1.8200,1.8200,1.6700,1.7500,674305,03/19/18,-0.08000000000000007,-4.371584699453556
NIHD,1.7700,1.8600,1.7510,1.8300,1.09 M,03/16/18,0.08000000000000007,4.571428571428576
NIHD,1.6900,1.7600,1.6607,1.7500,669819,03/15/18,0.06000000000000005,3.550295857988169
NIHD,1.7200,1.7500,1.5300,1.6900,1.04 M,03/14/18,-0.020000000000000018,-1.1695906432748548
NIHD,1.8500,1.9600,1.6800,1.7100,1.48 M,03/13/18,-0.1100000000000001,-6.04395604395605
NIHD,1.7200,1.9000,1.6000,1.8200,2.32 M,03/12/18,0.1100000000000001,6.432748538011702
NIHD,1.4200,1.8800,1.3800,1.7100,7.55 M,03/09/18,0.29000000000000004,20.422535211267608
NIHD,1.3800,1.4400,1.3490,1.4200,2.11 M,03/08/18,0.0,0.0
NIHD,1.3300,1.4800,1.3100,1.4200,1.52 M,03/07/18,0.05999999999999983,4.41176470588234
NIHD,1.4000,1.4400,1.3200,1.3600,1.89 M,03/06/18,-0.10999999999999988,-7.482993197278903
NIHD,1.2900,1.5300,1.2800,1.4700,4.98 M,03/05/18,0.18999999999999995,14.843749999999995
NIHD,1.2100,1.3800,1.2000,1.2800,1.93 M,03/02/18,0.030000000000000027,2.400000000000002
NIHD,1.2100,1.3700,1.1150,1.2500,2.66 M,03/01/18,-0.040000000000000036,-3.1007751937984525
NIHD,1.5000,1.5600,1.2200,1.2900,12.38 M,02/28/18,0.06000000000000005,4.878048780487809
NIHD,1.1100,1.2900,1.0700,1.2300,4.09 M,02/27/18,0.07000000000000006,6.034482758620696
NIHD,1.0500,1.2500,0.9000,1.1600,9.36 M,02/26/18,0.1299999999999999,12.62135922330096
NIHD,0.5910,1.0800,0.5629,1.0300,15.73 M,02/23/18,0.43100000000000005,71.95325542570953
NIHD,0.6060,0.6282,0.5853,0.5990,102332,02/22/18,-0.0010000000000000009,-0.16666666666666682
NIHD,0.6083,0.6300,0.5811,0.6000,155580,02/21/18,-0.0050000000000000044,-0.8264462809917363
NIHD,0.5723,0.6270,0.5504,0.6050,265042,02/20/18,0.03210000000000002,5.603072089369876
NIHD,0.5999,0.5999,0.5600,0.5729,95624,02/16/18,-0.011300000000000088,-1.934269085929491
NIHD,0.6087,0.6298,0.5805,0.5842,56751,02/15/18,-0.023499999999999965,-3.867039657725846
NIHD,0.5859,0.6346,0.5681,0.6077,232811,02/14/18,0.03749999999999998,6.576639775517358
NIHD,0.5612,0.5999,0.5612,0.5702,244664,02/13/18,0.009000000000000008,1.603706343549538
NIHD,0.5338,0.5855,0.5200,0.5612,150121,02/12/18,0.031200000000000006,5.886792452830189
NIHD,0.5212,0.5600,0.5212,0.5300,108355,02/09/18,0.0,0.0
NIHD,0.5398,0.5780,0.5215,0.5300,281623,02/08/18,-0.020000000000000018,-3.6363636363636394
NIHD,0.5456,0.5700,0.5301,0.5500,139517,02/07/18,0.0,0.0
NIHD,0.5000,0.5501,0.5000,0.5500,329141,02/06/18,0.030000000000000027,5.7692307692307745
NIHD,0.5890,0.5930,0.5111,0.5200,794028,02/05/18,-0.07379999999999998,-12.428427079824852
NIHD,0.6419,0.6419,0.5900,0.5938,313082,02/02/18,-0.049799999999999955,-7.737725295214412
NIHD,0.6000,0.6436,0.5800,0.6436,246039,02/01/18,0.03359999999999996,5.508196721311469
NIHD,0.6100,0.6192,0.5680,0.6100,358235,01/31/18,0.0,0.0
NIHD,0.6019,0.6200,0.5680,0.6100,190384,01/30/18,0.0030999999999999917,0.5107925523150423
NIHD,0.6500,0.6700,0.5400,0.6069,973553,01/29/18,-0.06269999999999998,-9.363799283154119
NIHD,0.6610,0.6915,0.6500,0.6696,312594,01/26/18,0.006099999999999994,0.9193669932177837
NIHD,0.6782,0.6801,0.6550,0.6635,365182,01/25/18,0.0029000000000000137,0.4389948531637926
NIHD,0.6900,0.7300,0.6601,0.6606,1.14 M,01/24/18,-0.03200000000000003,-4.6202714409471595
NIHD,0.6496,0.7000,0.6304,0.6926,686620,01/23/18,0.0676,10.815999999999999
NIHD,0.6720,0.6770,0.6201,0.6250,784743,01/22/18,-0.04279999999999995,-6.409104522312062
NIHD,0.6900,0.7000,0.6303,0.6678,333760,01/19/18,-0.011500000000000066,-1.692919181510388
NIHD,0.6949,0.7101,0.5865,0.6793,923654,01/18/18,-0.006000000000000005,-0.8755289654166066
NIHD,0.7200,0.7250,0.6800,0.6853,1.26 M,01/17/18,-0.04349999999999998,-5.968715697036221
NIHD,0.6832,0.7400,0.6800,0.7288,1.29 M,01/16/18,0.047900000000000054,7.034806873255993
NIHD,0.8200,0.8300,0.6621,0.6809,3.38 M,01/12/18,-0.09910000000000008,-12.705128205128213
NIHD,0.6361,0.8700,0.6210,0.7800,6.84 M,01/11/18,0.125,19.083969465648853
NIHD,0.6500,0.6800,0.6000,0.6550,2.07 M,01/10/18,0.038000000000000034,6.158833063209082
NIHD,0.5800,0.6800,0.5500,0.6170,2.97 M,01/09/18,0.03700000000000003,6.3793103448275925
NIHD,0.4350,0.6170,0.4252,0.5800,8.91 M,01/08/18,0.17499999999999993,43.20987654320986
NIHD,0.4051,0.4102,0.3911,0.4050,425482,01/05/18,2.0000000000003348E-4,0.0494071146245142
NIHD,0.4121,0.4200,0.4002,0.4048,447644,01/04/18,-0.005199999999999982,-1.268292682926825
NIHD,0.4107,0.4326,0.3814,0.4100,914383,01/03/18,0.0,0.0
NIHD,0.4836,0.4836,0.4100,0.4100,617194,01/02/18,-0.014300000000000035,-3.3702568937072908
NIHD,0.4400,0.4749,0.4000,0.4243,1.57 M,12/29/17,-0.010699999999999987,-2.459770114942526
NIHD,0.4000,0.4400,0.3800,0.4350,2.74 M,12/28/17,0.07150000000000001,19.669876203576344
NIHD,0.3842,0.3900,0.3550,0.3635,830235,12/27/17,0.009500000000000008,2.683615819209042
NIHD,0.3884,0.4000,0.3504,0.3540,462852,12/26/17,-0.016000000000000014,-4.324324324324328
NIHD,0.3701,0.4348,0.3600,0.3700,1.39 M,12/22/17,0.009799999999999975,2.7207107162687327
NIHD,0.3750,0.4500,0.3210,0.3602,8.59 M,12/21/17,-0.019899999999999973,-5.235464351486444
NIHD,0.2939,0.4100,0.2910,0.3801,4.16 M,12/20/17,0.09010000000000001,31.068965517241388
NIHD,0.3000,0.3149,0.2800,0.2900,810183,12/19/17,-0.010000000000000009,-3.3333333333333366
NIHD,0.2500,0.3000,0.2432,0.3000,3.35 M,12/18/17,0.04999999999999999,19.999999999999996
NIHD,0.3000,0.3000,0.2410,0.2500,4.30 M,12/15/17,-0.030000000000000027,-10.714285714285722
NIHD,0.2500,0.2900,0.2312,0.2800,1.33 M,12/14/17,0.030000000000000027,12.00000000000001
NIHD,0.2558,0.2665,0.2500,0.2500,466262,12/13/17,-0.0041999999999999815,-1.6522423288748944
NIHD,0.2452,0.2670,0.2452,0.2542,166077,12/12/17,0.0041999999999999815,1.6799999999999926
NIHD,0.2592,0.2700,0.2400,0.2500,170304,12/11/17,-5.000000000000004E-4,-0.19960079840319378
NIHD,0.2600,0.2700,0.2480,0.2505,602067,12/08/17,-0.009500000000000008,-3.653846153846157
NIHD,0.2512,0.2799,0.2400,0.2600,3.29 M,12/07/17,0.005699999999999983,2.2414471097129307
NIHD,0.2687,0.2850,0.2516,0.2543,571758,12/06/17,-0.01579999999999998,-5.849685301740089
NIHD,0.2800,0.2896,0.2600,0.2701,1.67 M,12/05/17,-0.002599999999999991,-0.9534286762009502
NIHD,0.2600,0.2799,0.2500,0.2727,2.75 M,12/04/17,0.012900000000000023,4.965357967667446
NIHD,0.2524,0.2695,0.2524,0.2598,417510,12/01/17,0.009799999999999975,3.91999999999999
NIHD,0.2613,0.2900,0.2200,0.2500,4.83 M,11/30/17,-0.007199999999999984,-2.7993779160186567
NIHD,0.3000,0.3000,0.2500,0.2572,1.16 M,11/29/17,-0.042800000000000005,-14.266666666666667
NIHD,0.3045,0.3094,0.2851,0.3000,903552,11/28/17,0.010000000000000009,3.448275862068969
NIHD,0.3536,0.3600,0.2710,0.2900,2.15 M,11/27/17,-0.06,-17.142857142857142
NIHD,0.3537,0.3597,0.3402,0.3500,242845,11/24/17,0.0,0.0
NIHD,0.3652,0.3794,0.3500,0.3500,249947,11/22/17,-0.0116,-3.2079646017699113
NIHD,0.3650,0.3900,0.3600,0.3616,247472,11/21/17,-0.008400000000000019,-2.2702702702702755
NIHD,0.3618,0.3980,0.3618,0.3700,292336,11/20/17,0.010000000000000009,2.7777777777777803
NIHD,0.3624,0.3900,0.3500,0.3600,605352,11/17/17,-0.0010000000000000009,-0.2770083102493077
NIHD,0.3700,0.4000,0.3600,0.3610,362701,11/16/17,-0.009000000000000008,-2.4324324324324347
NIHD,0.3490,0.3700,0.3300,0.3700,566614,11/15/17,0.020299999999999985,5.804975693451525
NIHD,0.3710,0.3900,0.3450,0.3497,592653,11/14/17,-0.030299999999999994,-7.973684210526314
NIHD,0.4000,0.4200,0.3639,0.3800,609738,11/13/17,-0.02999999999999997,-7.317073170731701
NIHD,0.4200,0.4200,0.4050,0.4100,79751,11/10/17,-0.010000000000000009,-2.380952380952383
NIHD,0.4580,0.4650,0.4010,0.4200,1.14 M,11/09/17,-0.030000000000000027,-6.666666666666672
NIHD,0.4621,0.4698,0.4215,0.4500,339064,11/08/17,-0.010000000000000009,-2.1739130434782625
NIHD,0.4567,0.4899,0.4500,0.4600,177782,11/07/17,0.0,0.0
NIHD,0.4647,0.4997,0.4429,0.4600,1.16 M,11/06/17,0.0,0.0
NIHD,0.4526,0.4800,0.4310,0.4600,824618,11/03/17,0.0,0.0
NIHD,0.4700,0.4725,0.4410,0.4600,721302,11/02/17,0.0,0.0
NIHD,0.4610,0.5500,0.4376,0.4600,7.39 M,11/01/17,0.020000000000000018,4.545454545454549
NIHD,0.4052,0.4400,0.3900,0.4400,1.25 M,10/31/17,0.0348,8.588351431391905
NIHD,0.4043,0.4270,0.3900,0.4052,258933,10/30/17,0.0014000000000000123,0.34670629024269745
NIHD,0.4070,0.4200,0.3900,0.4038,497907,10/27/17,-0.011199999999999988,-2.6987951807228887
NIHD,0.4200,0.4280,0.3939,0.4150,1.35 M,10/26/17,0.0030000000000000027,0.7281553398058259
NIHD,0.4280,0.4399,0.4003,0.4120,530446,10/25/17,-0.015500000000000014,-3.62573099415205
NIHD,0.4540,0.4749,0.4200,0.4275,1.26 M,10/24/17,-0.02250000000000002,-5.0000000000000036
NIHD,0.4766,0.4900,0.4500,0.4500,695203,10/23/17,-0.010000000000000009,-2.1739130434782625
NIHD,0.4596,0.5049,0.4541,0.4600,527631,10/20/17,-0.009999999999999953,-2.1276595744680753
NIHD,0.4505,0.4800,0.4350,0.4700,422304,10/19/17,0.019999999999999962,4.444444444444436
NIHD,0.4384,0.4749,0.4320,0.4500,260495,10/18/17,0.017900000000000027,4.142559592686885
NIHD,0.4718,0.5000,0.4301,0.4321,457102,10/17/17,-0.05049999999999999,-10.46415250725238
NIHD,0.4931,0.5140,0.4575,0.4826,276005,10/16/17,-0.017400000000000027,-3.4800000000000053
NIHD,0.4591,0.5000,0.4500,0.5000,802213,10/13/17,0.04899999999999999,10.864745011086471
NIHD,0.5500,0.5500,0.4510,0.4510,839683,10/12/17,-0.02899999999999997,-6.04166666666666
NIHD,0.4407,0.5500,0.4378,0.4800,2.89 M,10/11/17,0.03999999999999998,9.090909090909086
NIHD,0.4300,0.4583,0.4270,0.4400,689127,10/10/17,0.010000000000000009,2.325581395348839
NIHD,0.4543,0.4551,0.4300,0.4300,330575,10/09/17,-0.01990000000000003,-4.423205156701496
NIHD,0.4437,0.4800,0.4320,0.4499,632563,10/06/17,-0.010099999999999998,-2.195652173913043
NIHD,0.4414,0.4876,0.4400,0.4600,1.40 M,10/05/17,0.02300000000000002,5.263157894736847
NIHD,0.4346,0.4511,0.4331,0.4370,2.08 M,10/04/17,0.007000000000000006,1.6279069767441876
NIHD,0.4500,0.4624,0.4200,0.4300,438493,10/03/17,-0.02200000000000002,-4.867256637168146
NIHD,0.4515,0.4642,0.4500,0.4520,212510,10/02/17,-0.008000000000000007,-1.7391304347826102
NIHD,0.4700,0.4850,0.4400,0.4600,177371,09/29/17,-0.009999999999999953,-2.1276595744680753
NIHD,0.4696,0.4900,0.4000,0.4700,1.10 M,09/28/17,0.0034999999999999476,0.7502679528402888
NIHD,0.4846,0.4998,0.4500,0.4665,365380,09/27/17,-0.027200000000000002,-5.5094186753088925
NIHD,0.5050,0.5087,0.4925,0.4937,131407,09/26/17,0.0017000000000000348,0.34552845528455994
NIHD,0.5122,0.5299,0.4904,0.4920,175751,09/25/17,-0.021599999999999953,-4.205607476635505
NIHD,0.5092,0.5162,0.4904,0.5136,317774,09/22/17,0.009199999999999986,1.8239492466296563
NIHD,0.5145,0.5234,0.4900,0.5044,348254,09/21/17,-0.005400000000000071,-1.0592389172224541
NIHD,0.5400,0.5499,0.4988,0.5098,974830,09/20/17,-0.0343,-6.303988237456349
NIHD,0.5300,0.5450,0.5043,0.5441,699215,09/19/17,0.01770000000000005,3.3624620060790367
NIHD,0.5234,0.5463,0.5234,0.5264,141145,09/18/17,0.0030000000000000027,0.5731753916698515
NIHD,0.5500,0.5720,0.4973,0.5234,1.72 M,09/15/17,-0.02629999999999999,-4.784427869747133
NIHD,0.5634,0.5800,0.5450,0.5497,587344,09/14/17,-0.010700000000000043,-1.909350463954326
NIHD,0.5690,0.5846,0.5300,0.5604,965668,09/13/17,-0.0045999999999999375,-0.8141592920353873
NIHD,0.5722,0.6105,0.5650,0.5650,587884,09/12/17,-0.007800000000000029,-1.3617318435754242
NIHD,0.5700,0.5989,0.5700,0.5728,206664,09/11/17,-0.0013000000000000789,-0.22644138651804194
NIHD,0.5957,0.6000,0.5700,0.5741,177235,09/08/17,-0.025899999999999923,-4.316666666666654
NIHD,0.5914,0.6400,0.5542,0.6000,868130,09/07/17,0.007000000000000006,1.1804384485666115
NIHD,0.5935,0.6200,0.5900,0.5930,252662,09/06/17,-0.007000000000000006,-1.1666666666666679
NIHD,0.6624,0.6694,0.5850,0.6000,360132,09/05/17,-0.06330000000000002,-9.54319312528268
NIHD,0.6640,0.7064,0.6610,0.6633,871584,09/01/17,-7.000000000000339E-4,-0.10542168674699305
NIHD,0.7300,0.7388,0.6501,0.6640,508034,08/31/17,-0.03599999999999992,-5.142857142857132
NIHD,0.6405,0.7400,0.6405,0.7000,462433,08/30/17,0.05999999999999994,9.374999999999991
NIHD,0.6284,0.6867,0.6120,0.6400,484157,08/29/17,0.010000000000000009,1.5873015873015888
NIHD,0.6279,0.6500,0.6121,0.6300,115269,08/28/17,0.0026000000000000467,0.4144086707045022
NIHD,0.6410,0.6771,0.6126,0.6274,128648,08/25/17,-0.01750000000000007,-2.7135990075980883
NIHD,0.6320,0.6600,0.6320,0.6449,117681,08/24/17,0.007099999999999995,1.1132016306052046
NIHD,0.6454,0.6500,0.6232,0.6378,120580,08/23/17,-0.00869999999999993,-1.3457076566125183
NIHD,0.6590,0.7134,0.6310,0.6465,667107,08/22/17,-0.008300000000000085,-1.2675626145388035
NIHD,0.6528,0.6701,0.6296,0.6548,351984,08/21/17,0.0049000000000000155,0.7539621480227751
NIHD,0.6429,0.6690,0.6212,0.6499,364645,08/18/17,0.00990000000000002,1.546875000000003
NIHD,0.6600,0.6600,0.6202,0.6400,297355,08/17/17,-7.000000000000339E-4,-0.10925550179491711
NIHD,0.5910,0.6600,0.5800,0.6407,678007,08/16/17,0.04080000000000006,6.801133522253718
NIHD,0.5780,0.6300,0.5700,0.5999,278271,08/15/17,0.010800000000000032,1.8333050415888699
NIHD,0.6000,0.6399,0.5140,0.5891,902691,08/14/17,-0.01100000000000001,-1.8330278286952193
NIHD,0.5823,0.6190,0.5700,0.6001,432298,08/11/17,0.010099999999999998,1.7118644067796607
NIHD,0.6100,0.6290,0.5800,0.5900,284128,08/10/17,-0.024700000000000055,-4.01822027005044
NIHD,0.5218,0.6200,0.5050,0.6147,1.60 M,08/09/17,0.07350000000000001,13.580931263858096
NIHD,0.5435,0.5600,0.5225,0.5412,460002,08/08/17,7.000000000000339E-4,0.1295097132284984
NIHD,0.5500,0.5800,0.5300,0.5405,476690,08/07/17,-0.009500000000000064,-1.7272727272727388
NIHD,0.5266,0.5650,0.5200,0.5500,324586,08/04/17,0.010700000000000043,1.9840534025588805
NIHD,0.5326,0.5700,0.5222,0.5393,311242,08/03/17,-0.0041999999999999815,-0.7727690892364272
NIHD,0.5510,0.5631,0.5300,0.5435,149466,08/02/17,-0.007900000000000018,-1.432716721073634
NIHD,0.5786,0.5786,0.5450,0.5514,523098,08/01/17,-0.019199999999999995,-3.3648790746582535
NIHD,0.5602,0.5880,0.5601,0.5706,750062,07/31/17,-0.0038000000000000256,-0.6615598885793916
NIHD,0.5641,0.5744,0.5426,0.5744,549133,07/28/17,0.01419999999999999,2.53480899678686
NIHD,0.6000,0.6031,0.5600,0.5602,547407,07/27/17,-0.023699999999999943,-4.058914197636572
NIHD,0.6607,0.6791,0.5700,0.5839,1.20 M,07/26/17,-0.07679999999999998,-11.624035114272738
NIHD,0.6500,0.7072,0.6400,0.6607,935813,07/25/17,-0.006000000000000005,-0.8999550022498883
NIHD,0.6018,0.6800,0.5700,0.6667,1.13 M,07/24/17,0.0736,12.409374473107402
NIHD,0.5848,0.6050,0.5802,0.5931,410787,07/21/17,0.0022999999999999687,0.3893026404874693
NIHD,0.5900,0.6151,0.5802,0.5908,285077,07/20/17,0.007499999999999951,1.285787759300523
NIHD,0.5550,0.5903,0.5500,0.5833,600123,07/19/17,0.018000000000000016,3.1841500088448638
NIHD,0.5834,0.6049,0.5551,0.5653,655500,07/18/17,-0.03469999999999995,-5.783333333333326
NIHD,0.6000,0.6100,0.5650,0.6000,921365,07/17/17,0.006900000000000017,1.163378856853822
NIHD,0.6339,0.6560,0.5600,0.5931,1.29 M,07/14/17,-0.036900000000000044,-5.857142857142864
NIHD,0.6139,0.6600,0.6008,0.6300,545158,07/13/17,0.01990000000000003,3.2617603671529305
NIHD,0.6100,0.6300,0.5991,0.6101,440515,07/12/17,0.0020000000000000018,0.3288932741325443
NIHD,0.6220,0.6400,0.5800,0.6081,804227,07/11/17,-6.000000000000449E-4,-0.09857072449483242
NIHD,0.6161,0.6398,0.5801,0.6087,842439,07/10/17,-0.012299999999999978,-1.9806763285024118
NIHD,0.6400,0.6598,0.6200,0.6210,550091,07/07/17,-0.021399999999999975,-3.331257783312574
NIHD,0.6940,0.6944,0.6400,0.6424,708848,07/06/17,-0.03760000000000008,-5.529411764705894
NIHD,0.7301,0.7488,0.6600,0.6800,749514,07/05/17,-0.07009999999999994,-9.345420610585249
NIHD,0.7603,0.7990,0.7134,0.7501,279149,07/03/17,-0.05390000000000006,-6.703980099502495
NIHD,0.6906,0.9000,0.6900,0.8040,1.59 M,06/30/17,0.10660000000000003,15.285345569257245
NIHD,0.6877,0.7300,0.6760,0.6974,1.44 M,06/29/17,-0.0050000000000000044,-0.7118451025056953
NIHD,0.6750,0.7488,0.6700,0.7024,1.55 M,06/28/17,0.03060000000000007,4.554927061625495
NIHD,0.6978,0.7096,0.6467,0.6718,1.01 M,06/27/17,-0.03310000000000002,-4.69570151794581
NIHD,0.7009,0.7297,0.6800,0.7049,497588,06/26/17,0.008299999999999974,1.1915015790984747
NIHD,0.6500,0.7650,0.6300,0.6966,6.53 M,06/23/17,0.012199999999999989,1.7825832846288703
NIHD,0.6384,0.6967,0.6100,0.6844,1.26 M,06/22/17,0.05049999999999999,7.966556239154439
NIHD,0.7100,0.7100,0.6311,0.6339,1.53 M,06/21/17,-0.05720000000000003,-8.2766603964694
NIHD,0.7372,0.7500,0.6800,0.6911,1.12 M,06/20/17,-0.030299999999999994,-4.200166343221513
NIHD,0.6317,0.7698,0.6317,0.7214,2.26 M,06/19/17,0.062000000000000055,9.402487109493487
NIHD,0.6755,0.6999,0.6200,0.6594,17.95 M,06/16/17,-0.02300000000000002,-3.3704572098475998
NIHD,0.6800,0.7149,0.6780,0.6824,1.88 M,06/15/17,-0.017699999999999938,-2.5282102556777515
NIHD,0.7600,0.8100,0.6829,0.7001,2.90 M,06/14/17,-2.00000000000089E-4,-0.028559188919047407
NIHD,0.7191,0.7300,0.6780,0.7003,1.97 M,06/13/17,-0.005699999999999927,-0.8073654390934741
NIHD,0.7379,0.7379,0.6710,0.7060,2.88 M,06/12/17,-0.04420000000000002,-5.891762196747536
NIHD,0.7800,0.8000,0.7303,0.7502,1.76 M,06/09/17,-0.023800000000000043,-3.0749354005168015
NIHD,0.7901,0.8525,0.7700,0.7740,1.47 M,06/08/17,-0.03610000000000002,-4.45623997037403
NIHD,0.8500,0.8501,0.7600,0.8101,2.67 M,06/07/17,-0.038799999999999946,-4.570620803392619
NIHD,1.0700,1.2200,0.8400,0.8489,16.51 M,06/06/17,0.19879999999999998,30.579910782956468
NIHD,0.6407,0.6949,0.6023,0.6501,1.41 M,06/05/17,-0.039000000000000035,-5.6595559425337445
NIHD,0.5793,0.7200,0.5500,0.6891,2.72 M,06/02/17,0.08790000000000009,14.62075848303395
NIHD,0.6400,0.6412,0.5472,0.6012,4.26 M,06/01/17,0.03320000000000001,5.845070422535213
NIHD,0.7690,0.9038,0.5680,0.5680,6.92 M,05/31/17,-0.2543000000000001,-30.925452997689415
NIHD,0.7962,0.9290,0.7402,0.8223,8.54 M,05/30/17,0.08210000000000006,11.091596865711978
NIHD,0.5200,1.2500,0.5200,0.7402,21.84 M,05/26/17,0.2136,40.56209646790733
NIHD,0.5627,0.5897,0.5176,0.5266,372836,05/25/17,-0.033400000000000096,-5.964285714285731
NIHD,0.5645,0.6000,0.5167,0.5600,346042,05/24/17,0.0,0.0
NIHD,0.5600,0.5700,0.5130,0.5600,300072,05/23/17,0.02750000000000008,5.164319248826306
NIHD,0.5350,0.5800,0.5251,0.5325,253544,05/22/17,0.0023999999999999577,0.4527447651386451
NIHD,0.4994,0.5701,0.4544,0.5301,850305,05/19/17,0.03550000000000003,7.177517185604536
NIHD,0.5148,0.5601,0.4561,0.4946,1.25 M,05/18/17,-0.025500000000000023,-4.902903287829268
NIHD,0.5311,0.5582,0.5150,0.5201,514702,05/17/17,-0.034599999999999964,-6.237605913106178
NIHD,0.5700,0.6200,0.5025,0.5547,1.20 M,05/16/17,-0.017400000000000082,-3.0414263240692327
NIHD,0.3800,0.7620,0.3800,0.5721,2.81 M,05/15/17,0.20200000000000007,54.57984328559851
NIHD,0.3931,0.3998,0.3610,0.3701,1.47 M,05/12/17,-0.02190000000000003,-5.586734693877559
NIHD,0.4500,0.4512,0.3900,0.3920,952974,05/11/17,-0.02809999999999996,-6.688883599143052
NIHD,0.4055,0.4931,0.4000,0.4201,642369,05/10/17,-0.016000000000000014,-3.6688832836505423
NIHD,0.4700,0.4995,0.4244,0.4361,829465,05/09/17,-0.033899999999999986,-7.212765957446806
NIHD,0.4690,0.5495,0.4683,0.4700,423145,05/08/17,-0.0023000000000000242,-0.48697861528689906
NIHD,0.4600,0.5500,0.4201,0.4723,1.02 M,05/05/17,0.014400000000000024,3.1447914391788654
NIHD,0.6100,0.6782,0.4087,0.4579,1.29 M,05/04/17,-0.15170000000000006,-24.88517060367455
NIHD,0.7000,0.7278,0.6000,0.6096,785529,05/03/17,-0.13029999999999997,-17.610487903770778
NIHD,0.8000,0.8000,0.7200,0.7399,338752,05/02/17,-0.0605,-7.55872063968016
NIHD,0.8500,0.9000,0.8000,0.8004,178440,05/01/17,-0.06240000000000001,-7.232267037552157
NIHD,0.9459,0.9500,0.8500,0.8628,516246,04/28/17,-0.08719999999999994,-9.178947368421047
NIHD,0.9600,0.9646,0.9001,0.9500,240951,04/27/17,-3.00000000000078E-4,-0.03156897821741324
NIHD,1.0600,1.0600,0.9500,0.9503,425319,04/26/17,-0.10970000000000002,-10.349056603773587
NIHD,1.1000,1.1300,1.0000,1.0600,716476,04/25/17,0.1100000000000001,11.578947368421064
NIHD,1.0500,1.0500,0.9000,0.9500,480810,04/24/17,-0.10000000000000009,-9.523809523809533
NIHD,1.1000,1.1000,1.0000,1.0500,550908,04/21/17,0.0,0.0
NIHD,1.1500,1.2500,1.0000,1.0500,1.11 M,04/20/17,-0.09999999999999987,-8.695652173913032
NIHD,1.2000,1.2000,1.1500,1.1500,245063,04/19/17,0.0,0.0
NIHD,1.1000,1.2000,1.1000,1.1500,383828,04/18/17,0.02499999999999991,2.2222222222222143
NIHD,1.2000,1.2000,1.1000,1.1250,219193,04/17/17,-0.07499999999999996,-6.2499999999999964
NIHD,1.2000,1.2500,1.1500,1.2000,505132,04/13/17,0.050000000000000044,4.347826086956526
NIHD,1.1000,1.2000,1.1000,1.1500,316156,04/12/17,0.04999999999999982,4.545454545454529
NIHD,1.0500,1.1500,1.0500,1.1000,248126,04/11/17,0.050000000000000044,4.761904761904766
NIHD,1.0500,1.2000,1.0000,1.0500,529778,04/10/17,-0.050000000000000044,-4.545454545454549
NIHD,1.0500,1.1500,1.0000,1.1000,363480,04/07/17,0.0,0.0
NIHD,1.0500,1.1000,1.0000,1.1000,578390,04/06/17,0.050000000000000044,4.761904761904766
NIHD,1.1500,1.2000,0.8750,1.0500,964710,04/05/17,-0.09999999999999987,-8.695652173913032
NIHD,1.2000,1.2750,1.1000,1.1500,220397,04/04/17,-0.050000000000000044,-4.1666666666666705
NIHD,1.3000,1.3000,1.1500,1.2000,385561,04/03/17,-0.10000000000000009,-7.692307692307699
NIHD,1.2000,1.3250,1.2000,1.3000,539511,03/31/17,0.10000000000000009,8.333333333333341
NIHD,1.1500,1.2500,1.1000,1.2000,1.21 M,03/30/17,0.09999999999999987,9.090909090909078
NIHD,1.1000,1.3000,1.0500,1.1000,1.21 M,03/29/17,0.025000000000000133,2.32558139534885
NIHD,1.1500,1.2000,1.0500,1.0750,1.59 M,03/28/17,-0.07499999999999996,-6.52173913043478
NIHD,1.1500,1.1500,1.1000,1.1500,425130,03/27/17,0.04999999999999982,4.545454545454529
NIHD,1.3000,1.3500,1.1000,1.1000,981915,03/24/17,-0.1499999999999999,-11.999999999999993
NIHD,1.2000,1.2500,1.2000,1.2500,559896,03/23/17,0.0,0.0
NIHD,1.3000,1.4000,1.1500,1.2500,1.25 M,03/22/17,-0.050000000000000044,-3.8461538461538494
NIHD,1.4000,1.4000,1.1500,1.3000,1.42 M,03/21/17,-0.09999999999999987,-7.1428571428571335
NIHD,1.4500,1.5000,1.3500,1.4000,577848,03/20/17,-0.10000000000000009,-6.666666666666672
NIHD,1.5000,1.5500,1.4500,1.5000,4.32 M,03/17/17,-0.050000000000000044,-3.225806451612906
NIHD,1.5000,1.5500,1.4000,1.5500,750032,03/16/17,0.050000000000000044,3.333333333333336
NIHD,1.4000,1.5500,1.4000,1.5000,1.05 M,03/15/17,0.050000000000000044,3.448275862068969
NIHD,1.5500,1.5750,1.4000,1.4500,511318,03/14/17,-0.07499999999999996,-4.918032786885243
NIHD,1.4000,1.5500,1.4000,1.5250,1.44 M,03/13/17,0.17499999999999982,12.96296296296295
NIHD,1.5500,1.5500,1.2000,1.3500,3.31 M,03/10/17,-0.25,-15.625
NIHD,1.7500,1.8000,1.5500,1.6000,1.14 M,03/09/17,-0.25,-13.513513513513512
NIHD,1.8500,2.0000,1.8000,1.8500,1.17 M,03/08/17,0.050000000000000044,2.7777777777777803
NIHD,1.8500,1.8500,1.7500,1.8000,410510,03/07/17,0.0,0.0
NIHD,1.8000,1.9000,1.7500,1.8000,986830,03/06/17,-0.050000000000000044,-2.702702702702705
NIHD,2.0000,2.0000,1.8000,1.8500,635023,03/03/17,-0.09999999999999987,-5.128205128205121
NIHD,2.0500,2.1000,1.9500,1.9500,460662,03/02/17,-0.12500000000000022,-6.024096385542179
NIHD,2.1500,2.1500,2.0500,2.0750,925598,03/01/17,0.07500000000000018,3.750000000000009
NIHD,2.1000,2.1000,1.9500,2.0000,5.80 M,02/28/17,-0.04999999999999982,-2.439024390243894
NIHD,2.0000,2.1500,1.9500,2.0500,1.78 M,02/27/17,0.09999999999999987,5.128205128205121
NIHD,2.0000,2.1000,1.9500,1.9500,2.14 M,02/24/17,-0.050000000000000044,-2.500000000000002
NIHD,2.0500,2.1000,1.9250,2.0000,1.15 M,02/23/17,-0.04999999999999982,-2.439024390243894
NIHD,2.1500,2.1500,2.0000,2.0500,368624,02/22/17,-0.050000000000000266,-2.3809523809523934
NIHD,2.1500,2.2000,2.0500,2.1000,505683,02/21/17,-0.04999999999999982,-2.325581395348829
NIHD,2.1500,2.2000,2.0500,2.1500,301023,02/17/17,0.04999999999999982,2.3809523809523725
NIHD,2.1500,2.1500,2.0500,2.1000,253598,02/16/17,-0.04999999999999982,-2.325581395348829
NIHD,2.1500,2.2000,2.1000,2.1500,318002,02/15/17,0.0,0.0
NIHD,2.2000,2.2450,2.1000,2.1500,903735,02/14/17,0.0,0.0
NIHD,2.1500,2.2500,2.1000,2.1500,608893,02/13/17,0.0,0.0
NIHD,2.2500,2.3500,2.1000,2.1500,441878,02/10/17,-0.10000000000000009,-4.444444444444448
NIHD,2.2500,2.3000,2.1000,2.2500,894785,02/09/17,0.0,0.0
NIHD,2.2500,2.4000,2.1500,2.2500,618561,02/08/17,0.04999999999999982,2.2727272727272645
NIHD,2.3500,2.4000,2.2000,2.2000,437363,02/07/17,-0.09999999999999964,-4.347826086956506
NIHD,2.5500,2.6000,2.2500,2.3000,547277,02/06/17,-0.2250000000000001,-8.910891089108913
NIHD,2.4500,2.6000,2.4000,2.5250,596255,02/03/17,0.125,5.208333333333334
NIHD,2.5000,2.6500,2.3500,2.4000,2.13 M,02/02/17,-0.10000000000000009,-4.0000000000000036
NIHD,2.9000,2.9500,2.3500,2.5000,2.21 M,02/01/17,-0.3250000000000002,-11.504424778761067
NIHD,2.7500,3.0000,2.7000,2.8250,693404,01/31/17,0.025000000000000355,0.8928571428571556
NIHD,3.0000,3.0000,2.7000,2.8000,297413,01/30/17,-0.15000000000000036,-5.084745762711876
NIHD,3.0000,3.0500,2.9000,2.9500,683801,01/27/17,0.0,0.0
NIHD,2.8500,3.0000,2.8500,2.9500,293017,01/26/17,0.050000000000000266,1.724137931034492
NIHD,2.9000,2.9000,2.8000,2.9000,269667,01/25/17,0.04999999999999982,1.7543859649122744
NIHD,2.8500,2.9000,2.7500,2.8500,312851,01/24/17,0.050000000000000266,1.7857142857142954
NIHD,3.0000,3.0500,2.7750,2.8000,334979,01/23/17,-0.20000000000000018,-6.666666666666672
NIHD,3.0000,3.1750,2.9500,3.0000,254120,01/20/17,0.0,0.0
NIHD,2.9500,3.1500,2.9500,3.0000,513338,01/19/17,0.0,0.0
NIHD,3.3000,3.3500,3.0000,3.0000,361351,01/18/17,-0.2999999999999998,-9.090909090909086
NIHD,3.1000,3.3500,3.0500,3.3000,704081,01/17/17,0.19999999999999973,6.451612903225797
NIHD,3.0000,3.1000,2.9000,3.1000,676766,01/13/17,0.1499999999999999,5.0847457627118615
NIHD,3.0500,3.0500,2.7500,2.9500,314527,01/12/17,-0.09999999999999964,-3.2786885245901525
NIHD,2.9000,3.1500,2.8250,3.0500,415445,01/11/17,0.09999999999999964,3.389830508474564
NIHD,2.7000,3.0000,2.6500,2.9500,871312,01/10/17,0.25,9.25925925925926
NIHD,2.7000,2.8000,2.5000,2.7000,380992,01/09/17,-0.04999999999999982,-1.8181818181818117
NIHD,3.0000,3.0000,2.7000,2.7500,498593,01/06/17,-0.25,-8.333333333333334
NIHD,3.0500,3.4500,2.8000,3.0000,2.04 M,01/05/17,-0.10000000000000009,-3.225806451612906
NIHD,2.7000,3.2000,2.6500,3.1000,2.06 M,01/04/17,0.3999999999999999,14.814814814814811
NIHD,2.3000,3.2000,2.2000,2.7000,3.76 M,01/03/17,0.5500000000000003,25.581395348837223
NIHD,2.0500,2.2000,2.0500,2.1500,499207,12/30/16,0.1499999999999999,7.499999999999996
NIHD,2.0000,2.0750,2.0000,2.0000,281998,12/29/16,-0.04999999999999982,-2.439024390243894
NIHD,2.0500,2.1000,1.9500,2.0500,416990,12/28/16,0.0,0.0
NIHD,1.9500,2.0500,1.9500,2.0500,615096,12/27/16,0.04999999999999982,2.499999999999991
NIHD,1.9500,2.0250,1.9000,2.0000,478008,12/23/16,0.050000000000000044,2.5641025641025665
NIHD,1.8500,2.0000,1.8500,1.9500,344301,12/22/16,0.050000000000000044,2.6315789473684235
NIHD,2.0000,2.0000,1.9000,1.9000,532234,12/21/16,-0.10000000000000009,-5.000000000000004
NIHD,2.0000,2.0000,1.8500,2.0000,405503,12/20/16,0.0,0.0
NIHD,2.0000,2.0000,1.8500,2.0000,774293,12/19/16,0.050000000000000044,2.5641025641025665
NIHD,1.9500,2.0500,1.8000,1.9500,3.77 M,12/16/16,0.050000000000000044,2.6315789473684235
NIHD,2.0000,2.0000,1.9000,1.9000,368183,12/15/16,-0.10000000000000009,-5.000000000000004
NIHD,2.1000,2.1000,1.9500,2.0000,911854,12/14/16,-0.125,-5.882352941176471
NIHD,2.1500,2.2000,2.1000,2.1250,483267,12/13/16,-0.02499999999999991,-1.1627906976744145
NIHD,2.3000,2.3250,2.1000,2.1500,917980,12/12/16,-0.20000000000000018,-8.510638297872347
NIHD,2.0500,2.4000,2.0500,2.3500,1.11 M,12/09/16,0.25,11.904761904761905
NIHD,2.1000,2.1000,2.0000,2.1000,534808,12/08/16,0.050000000000000266,2.4390243902439157
NIHD,1.8000,2.1000,1.8000,2.0500,1.17 M,12/07/16,0.24999999999999978,13.888888888888877
NIHD,1.8000,1.8500,1.7000,1.8000,474780,12/06/16,0.050000000000000044,2.85714285714286
NIHD,1.7000,1.8830,1.7000,1.7500,559287,12/05/16,0.0,0.0
NIHD,1.7500,1.7500,1.6500,1.7500,394274,12/02/16,0.050000000000000044,2.941176470588238
NIHD,1.7000,1.7500,1.6000,1.7000,659593,12/01/16,0.0,0.0
NIHD,1.8000,1.8000,1.7000,1.7000,860669,11/30/16,-0.050000000000000044,-2.85714285714286
NIHD,1.8000,1.8250,1.7500,1.7500,679247,11/29/16,0.0,0.0
NIHD,1.7500,1.8500,1.7000,1.7500,644980,11/28/16,-0.050000000000000044,-2.7777777777777803
NIHD,1.8500,1.9000,1.7500,1.8000,189364,11/25/16,0.0,0.0
NIHD,1.8500,1.9750,1.8000,1.8000,548789,11/23/16,-0.09999999999999987,-5.2631578947368345
NIHD,2.0000,2.0000,1.8000,1.9000,566145,11/22/16,-0.050000000000000044,-2.5641025641025665
NIHD,1.8500,2.0000,1.7000,1.9500,427620,11/21/16,0.1499999999999999,8.333333333333329
NIHD,1.8500,2.0500,1.7500,1.8000,433453,11/18/16,-0.050000000000000044,-2.702702702702705
NIHD,1.9000,1.9000,1.7500,1.8500,894343,11/17/16,0.0,0.0
NIHD,1.9500,2.0000,1.8500,1.8500,665601,11/16/16,-0.125,-6.329113924050633
NIHD,2.0500,2.1000,1.9000,1.9750,1.01 M,11/15/16,-0.125,-5.9523809523809526
NIHD,2.2500,2.3000,2.0500,2.1000,996972,11/14/16,-0.19999999999999973,-8.695652173913032
NIHD,2.4000,2.4000,2.2000,2.3000,893506,11/11/16,-0.10000000000000009,-4.1666666666666705
NIHD,2.5500,2.5500,2.1000,2.4000,675271,11/10/16,-0.10000000000000009,-4.0000000000000036
NIHD,2.4000,2.5500,2.2750,2.5000,943808,11/09/16,0.04999999999999982,2.0408163265306047
NIHD,2.2500,2.5000,2.1500,2.4500,1.80 M,11/08/16,0.20000000000000018,8.888888888888896
NIHD,2.4000,2.5500,2.2000,2.2500,737841,11/07/16,-0.125,-5.2631578947368425
NIHD,2.3500,2.4250,2.2500,2.3750,1.16 M,11/04/16,0.07500000000000018,3.260869565217399
NIHD,2.3000,2.7000,2.2500,2.3000,577448,11/03/16,-0.050000000000000266,-2.127659574468096
NIHD,2.5500,2.6000,2.2750,2.3500,1.05 M,11/02/16,-0.19999999999999973,-7.84313725490195
NIHD,2.4000,2.5500,2.4000,2.5500,237271,11/01/16,0.09999999999999964,4.0816326530612095
NIHD,2.5000,2.5500,2.4500,2.4500,462668,10/31/16,-0.09999999999999964,-3.921568627450967
NIHD,2.7000,2.7000,2.5000,2.5500,450982,10/28/16,-0.15000000000000036,-5.555555555555569
NIHD,2.8500,2.8750,2.6000,2.7000,706262,10/27/16,-0.1499999999999999,-5.263157894736839
NIHD,2.9000,2.9750,2.8500,2.8500,587002,10/26/16,-0.04999999999999982,-1.7241379310344767
NIHD,3.0000,3.0000,2.8500,2.9000,241358,10/25/16,-0.10000000000000009,-3.333333333333336
NIHD,3.0000,3.0500,2.9000,3.0000,214506,10/24/16,0.04999999999999982,1.694915254237282
NIHD,2.9000,3.0000,2.9000,2.9500,380525,10/21/16,0.0,0.0
NIHD,3.0000,3.0500,2.9500,2.9500,254392,10/20/16,-0.04999999999999982,-1.6666666666666607
NIHD,2.9500,3.0500,2.9500,3.0000,453504,10/19/16,0.04999999999999982,1.694915254237282
NIHD,2.9000,2.9500,2.8500,2.9500,224531,10/18/16,0.050000000000000266,1.724137931034492
NIHD,3.0000,3.0500,2.8000,2.9000,282632,10/17/16,-0.10999999999999988,-3.654485049833883
NIHD,3.1500,3.2400,2.9800,3.0100,438556,10/14/16,-0.11000000000000032,-3.5256410256410358
NIHD,3.2000,3.2550,3.1000,3.1200,699158,10/13/16,-0.10999999999999988,-3.405572755417953
NIHD,3.1500,3.2900,3.0800,3.2300,273111,10/12/16,0.08000000000000007,2.539682539682542
NIHD,3.0600,3.1600,3.0100,3.1500,398664,10/11/16,0.06000000000000005,1.9417475728155358
NIHD,3.0000,3.1200,2.8900,3.0900,294761,10/10/16,0.10999999999999988,3.6912751677852307
NIHD,3.0200,3.0400,2.9600,2.9800,290467,10/07/16,-0.04999999999999982,-1.6501650165016444
NIHD,3.1300,3.1300,3.0010,3.0300,302763,10/06/16,-0.11000000000000032,-3.503184713375806
NIHD,3.1600,3.1800,3.1150,3.1400,384868,10/05/16,-0.020000000000000018,-0.6329113924050638
NIHD,3.2000,3.3200,3.1200,3.1600,378378,10/04/16,-0.029999999999999805,-0.9404388714733481
NIHD,3.3000,3.3300,3.1300,3.1900,388119,10/03/16,-0.14000000000000012,-4.204204204204208
NIHD,3.3600,3.4450,3.3000,3.3300,366498,09/30/16,-0.009999999999999787,-0.29940119760478406
NIHD,3.3600,3.4300,3.3300,3.3400,284629,09/29/16,-0.020000000000000018,-0.5952380952380958
NIHD,3.2200,3.3800,3.2000,3.3600,379306,09/28/16,0.1499999999999999,4.67289719626168
NIHD,3.2100,3.2300,3.1235,3.2100,322151,09/27/16,0.0,0.0
NIHD,3.2800,3.3500,3.1900,3.2100,371254,09/26/16,-0.10999999999999988,-3.313253012048189
NIHD,3.3100,3.3700,3.2400,3.3200,517104,09/23/16,0.009999999999999787,0.3021148036253712
NIHD,3.2600,3.3700,3.0700,3.3100,923611,09/22/16,0.06000000000000005,1.8461538461538478
NIHD,3.3400,3.4100,3.1500,3.2500,538249,09/21/16,-0.06999999999999984,-2.108433734939754
NIHD,3.2800,3.3700,3.1800,3.3200,381031,09/20/16,0.04999999999999982,1.5290519877675786
NIHD,3.3400,3.4750,3.2500,3.2700,413030,09/19/16,-0.029999999999999805,-0.9090909090909032
NIHD,3.2800,3.4500,3.2200,3.3000,6.01 M,09/16/16,-0.03000000000000025,-0.9009009009009084
NIHD,3.3400,3.4300,3.1400,3.3300,1.44 M,09/15/16,0.0,0.0
NIHD,3.4600,3.5650,3.2700,3.3300,488490,09/14/16,-0.1200000000000001,-3.4782608695652204
NIHD,3.4800,3.5675,3.3000,3.4500,956928,09/13/16,-0.07999999999999963,-2.266288951841349
NIHD,3.1000,3.6300,3.0900,3.5300,1.36 M,09/12/16,0.4099999999999997,13.141025641025632
NIHD,3.1100,3.1400,3.0300,3.1200,521979,09/09/16,-0.009999999999999787,-0.319488817891367
NIHD,3.1600,3.2500,3.0600,3.1300,491518,09/08/16,-0.020000000000000018,-0.6349206349206356
NIHD,3.0400,3.4000,3.0400,3.1500,621531,09/07/16,0.1200000000000001,3.9603960396039644
NIHD,3.0300,3.0600,2.9700,3.0300,632264,09/06/16,0.020000000000000018,0.6644518272425256
NIHD,2.9400,3.0700,2.8600,3.0100,758220,09/02/16,0.07999999999999963,2.7303754266211477
NIHD,3.2000,3.2500,2.8800,2.9300,1.57 M,09/01/16,-0.3999999999999999,-12.01201201201201
NIHD,2.9000,3.3800,2.6200,3.3300,5.24 M,08/31/16,0.3999999999999999,13.651877133105799
NIHD,2.7500,2.9750,2.5000,2.9300,1.37 M,08/30/16,0.15000000000000036,5.395683453237424
NIHD,2.3500,2.8500,2.3200,2.7800,2.06 M,08/29/16,0.45999999999999996,19.82758620689655
NIHD,2.1900,2.3550,2.1900,2.3200,591746,08/26/16,0.11999999999999966,5.454545454545439
NIHD,2.2500,2.3000,2.1900,2.2000,670959,08/25/16,-0.040000000000000036,-1.7857142857142871
NIHD,2.1500,2.3300,2.1500,2.2400,625719,08/24/16,0.07000000000000028,3.2258064516129163
NIHD,2.1200,2.3700,2.1000,2.1700,655924,08/23/16,0.04999999999999982,2.3584905660377276
NIHD,2.1700,2.2050,2.0500,2.1200,352882,08/22/16,-0.040000000000000036,-1.8518518518518534
NIHD,2.3500,2.3500,2.1300,2.1600,432723,08/19/16,-0.17999999999999972,-7.692307692307681
NIHD,2.3900,2.4000,2.3100,2.3400,902668,08/18/16,0.009999999999999787,0.42918454935621403
NIHD,2.4000,2.4200,2.2500,2.3300,440808,08/17/16,-0.029999999999999805,-1.2711864406779578
NIHD,2.3500,2.4800,2.2900,2.3600,614612,08/16/16,0.0,0.0
NIHD,2.5300,2.6375,2.2850,2.3600,891918,08/15/16,-0.16999999999999993,-6.719367588932804
NIHD,2.7000,2.7500,2.5200,2.5300,614219,08/12/16,-0.18000000000000016,-6.642066420664212
NIHD,2.6400,2.8300,2.5300,2.7100,2.19 M,08/11/16,0.009999999999999787,0.37037037037036247
NIHD,2.9700,2.9700,2.6650,2.7000,226573,08/10/16,-0.23999999999999977,-8.163265306122442
NIHD,3.1000,3.1000,2.9300,2.9400,373614,08/09/16,-0.06999999999999984,-2.325581395348832
NIHD,3.0600,3.1100,2.9600,3.0100,235003,08/08/16,0.019999999999999574,0.6688963210702198
NIHD,2.9800,3.0500,2.9300,2.9900,378043,08/05/16,0.040000000000000036,1.3559322033898316
NIHD,3.0000,3.0100,2.8600,2.9500,299048,08/04/16,-0.06999999999999984,-2.3178807947019813
NIHD,2.7300,3.0400,2.6500,3.0200,670535,08/03/16,0.25,9.025270758122744
NIHD,3.0100,3.0100,2.7225,2.7700,391721,08/02/16,-0.27,-8.881578947368421
NIHD,3.0400,3.1200,2.8900,3.0400,670138,08/01/16,0.0,0.0
NIHD,2.9200,3.0700,2.8300,3.0400,518159,07/29/16,0.08000000000000007,2.7027027027027053
NIHD,2.9500,3.0000,2.8100,2.9600,119566,07/28/16,-0.010000000000000231,-0.33670033670034444
NIHD,2.9200,3.0046,2.8100,2.9700,203839,07/27/16,0.050000000000000266,1.7123287671232967
NIHD,2.8900,2.9600,2.8600,2.9200,165547,07/26/16,0.029999999999999805,1.0380622837370175
NIHD,2.7300,2.9100,2.6600,2.8900,238232,07/25/16,0.1200000000000001,4.332129963898921
NIHD,2.6800,2.8800,2.5810,2.7700,361710,07/22/16,0.06999999999999984,2.5925925925925863
NIHD,2.9100,3.0100,2.5700,2.7000,1.21 M,07/21/16,-0.23999999999999977,-8.163265306122442
NIHD,3.1900,3.1900,2.9000,2.9400,283496,07/20/16,-0.20999999999999996,-6.666666666666666
NIHD,3.1300,3.1876,3.1100,3.1500,318618,07/19/16,0.020000000000000018,0.6389776357827482
NIHD,3.2600,3.2600,3.0600,3.1300,230883,07/18/16,-0.1200000000000001,-3.6923076923076956
NIHD,3.3200,3.3499,3.2000,3.2500,553177,07/15/16,-0.040000000000000036,-1.2158054711246211
NIHD,3.2600,3.3500,3.1500,3.2900,320916,07/14/16,0.10000000000000009,3.134796238244517
NIHD,3.2500,3.3500,3.1700,3.1900,266692,07/13/16,-0.03000000000000025,-0.931677018633548
NIHD,3.1800,3.2500,3.1400,3.2200,346184,07/12/16,0.08000000000000007,2.5477707006369448
NIHD,3.1800,3.2300,3.1200,3.1400,1.22 M,07/11/16,-0.020000000000000018,-0.6329113924050638
NIHD,3.0400,3.1600,2.8900,3.1600,731006,07/08/16,0.18000000000000016,6.040268456375844
NIHD,2.9400,3.0100,2.8100,2.9800,311149,07/07/16,0.020000000000000018,0.6756756756756763
NIHD,2.9500,2.9900,2.8600,2.9600,316884,07/06/16,-0.020000000000000018,-0.671140939597316
NIHD,3.0000,3.0200,2.8900,2.9800,290332,07/05/16,-0.06000000000000005,-1.9736842105263175
NIHD,3.1800,3.3350,2.9800,3.0400,612663,07/01/16,-0.14000000000000012,-4.402515723270444
NIHD,3.0300,3.2400,2.8900,3.1800,723413,06/30/16,0.18000000000000016,6.000000000000004
NIHD,2.8400,3.0600,2.8100,3.0000,584363,06/29/16,0.16999999999999993,6.007067137809185
NIHD,2.8500,3.0500,2.7200,2.8300,486561,06/28/16,0.04499999999999993,1.6157989228007155
NIHD,3.0000,3.2400,2.7000,2.7850,632998,06/27/16,-0.21499999999999986,-7.166666666666662
NIHD,3.2000,3.3200,3.0000,3.0000,6.66 M,06/24/16,-0.33000000000000007,-9.909909909909912
NIHD,3.3700,3.4900,3.2496,3.3300,783733,06/23/16,-0.040000000000000036,-1.1869436201780426
NIHD,3.5400,3.6400,3.2600,3.3700,763089,06/22/16,-0.19999999999999973,-5.602240896358536
NIHD,3.6500,3.7300,3.2300,3.5700,865776,06/21/16,-0.08000000000000007,-2.1917808219178103
NIHD,3.9100,3.9600,3.6000,3.6500,473056,06/20/16,-0.20999999999999996,-5.44041450777202
NIHD,3.7900,3.8900,3.6400,3.8600,5.23 M,06/17/16,0.10999999999999988,2.93333333333333
NIHD,3.7600,3.8000,3.7000,3.7500,1.12 M,06/16/16,-0.009999999999999787,-0.26595744680850497
NIHD,3.7200,3.8100,3.7100,3.7600,659580,06/15/16,0.06999999999999984,1.8970189701896976
NIHD,3.6500,3.7800,3.6200,3.6900,669683,06/14/16,0.040000000000000036,1.0958904109589052
NIHD,3.4900,3.7300,3.4600,3.6500,982742,06/13/16,0.1299999999999999,3.6931818181818152
NIHD,3.5600,3.6200,3.4100,3.5200,326042,06/10/16,-0.06000000000000005,-1.6759776536312865
NIHD,3.5900,3.7900,3.5200,3.5800,592549,06/09/16,0.0,0.0
NIHD,3.5200,3.6200,3.4600,3.5800,629229,06/08/16,0.08000000000000007,2.285714285714288
NIHD,3.3800,3.5150,3.3800,3.5000,546424,06/07/16,0.1499999999999999,4.477611940298504
NIHD,3.3600,3.4300,3.2500,3.3500,660685,06/06/16,-0.029999999999999805,-0.8875739644970356
NIHD,3.3200,3.4500,3.1200,3.3800,748402,06/03/16,-0.07000000000000028,-2.028985507246385
NIHD,3.7000,3.7200,3.3300,3.4500,1.23 M,06/02/16,0.040000000000000036,1.1730205278592385
NIHD,3.7600,3.9000,3.3500,3.4100,2.71 M,06/01/16,-0.3049999999999997,-8.209959623149388
NIHD,3.8100,4.0700,3.6900,3.7150,5.32 M,05/31/16,-0.125,-3.2552083333333335
NIHD,3.5800,3.9900,3.3500,3.8400,8.40 M,05/27/16,0.23999999999999977,6.666666666666661
NIHD,3.1000,3.8700,3.0600,3.6000,2.38 M,05/26/16,0.5,16.129032258064516
NIHD,3.0200,3.1100,2.9000,3.1000,563584,05/25/16,0.10999999999999988,3.6789297658862834
NIHD,2.8700,3.0100,2.8400,2.9900,491732,05/24/16,0.1200000000000001,4.181184668989551
NIHD,3.0000,3.0100,2.7500,2.8700,266157,05/23/16,-0.10999999999999988,-3.6912751677852307
NIHD,2.9000,3.0300,2.8600,2.9800,242564,05/20/16,0.08000000000000007,2.758620689655175
NIHD,2.8300,2.9700,2.8100,2.9000,308503,05/19/16,0.040000000000000036,1.3986013986013999
NIHD,2.7100,3.0000,2.6400,2.8600,1.78 M,05/18/16,0.1299999999999999,4.761904761904758
NIHD,2.8900,3.0500,2.6800,2.7300,840194,05/17/16,-0.16999999999999993,-5.862068965517239
NIHD,3.0900,3.2500,2.8700,2.9000,558835,05/16/16,-0.16000000000000014,-5.228758169934645
NIHD,3.3000,3.4199,3.0500,3.0600,611306,05/13/16,-0.23999999999999977,-7.272727272727266
NIHD,4.1600,4.1600,3.2800,3.3000,1.14 M,05/12/16,-0.8200000000000003,-19.90291262135923
NIHD,4.4400,4.4400,4.1000,4.1200,229822,05/11/16,-0.29000000000000004,-6.575963718820862
NIHD,4.6800,4.6800,4.1700,4.4100,232973,05/10/16,-0.28000000000000025,-5.970149253731348
NIHD,4.6700,4.7800,4.6700,4.6900,144679,05/09/16,-0.009999999999999787,-0.21276595744680396
NIHD,4.7100,4.8600,4.5100,4.7000,163237,05/06/16,-0.040000000000000036,-0.8438818565400851
NIHD,5.1200,5.1400,4.7200,4.7400,193047,05/05/16,-0.3899999999999997,-7.602339181286545
NIHD,5.2200,5.3000,5.0700,5.1300,165937,05/04/16,-0.08999999999999986,-1.7241379310344802
NIHD,5.2600,5.3500,5.2100,5.2200,289119,05/03/16,-0.07000000000000028,-1.3232514177693815
NIHD,5.2900,5.3800,5.2500,5.2900,474618,05/02/16,0.009999999999999787,0.18939393939393534
NIHD,5.2300,5.3000,5.1701,5.2800,112170,04/29/16,0.0600000000000005,1.1494252873563313
NIHD,5.3100,5.3900,5.2100,5.2200,132432,04/28/16,-0.1200000000000001,-2.247191011235957
NIHD,5.4400,5.5000,5.3400,5.3400,222313,04/27/16,-0.1299999999999999,-2.3765996343692852
NIHD,5.5300,5.5500,5.4000,5.4700,95273,04/26/16,-0.03000000000000025,-0.54545454545455
NIHD,5.5600,5.6100,5.4700,5.5000,69224,04/25/16,-0.040000000000000036,-0.7220216606498201
NIHD,5.4600,5.6000,5.4600,5.5400,98537,04/22/16,0.04999999999999982,0.9107468123861534
NIHD,5.3701,5.5900,5.3701,5.4900,151026,04/21/16,-0.10999999999999943,-1.9642857142857042
NIHD,5.6000,5.6500,5.5700,5.6000,186823,04/20/16,0.040000000000000036,0.7194244604316553
NIHD,5.4700,5.6200,5.4700,5.5600,189903,04/19/16,0.0699999999999994,1.2750455373406082
NIHD,5.5100,5.5600,5.3800,5.4900,192054,04/18/16,-0.019999999999999574,-0.3629764065335676
NIHD,5.5200,5.5800,5.4500,5.5100,160859,04/15/16,0.009999999999999787,0.18181818181817794
NIHD,5.4200,5.5400,5.4200,5.5000,143171,04/14/16,0.04999999999999982,0.9174311926605472
NIHD,5.2900,5.5000,5.2900,5.4500,195650,04/13/16,0.1299999999999999,2.4436090225563887
NIHD,5.3100,5.3600,5.2400,5.3200,268843,04/12/16,-0.009999999999999787,-0.1876172607879885
NIHD,5.3000,5.4800,5.1999,5.3300,269180,04/11/16,0.07500000000000018,1.4272121788772631
NIHD,5.2750,5.3800,5.2400,5.2550,275462,04/08/16,0.004999999999999893,0.0952380952380932
NIHD,5.3900,5.4950,5.2100,5.2500,222199,04/07/16,-0.13999999999999968,-2.5974025974025916
NIHD,5.5400,5.6300,5.3300,5.3900,211081,04/06/16,-0.11000000000000032,-2.0000000000000058
NIHD,5.4700,5.6500,5.4000,5.5000,303241,04/05/16,-0.03000000000000025,-0.5424954792043445
NIHD,5.4900,5.6300,5.4900,5.5300,423124,04/04/16,0.020000000000000462,0.3629764065335837
NIHD,5.5300,5.6050,5.4200,5.5100,377683,04/01/16,-0.020000000000000462,-0.36166365280290164
NIHD,5.5400,5.5900,5.4600,5.5300,262052,03/31/16,0.03000000000000025,0.54545454545455
NIHD,5.5500,5.6200,5.4200,5.5000,325637,03/30/16,0.019999999999999574,0.3649635036496272
NIHD,5.4600,5.5300,5.3500,5.4800,225087,03/29/16,-0.02999999999999936,-0.5444646098003514
NIHD,5.4900,5.6900,5.4100,5.5100,248730,03/28/16,0.040000000000000036,0.7312614259597813
NIHD,5.3700,5.4800,5.1700,5.4700,106987,03/24/16,0.0699999999999994,1.296296296296285
NIHD,5.4700,5.5800,5.3100,5.4000,167219,03/23/16,-0.08999999999999986,-1.6393442622950793
NIHD,5.5600,5.6452,5.3500,5.4900,193866,03/22/16,-0.10999999999999943,-1.9642857142857042
NIHD,5.5500,5.7150,5.3300,5.6000,288201,03/21/16,0.05999999999999961,1.0830324909747222
NIHD,5.2300,5.6300,5.1400,5.5400,1.00 M,03/18/16,0.34999999999999964,6.743737957610783
NIHD,5.1500,5.4900,5.1400,5.1900,223185,03/17/16,0.040000000000000036,0.7766990291262142
NIHD,5.1700,5.3500,5.0000,5.1500,133671,03/16/16,-0.04999999999999982,-0.9615384615384581
NIHD,5.3300,5.5000,5.1700,5.2000,257214,03/15/16,-0.28000000000000025,-5.1094890510948945
NIHD,5.0700,5.5500,4.9781,5.4800,413938,03/14/16,0.35000000000000053,6.8226120857699915
NIHD,4.9300,5.1500,4.8950,5.1300,191346,03/11/16,0.25,5.122950819672131
NIHD,4.9300,5.0000,4.8500,4.8800,343923,03/10/16,0.009999999999999787,0.2053388090349032
NIHD,4.9000,5.0400,4.8300,4.8700,240505,03/09/16,-0.019999999999999574,-0.40899795501021624
NIHD,4.8100,4.9900,4.7100,4.8900,332411,03/08/16,0.08000000000000007,1.6632016632016648
NIHD,4.7700,4.8800,4.5600,4.8100,321432,03/07/16,0.009999999999999787,0.2083333333333289
NIHD,5.0200,5.0200,4.6100,4.8000,526316,03/04/16,-0.33999999999999986,-6.614785992217897
NIHD,5.1100,5.1800,4.9100,5.1400,241463,03/03/16,0.02999999999999936,0.5870841487279718
NIHD,5.1300,5.2400,4.7100,5.1100,428210,03/02/16,-0.02999999999999936,-0.5836575875486257
NIHD,5.1900,5.2800,4.9500,5.1400,429205,03/01/16,-0.16999999999999993,-3.2015065913370986
NIHD,4.4500,5.6700,4.0550,5.3100,1.97 M,02/29/16,0.8299999999999992,18.526785714285694
NIHD,4.5400,4.5400,4.4100,4.4800,176639,02/26/16,-0.009999999999999787,-0.22271714922048522
NIHD,4.1300,4.6600,4.1100,4.4900,262284,02/25/16,0.33999999999999986,8.192771084337345
NIHD,4.0416,4.3600,4.0200,4.1500,164569,02/24/16,-0.05999999999999961,-1.4251781472683993
NIHD,4.0900,4.2700,3.9400,4.2100,206705,02/23/16,0.11000000000000032,2.682926829268301
NIHD,4.0700,4.2800,4.0100,4.1000,269294,02/22/16,0.11999999999999966,3.015075376884414
NIHD,3.9800,4.2400,3.8500,3.9800,269432,02/19/16,0.0,0.0
NIHD,4.0900,4.2000,3.8900,3.9800,93206,02/18/16,-0.06999999999999984,-1.7283950617283912
NIHD,3.8500,4.1000,3.5400,4.0500,112883,02/17/16,0.2599999999999998,6.860158311345641
NIHD,3.8000,3.9400,3.5100,3.7900,193300,02/16/16,0.06000000000000005,1.6085790884718514
NIHD,3.6100,3.7700,3.4500,3.7300,116890,02/12/16,0.14000000000000012,3.8997214484679703
NIHD,3.4500,3.6000,3.4100,3.5900,87921,02/11/16,0.04999999999999982,1.4124293785310684
NIHD,3.5100,3.8100,3.4000,3.5400,132287,02/10/16,0.04999999999999982,1.4326647564469863
NIHD,3.5400,3.6300,3.4400,3.4900,113327,02/09/16,-0.07999999999999963,-2.240896358543407
NIHD,3.7500,3.9500,3.5200,3.5700,101474,02/08/16,-0.2200000000000002,-5.804749340369399
NIHD,3.8500,4.0500,3.7500,3.7900,169892,02/05/16,-0.08000000000000007,-2.0671834625323013
NIHD,3.7300,3.9600,3.6600,3.8700,177620,02/04/16,0.16000000000000014,4.312668463611864
NIHD,3.7200,3.8600,3.6500,3.7100,605532,02/03/16,-0.020000000000000018,-0.5361930294906171
NIHD,3.6900,3.8000,3.6500,3.7300,153145,02/02/16,0.020000000000000018,0.539083557951483
NIHD,3.6400,3.8200,3.5900,3.7100,379106,02/01/16,0.06000000000000005,1.6438356164383576
NIHD,3.6200,3.9400,3.5900,3.6500,288962,01/29/16,0.06000000000000005,1.6713091922005587
NIHD,3.7200,3.7200,3.5800,3.5900,91614,01/28/16,-0.10000000000000009,-2.710027100271005
NIHD,3.7100,3.7700,3.6150,3.6900,117975,01/27/16,-0.06999999999999984,-1.8617021276595702
NIHD,3.7500,3.8500,3.6700,3.7600,343453,01/26/16,0.009999999999999787,0.266666666666661
NIHD,3.3500,3.8200,3.2850,3.7500,749383,01/25/16,0.3900000000000001,11.607142857142861
NIHD,3.2700,3.4500,3.1500,3.3600,332475,01/22/16,0.1299999999999999,4.024767801857582
NIHD,3.3400,3.3450,3.2000,3.2300,244109,01/21/16,-0.08999999999999986,-2.710843373493972
NIHD,3.0500,3.3500,3.0500,3.3200,412052,01/20/16,0.16999999999999993,5.3968253968253945
NIHD,3.7100,3.7100,3.0100,3.1500,523115,01/19/16,-0.5100000000000002,-13.934426229508203
NIHD,3.8200,3.9200,3.4300,3.6600,367734,01/15/16,-0.23999999999999977,-6.153846153846149
NIHD,3.6700,4.0400,3.5380,3.9000,531002,01/14/16,0.20999999999999996,5.691056910569105
NIHD,3.9000,4.0400,3.6300,3.6900,246170,01/13/16,-0.18999999999999995,-4.896907216494844
NIHD,3.9400,4.0000,3.7700,3.8800,236087,01/12/16,-0.040000000000000036,-1.020408163265307
NIHD,3.9500,4.1600,3.7600,3.9200,391088,01/11/16,0.009999999999999787,0.25575447570331933
NIHD,4.0200,4.2000,3.8600,3.9100,275752,01/08/16,-0.06999999999999984,-1.7587939698492423
NIHD,4.0900,4.4941,3.8800,3.9800,360970,01/07/16,-0.1499999999999999,-3.631961259079901
NIHD,4.3800,4.4792,4.0140,4.1300,844639,01/06/16,-0.3600000000000003,-8.017817371937646
NIHD,4.6800,4.8000,4.4100,4.4900,318817,01/05/16,-0.10999999999999943,-2.391304347826075
NIHD,5.0100,5.0500,4.5200,4.6000,636518,01/04/16,-0.4500000000000002,-8.910891089108913
NIHD,5.0900,5.1700,5.0000,5.0500,285628,12/31/15,-0.07000000000000028,-1.3671875000000056
NIHD,5.0500,5.1300,4.9100,5.1200,235805,12/30/15,0.11000000000000032,2.1956087824351362
NIHD,5.0200,5.0800,4.9000,5.0100,189040,12/29/15,0.0699999999999994,1.4170040485829836
NIHD,4.9900,5.0000,4.8800,4.9400,184200,12/28/15,0.040000000000000036,0.8163265306122456
NIHD,4.8800,4.9900,4.8500,4.9000,85723,12/24/15,0.020000000000000462,0.40983606557377994
NIHD,4.9200,4.9716,4.7100,4.8800,352655,12/23/15,-0.0600000000000005,-1.214574898785435
NIHD,5.0100,5.0400,4.6700,4.9400,301463,12/22/15,-0.040000000000000036,-0.8032128514056232
NIHD,5.0000,5.0100,4.7500,4.9800,359243,12/21/15,0.03000000000000025,0.6060606060606111
NIHD,4.9500,5.2400,4.9200,4.9500,2.69 M,12/18/15,0.009999999999999787,0.20242914979756652
NIHD,5.1100,5.3444,4.9100,4.9400,417291,12/17/15,-0.13999999999999968,-2.7559055118110174
NIHD,5.0000,5.1100,4.7800,5.0800,560982,12/16/15,-0.019999999999999574,-0.3921568627450897
NIHD,5.1500,5.2600,4.9400,5.1000,548958,12/15/15,-0.03000000000000025,-0.5847953216374318
NIHD,4.7000,5.2298,4.7000,5.1300,653624,12/14/15,0.4399999999999995,9.381663113006384
NIHD,4.8800,5.0100,4.4300,4.6900,550823,12/11/15,-0.23999999999999932,-4.868154158214996
NIHD,4.9600,5.0700,4.9100,4.9300,650010,12/10/15,-0.020000000000000462,-0.40404040404041336
NIHD,5.4600,5.6100,4.9000,4.9500,347886,12/09/15,-0.5,-9.174311926605505
NIHD,5.5600,5.7575,5.4000,5.4500,280322,12/08/15,-0.09999999999999964,-1.8018018018017954
NIHD,6.2600,6.2800,5.3300,5.5500,229323,12/07/15,-0.6900000000000004,-11.057692307692314
NIHD,6.5200,6.5300,6.1800,6.2400,76510,12/04/15,-0.2999999999999998,-4.58715596330275
NIHD,6.7000,6.8000,6.3900,6.5400,131364,12/03/15,-0.1200000000000001,-1.8018018018018034
NIHD,6.6600,6.8100,6.5400,6.6600,146519,12/02/15,-0.040000000000000036,-0.5970149253731348
NIHD,6.9300,6.9300,6.4200,6.7000,253783,12/01/15,-0.20999999999999996,-3.039073806078147
NIHD,6.7200,6.9200,6.6300,6.9100,1.05 M,11/30/15,0.1900000000000004,2.8273809523809583
NIHD,6.6600,6.7500,6.6600,6.7200,26855,11/27/15,-0.040000000000000036,-0.5917159763313615
NIHD,6.7600,6.8000,6.5125,6.7600,175523,11/25/15,-0.03000000000000025,-0.44182621502209496
NIHD,6.6900,6.8300,6.5400,6.7900,84180,11/24/15,0.11000000000000032,1.6467065868263522
NIHD,6.8200,6.8200,6.5500,6.6800,104327,11/23/15,-0.0600000000000005,-0.8902077151335385
NIHD,6.6700,6.9100,6.5600,6.7400,78978,11/20/15,0.040000000000000036,0.5970149253731348
NIHD,6.7200,6.9400,6.5000,6.7000,136938,11/19/15,-0.019999999999999574,-0.2976190476190413
NIHD,6.3300,6.7700,6.3000,6.7200,173713,11/18/15,0.3799999999999999,5.993690851735014
NIHD,6.3900,6.4200,6.3000,6.3400,67518,11/17/15,-0.040000000000000036,-0.6269592476489034
NIHD,6.4700,6.4900,6.2900,6.3800,147135,11/16/15,-0.11000000000000032,-1.694915254237293
NIHD,6.2200,6.6700,6.1800,6.4900,74699,11/13/15,0.22000000000000064,3.508771929824572
NIHD,6.3600,6.3900,6.1700,6.2700,85067,11/12/15,-0.14000000000000057,-2.1840873634945486
NIHD,6.5300,6.5800,6.3436,6.4100,83150,11/11/15,-0.08999999999999986,-1.3846153846153824
NIHD,6.5200,6.5200,6.3300,6.5000,91694,11/10/15,-0.07000000000000028,-1.0654490106544945
NIHD,6.7000,6.7000,6.5200,6.5700,45648,11/09/15,-0.09999999999999964,-1.4992503748125885
NIHD,6.7400,6.7500,6.4000,6.6700,60569,11/06/15,0.0,0.0
NIHD,6.9100,6.9100,6.5720,6.6700,108180,11/05/15,-0.2599999999999998,-3.751803751803749
NIHD,7.1000,7.1000,6.7700,6.9300,110145,11/04/15,-0.10000000000000053,-1.4224751066856405
NIHD,7.2100,7.2900,6.7220,7.0300,327961,11/03/15,-0.14999999999999947,-2.0891364902506893
NIHD,7.0100,7.4900,6.9100,7.1800,238343,11/02/15,0.16000000000000014,2.2792022792022815
NIHD,6.8300,7.0700,6.8100,7.0200,202050,10/30/15,0.11999999999999922,1.7391304347825973
NIHD,7.1200,7.1200,6.7300,6.9000,93452,10/29/15,-0.09999999999999964,-1.4285714285714235
NIHD,6.9300,7.2000,6.0600,7.0000,92889,10/28/15,0.15000000000000036,2.1897810218978155
NIHD,7.0100,7.0300,6.8000,6.8500,95549,10/27/15,-0.16999999999999993,-2.421652421652421
NIHD,6.7600,7.2100,6.7600,7.0200,146503,10/26/15,0.22999999999999954,3.38733431516936
NIHD,6.8000,7.0000,6.7302,6.7900,128251,10/23/15,0.08999999999999986,1.3432835820895501
NIHD,6.5300,6.7600,6.4100,6.7000,81195,10/22/15,0.20999999999999996,3.235747303543913
NIHD,6.5700,6.5800,6.4000,6.4900,123099,10/21/15,-0.019999999999999574,-0.3072196620583652
NIHD,6.6600,6.7000,6.4700,6.5100,68747,10/20/15,-0.11000000000000032,-1.6616314199395819
NIHD,6.7400,6.8500,6.5000,6.6200,113686,10/19/15,-0.1200000000000001,-1.7804154302670638
NIHD,6.8500,6.9300,6.6000,6.7400,114471,10/16/15,-0.0699999999999994,-1.0279001468428692
NIHD,6.5500,6.8300,6.2400,6.8100,269572,10/15/15,0.3199999999999994,4.930662557781193
NIHD,6.7200,6.7500,6.2800,6.4900,136458,10/14/15,-0.22999999999999954,-3.422619047619041
NIHD,6.7600,6.9700,6.6400,6.7200,175043,10/13/15,-0.0600000000000005,-0.8849557522123966
NIHD,6.6200,6.7900,6.5000,6.7800,117817,10/12/15,0.16000000000000014,2.4169184290030232
NIHD,6.6400,6.8200,6.2200,6.6200,290966,10/09/15,-0.019999999999999574,-0.301204819277102
NIHD,6.9100,7.8100,6.5000,6.6400,1.16 M,10/08/15,-0.3200000000000003,-4.5977011494252915
NIHD,6.6500,7.0000,6.6500,6.9600,346468,10/07/15,0.33000000000000007,4.977375565610861
NIHD,6.5500,6.7200,6.1000,6.6300,986600,10/06/15,-0.1299999999999999,-1.9230769230769216
NIHD,6.5300,7.1140,6.3800,6.7600,238211,10/05/15,0.20000000000000018,3.0487804878048808
NIHD,6.1500,6.5700,6.1000,6.5600,290167,10/02/15,0.33999999999999986,5.466237942122184
NIHD,6.4800,6.5800,6.0700,6.2200,589938,10/01/15,-0.29000000000000004,-4.454685099846391
NIHD,6.4500,6.5300,6.3200,6.5100,758367,09/30/15,0.17999999999999972,2.8436018957345928
NIHD,6.6100,7.0700,6.2100,6.3300,1.16 M,09/29/15,-0.3200000000000003,-4.812030075187974
NIHD,7.6800,8.1600,6.4500,6.6500,907285,09/28/15,-1.0899999999999999,-14.08268733850129
NIHD,8.6500,8.6500,7.4900,7.7400,2.05 M,09/25/15,-0.9399999999999995,-10.829493087557598
NIHD,8.7600,8.8700,8.5800,8.6800,448030,09/24/15,-0.16000000000000014,-1.8099547511312233
NIHD,9.0000,9.2000,8.8400,8.8400,397300,09/23/15,-0.09999999999999964,-1.1185682326621884
NIHD,8.7500,9.0600,8.5800,8.9400,507870,09/22/15,0.10999999999999943,1.2457531143827796
NIHD,9.1400,9.1600,8.7200,8.8300,533595,09/21/15,-0.3100000000000005,-3.391684901531734
NIHD,9.4400,9.7500,9.0700,9.1400,4.60 M,09/18/15,-0.2599999999999998,-2.765957446808508
NIHD,9.2000,9.7800,9.2000,9.4000,1.05 M,09/17/15,0.11000000000000121,1.1840688912809603
NIHD,8.4700,9.4200,8.4000,9.2900,1.58 M,09/16/15,0.7599999999999998,8.90973036342321
NIHD,8.6700,8.6800,8.3300,8.5300,1.34 M,09/15/15,0.10999999999999943,1.306413301662701
NIHD,8.4100,8.6200,8.3500,8.4200,1.14 M,09/14/15,0.08000000000000007,0.9592326139088738
NIHD,8.3800,8.5000,8.2150,8.3400,385015,09/11/15,0.16999999999999993,2.0807833537331692
NIHD,8.6000,8.6900,8.0900,8.1700,917694,09/10/15,-0.6899999999999995,-7.787810383747172
NIHD,9.0300,9.1200,8.8000,8.8600,743967,09/09/15,-0.07000000000000028,-0.7838745800671925
NIHD,9.1600,9.1600,8.8350,8.9300,664267,09/08/15,0.019999999999999574,0.224466891133553
NIHD,8.8700,8.9500,8.7600,8.9100,206181,09/04/15,-0.02999999999999936,-0.3355704697986506
NIHD,8.6400,9.0000,8.6400,8.9400,206993,09/03/15,0.2400000000000002,2.7586206896551753
NIHD,9.0700,9.0800,8.6100,8.7000,30277,09/02/15,-0.25,-2.7932960893854752
NIHD,8.4000,9.2000,8.4000,8.9500,279319,09/01/15,0.35999999999999943,4.190919674039574
NIHD,8.5200,9.0700,8.3900,8.5900,288700,08/31/15,0.09999999999999964,1.177856301531209
NIHD,7.9600,8.5000,7.8700,8.4900,44723,08/28/15,0.4299999999999997,5.334987593052105
NIHD,7.9900,8.2500,7.9700,8.0600,66736,08/27/15,0.07000000000000028,0.8760951188986268
NIHD,8.1200,8.1200,7.8000,7.9900,166435,08/26/15,0.16999999999999993,2.17391304347826
NIHD,8.2000,8.3900,7.7000,7.8200,309698,08/25/15,0.08999999999999986,1.164294954721861
NIHD,8.0000,8.0500,7.4300,7.7300,237035,08/24/15,-0.5899999999999999,-7.0913461538461515
NIHD,8.6000,8.6000,7.1543,8.3200,76467,08/21/15,-0.4299999999999997,-4.914285714285711
NIHD,8.9200,8.9200,8.4100,8.7500,106792,08/20/15,-0.15000000000000036,-1.6853932584269702
NIHD,9.0400,9.0400,8.7900,8.9000,166026,08/19/15,0.0,0.0
NIHD,8.7900,9.2900,8.7900,8.9000,591946,08/18/15,0.0,0.0
NIHD,9.2500,9.2500,8.7500,8.9000,275735,08/17/15,-0.21999999999999886,-2.4122807017543737
NIHD,9.1900,9.2400,8.8000,9.1200,128081,08/14/15,-0.20400000000000063,-2.1879021879021945
NIHD,9.1700,9.7500,9.0500,9.3240,35883,08/13/15,0.23399999999999999,2.5742574257425743
NIHD,9.1200,9.3100,8.7050,9.0900,543243,08/12/15,-0.05000000000000071,-0.547045951859964
NIHD,10.7400,10.7400,8.9900,9.1400,666957,08/11/15,-1.6899999999999995,-15.604801477377649
NIHD,13.1800,13.1800,9.5100,10.8300,89238,08/10/15,-2.459999999999999,-18.510158013544014
NIHD,13.4000,13.4900,13.0200,13.2900,101788,08/07/15,-0.245000000000001,-1.8101219061691982
NIHD,13.8600,13.8600,13.0300,13.5350,7846,08/06/15,-0.254999999999999,-1.8491660623640247
NIHD,13.7900,13.8000,13.0600,13.7900,38155,08/05/15,-0.010000000000001563,-0.07246376811595336
NIHD,13.8200,13.9000,12.8300,13.8000,29837,08/04/15,0.0,0.0
NIHD,14.1300,14.3000,13.8000,13.8000,155427,08/03/15,-0.5,-3.4965034965034962
NIHD,14.5000,14.5000,14.2000,14.3000,174726,07/31/15,-0.019999999999999574,-0.13966480446927076
NIHD,14.2500,14.5000,14.1000,14.3200,74899,07/30/15,0.019999999999999574,0.13986013986013687
NIHD,14.5000,14.5000,14.1120,14.3000,29617,07/29/15,-0.1999999999999993,-1.3793103448275814
NIHD,14.7900,14.8000,14.5000,14.5000,50890,07/28/15,-0.1999999999999993,-1.3605442176870701
NIHD,14.6500,15.0000,14.5000,14.7000,98381,07/27/15,-0.16999999999999993,-1.1432414256893069
NIHD,15.0500,15.0800,14.8000,14.8700,10078,07/24/15,-0.27800000000000047,-1.8352257723791952
NIHD,15.4000,15.4000,15.0700,15.1480,6477,07/23/15,-0.21700000000000053,-1.4123006833713019
NIHD,15.5000,15.6000,14.7500,15.3650,17656,07/22/15,-0.1349999999999998,-0.8709677419354825
NIHD,15.4500,15.5500,15.4500,15.5000,6345,07/21/15,-0.011699999999999378,-0.0754269357968461
NIHD,15.5000,16.0000,15.4001,15.5117,4064,07/20/15,-0.04830000000000112,-0.3104113110539918
NIHD,15.8000,15.8500,15.5600,15.5600,16062,07/17/15,-0.2400000000000002,-1.518987341772153
NIHD,15.9400,15.9500,15.7000,15.8000,7719,07/16/15,-0.09999999999999964,-0.6289308176100606
NIHD,14.8200,16.0000,14.8200,15.9000,57006,07/15/15,0.08999999999999986,0.5692599620493349
NIHD,15.7900,16.0000,15.7900,15.8100,6388,07/14/15,-0.27999999999999936,-1.74021131137352
NIHD,16.0000,16.1200,16.0000,16.0900,44178,07/13/15,-0.010000000000001563,-0.06211180124224573
NIHD,16.0000,16.1000,15.9500,16.1000,79075,07/10/15,0.10000000000000142,0.6250000000000089
NIHD,15.5000,16.0000,15.5000,16.0000,22692,07/09/15,0.5,3.225806451612903
NIHD,15.5000,15.5500,15.2500,15.5000,5225,07/08/15,-0.5,-3.125
NIHD,15.5000,16.6900,15.5000,16.0000,224044,07/07/15,-0.875,-5.185185185185185