RUN,9.0500,9.1200,8.9500,9.0800,835490,04/26/18,0.08999999999999986,1.0011123470522787
RUN,8.9000,9.0300,8.7500,8.9900,1.37 M,04/25/18,0.10999999999999943,1.2387387387387323
RUN,8.8700,9.0400,8.7000,8.8800,1.43 M,04/24/18,0.0600000000000005,0.680272108843543
RUN,9.4400,9.4400,8.6900,8.8200,2.58 M,04/23/18,-0.4499999999999993,-4.8543689320388275
RUN,8.8700,9.4800,8.8200,9.2700,1.80 M,04/20/18,0.35999999999999943,4.040404040404034
RUN,9.1200,9.1500,8.8300,8.9100,1.17 M,04/19/18,-0.1999999999999993,-2.1953896816684884
RUN,8.7900,9.2200,8.7300,9.1100,1.97 M,04/18/18,0.35999999999999943,4.114285714285708
RUN,8.6900,8.8000,8.5800,8.7500,1.09 M,04/17/18,0.11999999999999922,1.3904982618771635
RUN,8.5000,8.7500,8.4300,8.6300,1.50 M,04/16/18,0.13000000000000078,1.5294117647058916
RUN,8.5400,8.6900,8.4200,8.5000,1.47 M,04/13/18,0.02999999999999936,0.35419126328216477
RUN,8.4100,8.6000,8.3600,8.4700,1.49 M,04/12/18,0.19000000000000128,2.2946859903381798
RUN,8.1500,8.4500,8.0100,8.2800,1.71 M,04/11/18,0.08000000000000007,0.975609756097562
RUN,8.2800,8.5900,8.2000,8.2000,2.44 M,04/10/18,0.009999999999999787,0.1221001221001195
RUN,8.5100,8.7300,8.1700,8.1900,2.92 M,04/09/18,-0.33000000000000007,-3.8732394366197194
RUN,9.3000,9.5100,8.3900,8.5200,6.36 M,04/06/18,-1.42,-14.285714285714286
RUN,9.8200,10.1600,9.7600,9.9400,5.04 M,04/05/18,0.11999999999999922,1.2219959266802365
RUN,9.1100,9.8800,8.9400,9.8200,5.33 M,04/04/18,0.6600000000000001,7.205240174672491
RUN,9.1500,9.2400,8.9150,9.1600,2.54 M,04/03/18,0.08000000000000007,0.8810572687224677
RUN,8.9000,9.1200,8.7300,9.0800,2.17 M,04/02/18,0.15000000000000036,1.6797312430011238
RUN,8.7200,9.2300,8.6100,8.9300,3.37 M,03/29/18,0.2400000000000002,2.7617951668584606
RUN,8.7000,8.7490,8.4535,8.6900,2.59 M,03/28/18,-0.07000000000000028,-0.7990867579908708
RUN,8.7500,8.8400,8.5100,8.7600,2.38 M,03/27/18,0.02999999999999936,0.34364261168384147
RUN,8.5500,8.8200,8.5000,8.7300,2.61 M,03/26/18,0.3000000000000007,3.558718861209973
RUN,8.5300,8.8700,8.4200,8.4300,3.12 M,03/23/18,-0.040000000000000924,-0.472255017709574
RUN,8.4900,8.8500,8.1800,8.4700,4.34 M,03/22/18,-0.16999999999999993,-1.9675925925925917
RUN,8.0700,8.9500,8.0700,8.6400,5.11 M,03/21/18,0.5899999999999999,7.329192546583848
RUN,7.6700,8.0800,7.5600,8.0500,2.76 M,03/20/18,0.4200000000000008,5.504587155963314
RUN,7.6400,7.7900,7.4935,7.6300,2.26 M,03/19/18,-0.03000000000000025,-0.3916449086161912
RUN,7.5700,7.6800,7.3200,7.6600,2.28 M,03/16/18,0.20000000000000018,2.6809651474530853
RUN,7.6900,7.7000,7.4050,7.4600,1.57 M,03/15/18,-0.1900000000000004,-2.483660130718959
RUN,7.3300,7.6600,7.2500,7.6500,3.06 M,03/14/18,0.3800000000000008,5.226960110041277
RUN,7.2400,7.4000,7.1500,7.2700,1.88 M,03/13/18,0.0699999999999994,0.9722222222222138
RUN,7.1500,7.3700,7.1500,7.2000,1.71 M,03/12/18,0.04999999999999982,0.6993006993006968
RUN,6.9800,7.2300,6.9600,7.1500,1.98 M,03/09/18,0.2400000000000002,3.4732272069464574
RUN,6.7400,7.0900,6.7100,6.9100,3.12 M,03/08/18,0.15000000000000036,2.218934911242609
RUN,7.4000,7.4000,6.6400,6.7600,6.18 M,03/07/18,-0.6699999999999999,-9.01749663526245
RUN,7.3000,7.4400,7.1600,7.4300,4.22 M,03/06/18,0.22999999999999954,3.194444444444438
RUN,7.0300,7.2000,6.8300,7.2000,2.64 M,03/05/18,0.14000000000000057,1.983002832861198
RUN,6.9700,7.0900,6.6700,7.0600,1.90 M,03/02/18,0.11999999999999922,1.7291066282420635
RUN,6.6700,7.0300,6.5100,6.9400,1.94 M,03/01/18,0.25,3.7369207772795217
RUN,6.8000,6.8850,6.6800,6.6900,1.25 M,02/28/18,-0.05999999999999961,-0.8888888888888831
RUN,7.0800,7.1490,6.7000,6.7500,1.56 M,02/27/18,-0.2999999999999998,-4.2553191489361675
RUN,6.9100,7.1000,6.8826,7.0500,1.67 M,02/26/18,0.1849999999999996,2.6948288419519244
RUN,6.7000,6.8900,6.6200,6.8650,1.32 M,02/23/18,0.17499999999999982,2.6158445440956624
RUN,7.0200,7.0500,6.3500,6.6900,3.00 M,02/22/18,-0.3699999999999992,-5.240793201133133
RUN,6.7700,7.2990,6.7700,7.0600,2.94 M,02/21/18,0.3299999999999992,4.903417533432379
RUN,6.8000,6.8500,6.6800,6.7300,1.33 M,02/20/18,-0.04999999999999982,-0.7374631268436551
RUN,6.5400,6.8800,6.5300,6.7800,2.85 M,02/16/18,0.25,3.8284839203675345
RUN,6.5000,6.5500,6.2400,6.5300,1.81 M,02/15/18,0.11000000000000032,1.7133956386292886
RUN,5.9000,6.5200,5.9000,6.4200,2.70 M,02/14/18,0.4500000000000002,7.537688442211058
RUN,6.0200,6.1100,5.9400,5.9700,1.52 M,02/13/18,-0.03000000000000025,-0.5000000000000041
RUN,5.8400,6.1200,5.6399,6.0000,2.67 M,02/12/18,0.6299999999999999,11.731843575418992
RUN,5.4300,5.4800,5.0800,5.3700,1.67 M,02/09/18,0.040000000000000036,0.7504690431519706
RUN,5.5600,5.6900,5.2600,5.3300,1.40 M,02/08/18,-0.20999999999999996,-3.7906137184115516
RUN,5.5600,5.7000,5.4800,5.5400,847506,02/07/18,-0.009999999999999787,-0.18018018018017634
RUN,5.5200,5.6500,5.4300,5.5500,1.59 M,02/06/18,-0.0600000000000005,-1.0695187165775488
RUN,5.7900,5.8900,5.6000,5.6100,1.36 M,02/05/18,-0.20999999999999996,-3.6082474226804115
RUN,6.0200,6.0500,5.7800,5.8200,1.82 M,02/02/18,-0.25,-4.118616144975288
RUN,6.3200,6.3700,6.0300,6.0700,899082,02/01/18,-0.2599999999999998,-4.107424960505526
RUN,6.7000,6.7300,6.3200,6.3300,1.16 M,01/31/18,-0.33999999999999986,-5.097451274362816
RUN,6.6600,6.7299,6.6100,6.6700,1.06 M,01/30/18,0.009999999999999787,0.15015015015014693
RUN,6.3500,6.7800,6.3500,6.6600,1.54 M,01/29/18,0.33000000000000007,5.213270142180096
RUN,6.3900,6.4050,6.2000,6.3300,878789,01/26/18,0.0,0.0
RUN,6.4700,6.5200,6.2800,6.3300,985947,01/25/18,-0.05999999999999961,-0.9389671361502286
RUN,6.4500,6.5600,6.2700,6.3900,1.30 M,01/24/18,-0.020000000000000462,-0.31201248049922714
RUN,6.4500,6.5700,6.1600,6.4100,3.89 M,01/23/18,0.3700000000000001,6.125827814569539
RUN,5.9400,6.0800,5.8730,6.0400,1.24 M,01/22/18,0.09999999999999964,1.6835016835016774
RUN,5.9100,6.0100,5.8800,5.9400,919568,01/19/18,0.020000000000000462,0.33783783783784566
RUN,6.0600,6.1300,5.7750,5.9200,1.93 M,01/18/18,-0.16999999999999993,-2.791461412151066
RUN,6.0700,6.1500,6.0200,6.0900,992222,01/17/18,0.03000000000000025,0.4950495049504992
RUN,6.3700,6.4100,6.0600,6.0600,926514,01/16/18,-0.3000000000000007,-4.716981132075483
RUN,6.3000,6.4300,6.2320,6.3600,980950,01/12/18,0.0600000000000005,0.9523809523809603
RUN,5.9800,6.3100,5.9398,6.3000,1.87 M,01/11/18,0.28000000000000025,4.651162790697679
RUN,5.9800,6.0250,5.9400,6.0200,511406,01/10/18,0.009999999999999787,0.16638935108152725
RUN,6.0300,6.0800,5.9600,6.0100,563979,01/09/18,-0.040000000000000036,-0.661157024793389
RUN,6.0000,6.1000,5.9200,6.0500,466716,01/08/18,0.040000000000000036,0.6655574043261238
RUN,6.0700,6.0900,5.9400,6.0100,1.06 M,01/05/18,-0.04999999999999982,-0.8250825082508222
RUN,6.0500,6.0900,5.9100,6.0600,798460,01/04/18,0.009999999999999787,0.1652892561983436
RUN,5.9200,6.1400,5.9200,6.0500,933727,01/03/18,0.1299999999999999,2.1959459459459443
RUN,5.8800,5.9800,5.8800,5.9200,672383,01/02/18,0.019999999999999574,0.3389830508474504
RUN,6.0800,6.0900,5.8900,5.9000,879829,12/29/17,-0.16999999999999993,-2.800658978583195
RUN,5.8700,6.0800,5.8700,6.0700,1.01 M,12/28/17,0.20000000000000018,3.407155025553666
RUN,5.8400,5.9400,5.7800,5.8700,435964,12/27/17,0.03000000000000025,0.5136986301369906
RUN,6.0100,6.0100,5.7900,5.8400,552852,12/26/17,-0.17999999999999972,-2.9900332225913577
RUN,6.0400,6.0600,5.9800,6.0200,356646,12/22/17,-0.03000000000000025,-0.49586776859504544
RUN,6.0800,6.0800,6.0100,6.0500,673895,12/21/17,-0.020000000000000462,-0.32948929159803064
RUN,5.9800,6.1200,5.9800,6.0700,697127,12/20/17,0.08000000000000007,1.335559265442405
RUN,6.0700,6.1000,5.9700,5.9900,719743,12/19/17,-0.08000000000000007,-1.3179571663920933
RUN,6.0800,6.1400,6.0300,6.0700,1.26 M,12/18/17,0.010000000000000675,0.16501650165017617
RUN,5.9100,6.1000,5.9000,6.0600,2.73 M,12/15/17,0.1999999999999993,3.4129692832764382
RUN,5.7200,5.9200,5.6000,5.8600,1.12 M,12/14/17,0.16999999999999993,2.987697715289981
RUN,5.7100,5.8260,5.5900,5.6900,858552,12/13/17,0.0,0.0
RUN,5.7900,5.9499,5.6750,5.6900,823555,12/12/17,-0.10999999999999943,-1.8965517241379213
RUN,5.7400,5.8600,5.7000,5.8000,722552,12/11/17,0.0699999999999994,1.221640488656185
RUN,5.7100,5.7800,5.7100,5.7300,693462,12/08/17,0.0600000000000005,1.058201058201067
RUN,5.5400,5.6900,5.5200,5.6700,651670,12/07/17,0.11000000000000032,1.9784172661870563
RUN,5.5500,5.6000,5.4800,5.5600,535423,12/06/17,0.0,0.0
RUN,5.4900,5.6350,5.4400,5.5600,749711,12/05/17,0.0699999999999994,1.2750455373406082
RUN,5.4900,5.7400,5.4800,5.4900,1.05 M,12/04/17,0.04999999999999982,0.9191176470588202
RUN,5.5700,5.6400,5.3200,5.4400,1.12 M,12/01/17,-0.15999999999999925,-2.857142857142844
RUN,5.5600,5.6700,5.5100,5.6000,788590,11/30/17,0.040000000000000036,0.7194244604316553
RUN,5.7200,5.7800,5.4000,5.5600,1.51 M,11/29/17,-0.17000000000000082,-2.9668411867364886
RUN,6.0100,6.0100,5.7000,5.7300,2.02 M,11/28/17,-0.34999999999999964,-5.756578947368415
RUN,5.9700,6.0900,5.9400,6.0800,821576,11/27/17,0.15000000000000036,2.5295109612141715
RUN,5.9500,5.9900,5.8700,5.9300,330516,11/24/17,0.009999999999999787,0.16891891891891533
RUN,5.9200,5.9790,5.7500,5.9200,653601,11/22/17,0.0,0.0
RUN,6.0500,6.0552,5.9000,5.9200,569713,11/21/17,-0.09999999999999964,-1.6611295681063065
RUN,5.9800,6.0800,5.9183,6.0200,720622,11/20/17,-0.03000000000000025,-0.49586776859504544
RUN,6.0000,6.1400,5.9370,6.0500,734075,11/17/17,0.009999999999999787,0.16556291390728123
RUN,6.0700,6.1950,5.9300,6.0400,824992,11/16/17,-0.040000000000000036,-0.6578947368421059
RUN,6.1200,6.2500,6.0100,6.0800,821000,11/15/17,-0.08999999999999986,-1.4586709886547788
RUN,6.0700,6.1800,5.8900,6.1700,710365,11/14/17,0.09999999999999964,1.6474464579901094
RUN,5.9000,6.1500,5.8700,6.0700,1.06 M,11/13/17,0.2400000000000002,4.116638078902233
RUN,6.2000,6.2400,5.6400,5.8300,1.88 M,11/10/17,-0.41000000000000014,-6.570512820512823
RUN,6.4100,6.7300,6.0300,6.2400,2.88 M,11/09/17,0.35000000000000053,5.942275042444832
RUN,5.8200,6.1900,5.7500,5.8900,933983,11/08/17,0.02999999999999936,0.5119453924914567
RUN,6.2000,6.2350,5.8000,5.8600,1.23 M,11/07/17,-0.2699999999999996,-4.404567699836861
RUN,5.7500,6.1600,5.7000,6.1300,1.34 M,11/06/17,0.47999999999999954,8.49557522123893
RUN,5.6700,5.7200,5.5900,5.6500,685743,11/03/17,-0.040000000000000036,-0.7029876977152906
RUN,5.7700,5.8000,5.6300,5.6900,940598,11/02/17,-0.04999999999999982,-0.8710801393728191
RUN,5.6700,5.8400,5.6600,5.7400,895458,11/01/17,0.0,0.0
RUN,5.7500,5.9200,5.6400,5.7400,1.51 M,10/31/17,0.020000000000000462,0.34965034965035774
RUN,5.5800,5.8100,5.5500,5.7200,886750,10/30/17,0.09999999999999964,1.7793594306049758
RUN,5.4500,5.6800,5.4500,5.6200,741173,10/27/17,0.17999999999999972,3.308823529411759
RUN,5.4200,5.5200,5.3800,5.4400,466306,10/26/17,0.020000000000000462,0.3690036900369089
RUN,5.4500,5.5300,5.3500,5.4200,1.01 M,10/25/17,-0.020000000000000462,-0.3676470588235379
RUN,5.3900,5.5850,5.3750,5.4400,1.09 M,10/24/17,0.07000000000000028,1.3035381750465602
RUN,5.5500,5.6300,5.3100,5.3700,781632,10/23/17,-0.20000000000000018,-3.590664272890488
RUN,5.5000,5.5900,5.4400,5.5700,606667,10/20/17,0.11000000000000032,2.0146520146520204
RUN,5.5000,5.6200,5.3700,5.4600,579932,10/19/17,-0.08000000000000007,-1.4440433212996402
RUN,5.5900,5.7000,5.5400,5.5400,1.07 M,10/18/17,0.0,0.0
RUN,5.5300,5.7000,5.5050,5.5400,1.22 M,10/17/17,0.04999999999999982,0.9107468123861534
RUN,5.5200,5.6300,5.4900,5.4900,596314,10/16/17,-0.02999999999999936,-0.5434782608695536
RUN,5.3900,5.6000,5.3800,5.5200,826843,10/13/17,0.1299999999999999,2.411873840445267
RUN,5.4700,5.5200,5.3800,5.3900,694448,10/12/17,-0.08000000000000007,-1.4625228519195625
RUN,5.4500,5.5400,5.4200,5.4700,656222,10/11/17,0.019999999999999574,0.3669724770642124
RUN,5.4800,5.5801,5.4300,5.4500,670421,10/10/17,0.020000000000000462,0.36832412523021113
RUN,5.5800,5.6800,5.4300,5.4300,495479,10/09/17,-0.15000000000000036,-2.688172043010759
RUN,5.5000,5.6600,5.5000,5.5800,404039,10/06/17,0.040000000000000036,0.7220216606498201
RUN,5.6200,5.7200,5.4900,5.5400,698819,10/05/17,-0.08999999999999986,-1.598579040852573
RUN,5.6400,5.7200,5.5400,5.6300,665203,10/04/17,-0.020000000000000462,-0.3539823008849639
RUN,5.5600,5.6600,5.5200,5.6500,729278,10/03/17,0.1200000000000001,2.1699819168173615
RUN,5.4900,5.5650,5.4100,5.5300,766464,10/02/17,-0.019999999999999574,-0.3603603603603527
RUN,5.5100,5.6900,5.4699,5.5500,708737,09/29/17,0.019999999999999574,0.3616636528028856
RUN,5.6000,5.6100,5.4000,5.5300,1.12 M,09/28/17,-0.09999999999999964,-1.7761989342806332
RUN,5.4000,5.7100,5.3900,5.6300,1.13 M,09/27/17,0.22999999999999954,4.259259259259251
RUN,5.1700,5.5400,5.1600,5.4000,1.38 M,09/26/17,0.20999999999999996,4.046242774566473
RUN,5.6000,5.6140,5.1290,5.1900,1.73 M,09/25/17,-0.39999999999999947,-7.155635062611797
RUN,5.4600,5.8100,5.1000,5.5900,2.87 M,09/22/17,0.1200000000000001,2.193784277879344
RUN,5.9900,6.0400,4.2100,5.4700,3.13 M,09/21/17,-0.5499999999999998,-9.136212624584715
RUN,6.0900,6.2400,6.0000,6.0200,1.35 M,09/20/17,-0.03000000000000025,-0.49586776859504544
RUN,6.4200,6.4300,6.0150,6.0500,2.54 M,09/19/17,-0.39000000000000057,-6.055900621118021
RUN,6.7500,6.8000,6.4400,6.4400,1.49 M,09/18/17,-0.27999999999999936,-4.166666666666657
RUN,6.8800,6.9200,6.6250,6.7200,1.59 M,09/15/17,-0.14000000000000057,-2.0408163265306203
RUN,6.8200,6.9400,6.7850,6.8600,550863,09/14/17,0.03000000000000025,0.43923865300146775
RUN,6.9200,6.9500,6.8300,6.8300,511498,09/13/17,-0.11000000000000032,-1.5850144092219065
RUN,6.9200,7.0200,6.8500,6.9400,610703,09/12/17,0.020000000000000462,0.2890173410404691
RUN,7.0000,7.0800,6.7300,6.9200,729354,09/11/17,-0.1200000000000001,-1.7045454545454561
RUN,7.1500,7.2000,6.9800,7.0400,1.01 M,09/08/17,-0.11000000000000032,-1.5384615384615428
RUN,7.0900,7.2100,7.0400,7.1500,836430,09/07/17,0.08000000000000007,1.1315417256011324
RUN,6.9200,7.1700,6.8541,7.0700,936213,09/06/17,0.15000000000000036,2.1676300578034735
RUN,6.7500,6.9400,6.7200,6.9200,1.11 M,09/05/17,0.15000000000000036,2.215657311669134
RUN,6.7100,6.7900,6.5200,6.7700,764593,09/01/17,0.0699999999999994,1.044776119402976
RUN,6.8100,6.8600,6.6400,6.7000,1.01 M,08/31/17,-0.08000000000000007,-1.1799410029498536
RUN,6.8000,6.9084,6.7100,6.7800,662661,08/30/17,-0.04999999999999982,-0.7320644216691042
RUN,6.8700,6.9100,6.6850,6.8300,799346,08/29/17,-0.09999999999999964,-1.443001443001438
RUN,6.9400,7.0300,6.8200,6.9300,832902,08/28/17,0.019999999999999574,0.289435600578865
RUN,7.4700,7.5500,6.8300,6.9100,2.39 M,08/25/17,-0.6799999999999997,-8.959156785243739
RUN,7.2300,7.7800,7.1000,7.5900,3.05 M,08/24/17,0.6499999999999995,9.36599423631123
RUN,6.6800,6.9900,6.6000,6.9400,1.06 M,08/23/17,0.23000000000000043,3.4277198211624507
RUN,6.7300,6.8550,6.6800,6.7100,377403,08/22/17,0.009999999999999787,0.1492537313432804
RUN,6.8300,6.8900,6.7000,6.7000,343801,08/21/17,-0.14999999999999947,-2.1897810218978027
RUN,6.6000,6.9000,6.5100,6.8500,840579,08/18/17,0.1999999999999993,3.0075187969924704
RUN,6.8000,6.9400,6.6400,6.6500,591430,08/17/17,-0.1899999999999995,-2.7777777777777706
RUN,6.9200,7.0800,6.7900,6.8400,490109,08/16/17,-0.10000000000000053,-1.4409221902017366
RUN,6.9700,7.0700,6.8699,6.9400,605758,08/15/17,-0.019999999999999574,-0.28735632183907434
RUN,6.8500,7.1000,6.8200,6.9600,591870,08/14/17,0.13999999999999968,2.0527859237536608
RUN,6.6500,6.8400,6.6000,6.8200,614906,08/11/17,0.1299999999999999,1.9431988041853496
RUN,6.8000,6.8600,6.5200,6.6900,1.47 M,08/10/17,-0.14999999999999947,-2.192982456140343
RUN,6.9500,6.9600,6.7500,6.8400,1.25 M,08/09/17,-0.20999999999999996,-2.9787234042553186
RUN,6.9000,7.3000,6.5000,7.0500,2.94 M,08/08/17,-0.3700000000000001,-4.986522911051215
RUN,7.2500,7.4800,7.2400,7.4200,1.05 M,08/07/17,0.15000000000000036,2.0632737276478728
RUN,7.2800,7.3700,7.2200,7.2700,578483,08/04/17,0.02999999999999936,0.41436464088396907
RUN,7.2500,7.3850,7.1950,7.2400,745054,08/03/17,0.04999999999999982,0.6954102920723202
RUN,7.4000,7.4000,6.9500,7.1900,962063,08/02/17,-0.25,-3.3602150537634405
RUN,7.5300,7.5500,7.3550,7.4400,629753,08/01/17,-0.08999999999999986,-1.1952191235059741
RUN,7.4600,7.5600,7.2900,7.5300,780259,07/31/17,0.04999999999999982,0.6684491978609601
RUN,7.4200,7.5000,7.3000,7.4800,1.01 M,07/28/17,0.11000000000000032,1.4925373134328401
RUN,7.3000,7.5400,7.2600,7.3700,1.29 M,07/27/17,0.07000000000000028,0.958904109589045
RUN,7.3500,7.4800,7.2500,7.3000,819349,07/26/17,-0.04999999999999982,-0.6802721088435351
RUN,7.5900,7.6400,7.3500,7.3500,1.00 M,07/25/17,-0.20999999999999996,-2.7777777777777772
RUN,7.3500,7.5900,7.3200,7.5600,1.37 M,07/24/17,0.2699999999999996,3.703703703703698
RUN,7.2800,7.3400,7.1400,7.2900,793101,07/21/17,0.040000000000000036,0.5517241379310349
RUN,7.3100,7.3210,7.1400,7.2500,708976,07/20/17,-0.019999999999999574,-0.27510316368637655
RUN,7.1400,7.3050,7.1350,7.2700,987976,07/19/17,0.1299999999999999,1.8207282913165252
RUN,7.0000,7.2000,6.8950,7.1400,1.13 M,07/18/17,0.1299999999999999,1.8544935805991427
RUN,7.0500,7.1350,6.9800,7.0100,466364,07/17/17,-0.0600000000000005,-0.8486562942008556
RUN,7.0000,7.1600,6.9900,7.0700,836052,07/14/17,0.08000000000000007,1.1444921316165961
RUN,7.0800,7.1799,6.9500,6.9900,1.02 M,07/13/17,-0.0699999999999994,-0.9915014164305864
RUN,6.9100,7.0700,6.8600,7.0600,1.11 M,07/12/17,0.1899999999999995,2.7656477438136755
RUN,6.9000,6.9900,6.8310,6.8700,831125,07/11/17,-0.019999999999999574,-0.290275761973869
RUN,6.8100,7.0000,6.8100,6.8900,727860,07/10/17,0.09999999999999964,1.4727540500736325
RUN,6.7300,6.8300,6.6500,6.7900,777295,07/07/17,0.040000000000000036,0.5925925925925931
RUN,6.7700,7.0000,6.6100,6.7500,752975,07/06/17,-0.04999999999999982,-0.7352941176470562
RUN,7.2100,7.2400,6.5000,6.8000,1.86 M,07/05/17,-0.4400000000000004,-6.077348066298348
RUN,7.1200,7.3000,7.0601,7.2400,834849,07/03/17,0.1200000000000001,1.6853932584269677
RUN,7.2700,7.3500,7.0700,7.1200,1.66 M,06/30/17,-0.14999999999999947,-2.0632737276478608
RUN,7.1200,7.3200,7.0900,7.2700,1.90 M,06/29/17,0.16999999999999993,2.3943661971830976
RUN,6.9600,7.2200,6.8600,7.1000,1.89 M,06/28/17,0.20999999999999996,3.047895500725689
RUN,6.7900,7.0000,6.7713,6.8900,1.46 M,06/27/17,0.05999999999999961,0.8784773060029225
RUN,6.7600,7.0000,6.7400,6.8300,1.73 M,06/26/17,0.08000000000000007,1.1851851851851862
RUN,6.6100,6.7850,6.5000,6.7500,4.00 M,06/23/17,0.09999999999999964,1.5037593984962352
RUN,6.5400,6.7100,6.4700,6.6500,2.01 M,06/22/17,0.13000000000000078,1.9938650306748587
RUN,6.2600,6.5900,6.1900,6.5200,2.49 M,06/21/17,0.15999999999999925,2.51572327044024
RUN,5.9900,6.5000,5.9300,6.3600,3.84 M,06/20/17,0.5100000000000007,8.717948717948731
RUN,5.7600,5.9100,5.7000,5.8500,971234,06/19/17,0.10999999999999943,1.916376306620199
RUN,5.4800,5.7500,5.4700,5.7400,1.49 M,06/16/17,0.22000000000000064,3.9855072463768235
RUN,5.3800,5.5900,5.3800,5.5200,627056,06/15/17,0.02999999999999936,0.5464480874316823
RUN,5.5000,5.5200,5.3400,5.4900,628349,06/14/17,0.009999999999999787,0.1824817518248136
RUN,5.4600,5.5550,5.4250,5.4800,811117,06/13/17,0.040000000000000036,0.7352941176470594
RUN,5.4000,5.5600,5.3300,5.4400,827395,06/12/17,0.03000000000000025,0.5545286506469547
RUN,5.3600,5.5000,5.3400,5.4100,1.04 M,06/09/17,0.07000000000000028,1.3108614232209792
RUN,4.9300,5.4000,4.8900,5.3400,2.16 M,06/08/17,0.41000000000000014,8.31643002028398
RUN,5.0200,5.0600,4.8600,4.9300,983954,06/07/17,-0.08999999999999986,-1.7928286852589614
RUN,4.9500,5.1000,4.9100,5.0200,899218,06/06/17,0.019999999999999574,0.3999999999999915
RUN,5.1000,5.1300,4.9600,5.0000,553478,06/05/17,-0.1200000000000001,-2.343750000000002
RUN,5.1500,5.2300,5.1200,5.1200,705252,06/02/17,-0.009999999999999787,-0.19493177387913815
RUN,5.0500,5.1700,4.9900,5.1300,979818,06/01/17,0.08999999999999986,1.785714285714283
RUN,5.0100,5.1050,4.8700,5.0400,1.05 M,05/31/17,0.020000000000000462,0.3984063745020013
RUN,4.9700,5.0924,4.8500,5.0200,1.41 M,05/30/17,0.07999999999999918,1.61943319838055
RUN,4.8900,4.9900,4.8817,4.9400,717394,05/26/17,0.03000000000000025,0.6109979633401272
RUN,4.9500,4.9700,4.8000,4.9100,1.25 M,05/25/17,-0.009999999999999787,-0.20325203252032087
RUN,4.8900,5.0350,4.8460,4.9200,968556,05/24/17,0.03000000000000025,0.6134969325153425
RUN,4.9100,5.0100,4.7900,4.8900,975651,05/23/17,-0.010000000000000675,-0.204081632653075
RUN,4.8800,5.0000,4.8300,4.9000,1.18 M,05/22/17,-0.14999999999999947,-2.97029702970296
RUN,4.9100,5.1000,4.8800,5.0500,1.20 M,05/19/17,0.14999999999999947,3.061224489795907
RUN,4.7900,4.9100,4.7300,4.9000,773245,05/18/17,0.09000000000000075,1.8711018711018867
RUN,4.8100,4.9200,4.7600,4.8100,1.03 M,05/17/17,-0.09000000000000075,-1.8367346938775662
RUN,4.9000,4.9600,4.8400,4.9000,653731,05/16/17,-0.004999999999999893,-0.10193679918450343
RUN,4.9100,5.0800,4.8700,4.9050,857221,05/15/17,0.03500000000000014,0.7186858316221795
RUN,4.9600,5.0100,4.8100,4.8700,1.10 M,05/12/17,-0.1299999999999999,-2.599999999999998
RUN,5.1200,5.2100,4.8600,5.0000,1.87 M,05/11/17,-0.08999999999999986,-1.7681728880157144
RUN,4.8800,5.1500,4.8500,5.0900,1.42 M,05/10/17,0.1899999999999995,3.877551020408153
RUN,4.9200,4.9600,4.8400,4.9000,754842,05/09/17,-0.019999999999999574,-0.40650406504064174
RUN,4.8100,4.9500,4.8100,4.9200,657930,05/08/17,0.05999999999999961,1.2345679012345598
RUN,4.6400,4.8800,4.6000,4.8600,1.16 M,05/05/17,0.15000000000000036,3.184713375796186
RUN,5.0000,5.0250,4.5900,4.7100,1.94 M,05/04/17,-0.040000000000000036,-0.8421052631578955
RUN,5.1500,5.2100,4.7200,4.7500,3.39 M,05/03/17,-0.45999999999999996,-8.829174664107486
RUN,5.3600,5.4300,5.1900,5.2100,920808,05/02/17,-0.16999999999999993,-3.1598513011152405
RUN,5.2800,5.3930,5.2200,5.3800,854656,05/01/17,0.08999999999999986,1.7013232514177667
RUN,5.3400,5.3900,5.2650,5.2900,482241,04/28/17,-0.040000000000000036,-0.7504690431519706
RUN,5.3100,5.3900,5.1700,5.3300,784312,04/27/17,0.009999999999999787,0.18796992481202607
RUN,5.4100,5.4950,5.3100,5.3200,725108,04/26/17,-0.09999999999999964,-1.8450184501844953
RUN,5.3300,5.4800,5.2650,5.4200,1.24 M,04/25/17,0.15000000000000036,2.8462998102466863
RUN,5.2100,5.3100,5.1500,5.2700,748716,04/24/17,0.14999999999999947,2.9296874999999893
RUN,5.1100,5.1800,5.0800,5.1200,558194,04/21/17,0.0,0.0
RUN,5.1800,5.2590,5.1100,5.1200,523529,04/20/17,-0.040000000000000036,-0.7751937984496131
RUN,5.2000,5.3900,5.1200,5.1600,845193,04/19/17,-0.03000000000000025,-0.5780346820809296
RUN,5.2500,5.2500,5.0700,5.1900,1.13 M,04/18/17,-0.10999999999999943,-2.075471698113197
RUN,5.2400,5.3300,5.2050,5.3000,670585,04/17/17,0.0699999999999994,1.3384321223709252
RUN,5.3200,5.3900,5.1800,5.2300,711998,04/13/17,-0.09999999999999964,-1.8761726078799184
RUN,5.4400,5.4700,5.3000,5.3300,812426,04/12/17,-0.1299999999999999,-2.380952380952379
RUN,5.6000,5.6100,5.2800,5.4600,1.15 M,04/11/17,-0.08000000000000007,-1.4440433212996402
RUN,5.3100,5.6200,5.2100,5.5400,1.24 M,04/10/17,0.20000000000000018,3.7453183520599285
RUN,5.1600,5.3400,5.0400,5.3400,824045,04/07/17,0.16000000000000014,3.0888030888030915
RUN,5.0200,5.1800,4.9500,5.1800,976827,04/06/17,0.14999999999999947,2.9821073558648004
RUN,5.2700,5.3450,5.0100,5.0300,784672,04/05/17,-0.1899999999999995,-3.63984674329501
RUN,5.2500,5.3000,5.1800,5.2200,971003,04/04/17,-0.0600000000000005,-1.1363636363636458
RUN,5.3700,5.3700,5.1700,5.2800,855577,04/03/17,-0.1200000000000001,-2.222222222222224
RUN,5.2300,5.4300,5.2300,5.4000,1.25 M,03/31/17,0.1800000000000006,3.4482758620689773
RUN,5.2700,5.2950,5.1500,5.2200,737824,03/30/17,-0.040000000000000036,-0.7604562737642593
RUN,5.0600,5.2950,5.0400,5.2600,747931,03/29/17,0.17999999999999972,3.5433070866141674
RUN,4.9100,5.0900,4.9100,5.0800,817063,03/28/17,0.13999999999999968,2.8340080971659853
RUN,4.8800,4.9800,4.8600,4.9400,811204,03/27/17,0.03000000000000025,0.6109979633401272
RUN,4.8500,4.9900,4.8200,4.9100,937395,03/24/17,0.07000000000000028,1.446280991735543
RUN,4.9800,5.0400,4.8200,4.8400,882579,03/23/17,-0.14000000000000057,-2.8112449799196897
RUN,5.0500,5.1000,4.8500,4.9800,1.73 M,03/22/17,0.1800000000000006,3.750000000000013
RUN,4.9200,4.9900,4.8000,4.8000,965999,03/21/17,-0.10000000000000053,-2.040816326530623
RUN,4.9300,4.9500,4.8200,4.9000,885322,03/20/17,-0.04999999999999982,-1.0101010101010064
RUN,5.1000,5.1100,4.9200,4.9500,1.60 M,03/17/17,-0.14999999999999947,-2.941176470588225
RUN,5.0100,5.1800,4.9800,5.1000,1.02 M,03/16/17,0.09999999999999964,1.999999999999993
RUN,4.9000,5.0100,4.8500,5.0000,892204,03/15/17,0.11000000000000032,2.249488752556244
RUN,4.9300,4.9477,4.7900,4.8900,1.15 M,03/14/17,-0.07000000000000028,-1.4112903225806508
RUN,5.0600,5.0700,4.9200,4.9600,1.41 M,03/13/17,-0.09999999999999964,-1.9762845849802302
RUN,5.3000,5.3000,5.0400,5.0600,1.86 M,03/10/17,-0.1800000000000006,-3.435114503816805
RUN,5.0200,5.4900,5.0000,5.2400,3.29 M,03/09/17,0.0,0.0
RUN,5.4000,5.4700,5.1600,5.2400,2.57 M,03/08/17,-0.02999999999999936,-0.5692599620493237
RUN,5.3000,5.3514,5.1900,5.2700,1.36 M,03/07/17,0.019999999999999574,0.3809523809523728
RUN,5.4100,5.4100,5.2100,5.2500,1.39 M,03/06/17,-0.16000000000000014,-2.957486136783736
RUN,5.5000,5.6300,5.4000,5.4100,1.00 M,03/03/17,-0.07000000000000028,-1.2773722627737276
RUN,5.6000,5.7000,5.4500,5.4800,1.02 M,03/02/17,-0.13999999999999968,-2.4911032028469693
RUN,5.7500,5.8000,5.5100,5.6200,1.45 M,03/01/17,-0.07000000000000028,-1.2302284710017624
RUN,5.9000,5.9200,5.6700,5.6900,761267,02/28/17,-0.22999999999999954,-3.8851351351351275
RUN,5.8500,5.9500,5.8064,5.9200,1.00 M,02/27/17,0.07000000000000028,1.1965811965812014
RUN,5.8500,5.9500,5.8100,5.8500,559884,02/24/17,-0.0600000000000005,-1.0152284263959475
RUN,5.8400,5.9800,5.8100,5.9100,754986,02/23/17,0.08000000000000007,1.3722126929674112
RUN,6.0000,6.0000,5.7200,5.8300,1.21 M,02/22/17,-0.1899999999999995,-3.1561461794019854
RUN,6.0000,6.1400,5.9300,6.0200,1.62 M,02/21/17,0.05999999999999961,1.0067114093959666
RUN,6.0500,6.0600,5.8500,5.9600,1.32 M,02/17/17,-0.08000000000000007,-1.3245033112582794
RUN,6.1500,6.1500,5.9300,6.0400,841275,02/16/17,-0.1299999999999999,-2.106969205834682
RUN,6.0200,6.1800,5.9600,6.1700,907548,02/15/17,0.1299999999999999,2.1523178807947003
RUN,6.0400,6.0600,5.9000,6.0400,843888,02/14/17,-0.019999999999999574,-0.33003300330032304
RUN,6.0300,6.1500,6.0100,6.0600,627066,02/13/17,0.0699999999999994,1.1686143572620933
RUN,5.7900,6.0800,5.7500,5.9900,1.38 M,02/10/17,0.2599999999999998,4.537521815008722
RUN,5.7600,5.7800,5.7000,5.7300,621932,02/09/17,-0.009999999999999787,-0.17421602787456075
RUN,5.5700,5.7900,5.5300,5.7400,739193,02/08/17,0.15000000000000036,2.683363148479434
RUN,5.5700,5.6300,5.5000,5.5900,333739,02/07/17,0.019999999999999574,0.3590664272890408
RUN,5.6100,5.6100,5.4800,5.5700,479393,02/06/17,-0.08999999999999986,-1.5901060070671353
RUN,5.5200,5.6600,5.5000,5.6600,712354,02/03/17,0.15000000000000036,2.7223230490018215
RUN,5.5300,5.5890,5.4500,5.5100,582793,02/02/17,-0.0600000000000005,-1.0771992818671543
RUN,5.2600,5.5800,5.2600,5.5700,954870,02/01/17,0.28000000000000025,5.293005671077509
RUN,5.2200,5.3000,5.1100,5.2900,907850,01/31/17,0.040000000000000036,0.7619047619047625
RUN,5.5100,5.5200,5.2100,5.2500,1.09 M,01/30/17,-0.2999999999999998,-5.405405405405403
RUN,5.7200,5.7800,5.5000,5.5500,994621,01/27/17,-0.15000000000000036,-2.631578947368427
RUN,5.7700,5.8800,5.6500,5.7000,504052,01/26/17,-0.04999999999999982,-0.8695652173913012
RUN,5.7000,5.8800,5.7000,5.7500,768042,01/25/17,0.09999999999999964,1.7699115044247724
RUN,5.6000,5.7000,5.5000,5.6500,628265,01/24/17,0.0600000000000005,1.07334525939178
RUN,5.8800,5.8800,5.5000,5.5900,1.20 M,01/23/17,-0.29000000000000004,-4.931972789115647
RUN,5.8100,5.8900,5.7500,5.8800,447053,01/20/17,0.07000000000000028,1.2048192771084387
RUN,6.1200,6.1700,5.7800,5.8100,1.38 M,01/19/17,-0.29000000000000004,-4.754098360655739
RUN,6.1600,6.2500,6.0800,6.1000,646389,01/18/17,-0.0600000000000005,-0.9740259740259821
RUN,6.2200,6.3600,6.1400,6.1600,877593,01/17/17,-0.08999999999999986,-1.4399999999999977
RUN,6.1800,6.3700,6.1500,6.2500,943557,01/13/17,0.08000000000000007,1.2965964343598066
RUN,6.3500,6.3500,6.0400,6.1700,1.16 M,01/12/17,-0.23000000000000043,-3.5937500000000067
RUN,6.0100,6.5000,5.9300,6.4000,2.41 M,01/11/17,0.40000000000000036,6.666666666666672
RUN,5.8600,6.0100,5.7400,6.0000,1.07 M,01/10/17,0.33000000000000007,5.820105820105821
RUN,5.7700,5.8500,5.6200,5.6700,717130,01/09/17,-0.1299999999999999,-2.2413793103448256
RUN,5.8200,5.8800,5.6400,5.8000,542192,01/06/17,-0.009999999999999787,-0.17211703958691546
RUN,5.8200,5.8500,5.7100,5.8100,771949,01/05/17,-0.010000000000000675,-0.171821305841936
RUN,5.6000,5.8500,5.5700,5.8200,1.51 M,01/04/17,0.23000000000000043,4.114490161001797
RUN,5.3900,5.6000,5.3600,5.5900,1.09 M,01/03/17,0.28000000000000025,5.273069679849346
RUN,5.3100,5.3650,5.2500,5.3100,700394,12/30/16,-0.020000000000000462,-0.37523452157599363
RUN,5.4300,5.5800,5.3100,5.3300,958510,12/29/16,-0.11000000000000032,-2.0220588235294175
RUN,5.6400,5.6800,5.3800,5.4400,1.04 M,12/28/16,-0.16999999999999993,-3.030303030303029
RUN,5.2300,5.6200,5.2050,5.6100,1.09 M,12/27/16,0.3799999999999999,7.265774378585083
RUN,5.4100,5.4234,5.2200,5.2300,996530,12/23/16,-0.20999999999999996,-3.860294117647058
RUN,5.5400,5.5400,5.3500,5.4400,549585,12/22/16,-0.08999999999999986,-1.6274864376130171
RUN,5.5600,5.7400,5.5000,5.5300,748709,12/21/16,-0.019999999999999574,-0.3603603603603527
RUN,5.8000,5.8900,5.4700,5.5500,951239,12/20/16,-0.25,-4.310344827586207
RUN,5.5800,5.8400,5.5200,5.8000,874457,12/19/16,0.20999999999999996,3.756708407871198
RUN,5.3500,5.6200,5.3300,5.5900,1.32 M,12/16/16,0.2699999999999996,5.075187969924804
RUN,5.2300,5.3900,5.1900,5.3200,602298,12/15/16,0.08000000000000007,1.5267175572519096
RUN,5.3900,5.4100,5.1700,5.2400,1.01 M,12/14/16,-0.1299999999999999,-2.420856610800743
RUN,5.6900,5.7000,5.2500,5.3700,1.72 M,12/13/16,-0.28000000000000025,-4.955752212389385
RUN,5.8700,5.9500,5.6100,5.6500,1.65 M,12/12/16,-0.1999999999999993,-3.4188034188034067
RUN,5.6900,5.8600,5.6500,5.8500,1.35 M,12/09/16,0.1999999999999993,3.539823008849545
RUN,5.6200,5.7900,5.5800,5.6500,1.52 M,12/08/16,0.07000000000000028,1.2544802867383564
RUN,5.4700,5.7000,5.4311,5.5800,1.63 M,12/07/16,0.1200000000000001,2.1978021978021998
RUN,5.3300,5.4700,5.2400,5.4600,984674,12/06/16,0.13999999999999968,2.631578947368415
RUN,5.1000,5.3300,5.0800,5.3200,1.36 M,12/05/16,0.23000000000000043,4.518664047151286
RUN,5.0500,5.1200,4.9500,5.0900,1.26 M,12/02/16,0.08999999999999986,1.7999999999999972
RUN,5.1300,5.2300,4.8901,5.0000,1.06 M,12/01/16,-0.09999999999999964,-1.9607843137254835
RUN,5.0900,5.2900,5.0600,5.1000,1.02 M,11/30/16,0.10999999999999943,2.204408817635259
RUN,5.3800,5.4448,4.9600,4.9900,1.66 M,11/29/16,-0.3899999999999997,-7.249070631970255
RUN,5.4100,5.6000,5.3000,5.3800,1.47 M,11/28/16,0.040000000000000036,0.7490636704119857
RUN,5.3300,5.4200,5.1800,5.3400,650223,11/25/16,0.05999999999999961,1.136363636363629
RUN,5.0200,5.3000,4.9800,5.2800,1.29 M,11/23/16,0.23000000000000043,4.554455445544563
RUN,5.0200,5.1800,4.8900,5.0500,1.82 M,11/22/16,0.22999999999999954,4.771784232365135
RUN,5.0600,5.1000,4.7600,4.8200,1.48 M,11/21/16,-0.16000000000000014,-3.2128514056224926
RUN,4.8300,5.0200,4.8300,4.9800,1.18 M,11/18/16,0.1800000000000006,3.750000000000013
RUN,4.8200,4.8500,4.7100,4.8000,987395,11/17/16,-0.04999999999999982,-1.0309278350515427
RUN,4.8400,4.8600,4.7100,4.8500,1.21 M,11/16/16,-0.0600000000000005,-1.2219959266802545
RUN,5.0100,5.0825,4.7600,4.9100,1.61 M,11/15/16,-0.07000000000000028,-1.4056224899598448
RUN,5.1200,5.1900,4.9300,4.9800,1.93 M,11/14/16,-0.1299999999999999,-2.5440313111545967
RUN,5.2100,5.5000,4.9600,5.1100,4.07 M,11/11/16,0.40000000000000036,8.49256900212315
RUN,4.4900,4.7750,4.4401,4.7100,1.54 M,11/10/16,-0.08000000000000007,-1.670146137787058
RUN,4.1800,4.8500,4.1500,4.7900,2.53 M,11/09/16,-0.20000000000000018,-4.008016032064131
RUN,5.0200,5.0900,4.8828,4.9900,1.42 M,11/08/16,0.07000000000000028,1.4227642276422823
RUN,4.9300,5.0400,4.8600,4.9200,1.45 M,11/07/16,0.20999999999999996,4.458598726114649
RUN,4.6400,4.9000,4.6100,4.7100,1.79 M,11/04/16,0.05999999999999961,1.2903225806451528
RUN,4.8400,4.8400,4.5700,4.6500,1.74 M,11/03/16,0.020000000000000462,0.4319654427645888
RUN,4.8700,4.9060,4.5900,4.6300,1.77 M,11/02/16,-0.23000000000000043,-4.7325102880658525
RUN,5.2000,5.3000,4.8500,4.8600,2.18 M,11/01/16,-0.34999999999999964,-6.717850287907862
RUN,5.1800,5.3000,5.0300,5.2100,1.42 M,10/31/16,0.03000000000000025,0.579150579150584
RUN,5.3600,5.5300,5.1200,5.1800,1.06 M,10/28/16,-0.1900000000000004,-3.538175046554942
RUN,5.6500,5.7077,5.3500,5.3700,1.62 M,10/27/16,-0.16000000000000014,-2.8933092224231487
RUN,5.9500,5.9959,5.5300,5.5300,2.00 M,10/26/16,-0.4500000000000002,-7.525083612040135
RUN,6.0700,6.1500,5.9600,5.9800,804378,10/25/16,-0.09999999999999964,-1.6447368421052573
RUN,6.2900,6.3405,6.0100,6.0800,1.24 M,10/24/16,-0.1899999999999995,-3.0303030303030227
RUN,6.6200,6.6800,6.1900,6.2700,2.50 M,10/21/16,-0.40000000000000036,-5.997001499250381
RUN,6.6400,6.7400,6.5200,6.6700,704889,10/20/16,0.019999999999999574,0.3007518796992417
RUN,6.5700,6.7832,6.5100,6.6500,743378,10/19/16,0.1200000000000001,1.8376722817764182
RUN,6.5000,6.6400,6.4000,6.5300,824078,10/18/16,0.11000000000000032,1.7133956386292886
RUN,6.3600,6.5550,6.3300,6.4200,908757,10/17/16,0.040000000000000036,0.6269592476489034
RUN,6.6000,6.6700,6.3600,6.3800,1.38 M,10/14/16,-0.16000000000000014,-2.4464831804281366
RUN,6.7500,6.7984,6.4600,6.5400,1.60 M,10/13/16,-0.2699999999999996,-3.9647577092510953
RUN,7.0100,7.2300,6.7350,6.8100,1.42 M,10/12/16,-0.20999999999999996,-2.991452991452991
RUN,7.0000,7.3400,6.8400,7.0200,2.30 M,10/11/16,0.10999999999999943,1.5918958031837833
RUN,6.5500,7.0900,6.5100,6.9100,2.90 M,10/10/16,0.41999999999999993,6.471494607087826
RUN,6.4700,6.7500,6.2600,6.4900,4.81 M,10/07/16,0.3700000000000001,6.045751633986931
RUN,6.3500,6.4000,6.0600,6.1200,687009,10/06/16,-0.13999999999999968,-2.2364217252396115
RUN,5.9200,6.2800,5.9000,6.2600,918013,10/05/16,0.34999999999999964,5.922165820642972
RUN,6.2100,6.2400,5.9000,5.9100,1.02 M,10/04/16,-0.2599999999999998,-4.213938411669364
RUN,6.3100,6.3800,6.0500,6.1700,994855,10/03/16,-0.1299999999999999,-2.063492063492062
RUN,6.2900,6.3400,6.1500,6.3000,1.73 M,09/30/16,0.05999999999999961,0.9615384615384552
RUN,6.2500,6.3500,6.1300,6.2400,1.02 M,09/29/16,0.009999999999999787,0.16051364365970763
RUN,6.2300,6.2900,6.0800,6.2300,959188,09/28/16,0.07000000000000028,1.136363636363641
RUN,6.0100,6.1600,5.9900,6.1600,1.02 M,09/27/16,0.1299999999999999,2.1558872305140944
RUN,5.9200,6.1000,5.8650,6.0300,982481,09/26/16,0.11000000000000032,1.8581081081081134
RUN,5.7900,5.9500,5.7750,5.9200,892077,09/23/16,0.16999999999999993,2.9565217391304337
RUN,5.6000,5.7500,5.5200,5.7500,996065,09/22/16,0.17999999999999972,3.231597845601431
RUN,5.4700,5.6899,5.4500,5.5700,1.11 M,09/21/16,0.1200000000000001,2.201834862385323
RUN,5.4600,5.5000,5.2810,5.4500,877709,09/20/16,0.03000000000000025,0.5535055350553552
RUN,5.3800,5.4800,5.3500,5.4200,733326,09/19/16,0.040000000000000036,0.7434944237918223
RUN,5.4700,5.5750,5.2500,5.3800,2.72 M,09/16/16,-0.13999999999999968,-2.5362318840579654
RUN,5.5600,5.6300,5.4100,5.5200,1.29 M,09/15/16,-0.020000000000000462,-0.3610108303249181
RUN,5.6200,5.8300,5.4750,5.5400,1.52 M,09/14/16,-0.1200000000000001,-2.1201413427561855
RUN,6.0200,6.0200,5.5399,5.6600,1.67 M,09/13/16,-0.4399999999999995,-7.213114754098353
RUN,6.0200,6.2000,5.9500,6.1000,581382,09/12/16,0.040000000000000036,0.6600660066006607
RUN,6.1300,6.1900,5.9750,6.0600,898332,09/09/16,-0.13000000000000078,-2.1001615508885423
RUN,6.3000,6.3000,6.1200,6.1900,964850,09/08/16,0.08000000000000007,1.309328968903438
RUN,6.1900,6.2300,6.0700,6.1100,767028,09/07/16,-0.10999999999999943,-1.7684887459806984
RUN,6.1100,6.2300,6.0600,6.2200,945924,09/06/16,0.09999999999999964,1.6339869281045694
RUN,6.1000,6.1800,6.0300,6.1200,537321,09/02/16,0.0600000000000005,0.9900990099009984
RUN,6.1000,6.1500,5.9100,6.0600,676449,09/01/16,-0.020000000000000462,-0.3289473684210602
RUN,6.0300,6.0900,5.9500,6.0800,682820,08/31/16,0.07000000000000028,1.1647254575707202
RUN,6.0000,6.1500,5.9900,6.0100,497391,08/30/16,0.009999999999999787,0.1666666666666631
RUN,5.9700,6.0950,5.9400,6.0000,514063,08/29/16,0.04999999999999982,0.8403361344537785
RUN,5.9900,6.1800,5.9000,5.9500,747367,08/26/16,-0.04999999999999982,-0.8333333333333304
RUN,5.9900,6.0800,5.9100,6.0000,832899,08/25/16,0.009999999999999787,0.16694490818029695
RUN,6.1100,6.1700,5.9900,5.9900,603304,08/24/16,-0.10999999999999943,-1.8032786885245808
RUN,6.0100,6.1250,5.9500,6.1000,737169,08/23/16,0.09999999999999964,1.6666666666666607
RUN,5.9300,6.0200,5.8600,6.0000,425234,08/22/16,0.019999999999999574,0.3344481605351099
RUN,6.0300,6.0400,5.9500,5.9800,647450,08/19/16,-0.04999999999999982,-0.8291873963515725
RUN,6.0300,6.1800,5.9600,6.0300,949176,08/18/16,0.08000000000000007,1.3445378151260516
RUN,6.0900,6.0900,5.8300,5.9500,1.19 M,08/17/16,-0.13999999999999968,-2.2988505747126387
RUN,6.2000,6.2000,5.9100,6.0900,1.96 M,08/16/16,-0.1200000000000001,-1.9323671497584558
RUN,6.2100,6.2800,5.9300,6.2100,1.98 M,08/15/16,-0.020000000000000462,-0.32102728731942953
RUN,6.3900,6.9000,5.9800,6.2300,7.57 M,08/12/16,0.8200000000000003,15.157116451016641
RUN,5.2800,5.4800,5.1500,5.4100,1.75 M,08/11/16,0.1900000000000004,3.6398467432950268
RUN,5.4600,5.4700,5.1900,5.2200,887220,08/10/16,-0.28000000000000025,-5.090909090909095
RUN,5.5700,5.6900,5.4500,5.5000,663632,08/09/16,-0.05999999999999961,-1.079136690647475
RUN,5.2300,5.5800,5.2300,5.5600,1.02 M,08/08/16,0.3699999999999992,7.129094412331391
RUN,4.9200,5.2050,4.9000,5.1900,785780,08/05/16,0.23000000000000043,4.637096774193557
RUN,4.9500,5.0300,4.9000,4.9600,855987,08/04/16,0.019999999999999574,0.40485829959513303
RUN,4.9800,5.0650,4.9200,4.9400,814995,08/03/16,-0.05999999999999961,-1.1999999999999922
RUN,5.1000,5.1500,4.9700,5.0000,801214,08/02/16,-0.07000000000000028,-1.3806706114398477
RUN,5.1800,5.1800,5.0000,5.0700,1.04 M,08/01/16,-0.10999999999999943,-2.1235521235521126
RUN,5.0900,5.2100,5.0000,5.1800,887367,07/29/16,0.0699999999999994,1.3698630136986183
RUN,5.2100,5.2500,5.0800,5.1100,605432,07/28/16,-0.14999999999999947,-2.8517110266159595
RUN,5.0600,5.2750,5.0600,5.2600,769264,07/27/16,0.17999999999999972,3.5433070866141674
RUN,5.0500,5.2400,5.0500,5.0800,844388,07/26/16,0.0,0.0
RUN,5.1400,5.1900,5.0800,5.0800,384357,07/25/16,-0.04999999999999982,-0.974658869395708
RUN,5.1200,5.1500,5.0500,5.1300,328282,07/22/16,0.009999999999999787,0.19531249999999584
RUN,5.2300,5.3200,5.0840,5.1200,565616,07/21/16,-0.14999999999999947,-2.8462998102466694
RUN,5.1600,5.3000,5.1500,5.2700,639659,07/20/16,0.11999999999999922,2.3300970873786255
RUN,5.2100,5.3000,5.0700,5.1500,472777,07/19/16,-0.05999999999999961,-1.1516314779270558
RUN,5.0800,5.2700,4.9900,5.2100,682800,07/18/16,0.13999999999999968,2.761341222879678
RUN,5.1700,5.2000,4.9700,5.0700,807698,07/15/16,-0.05999999999999961,-1.1695906432748462
RUN,5.1800,5.2050,5.0626,5.1300,681785,07/14/16,0.009999999999999787,0.19531249999999584
RUN,5.2500,5.2900,5.0500,5.1200,616681,07/13/16,-0.1299999999999999,-2.476190476190474
RUN,5.1700,5.2800,4.9900,5.2500,961900,07/12/16,0.16000000000000014,3.1434184675835
RUN,5.1100,5.2000,4.9000,5.0900,844593,07/11/16,0.009999999999999787,0.1968503937007832
RUN,5.1900,5.2399,5.0600,5.0800,527596,07/08/16,-0.05999999999999961,-1.1673151750972688
RUN,5.1300,5.3000,5.0100,5.1400,786184,07/07/16,0.040000000000000036,0.7843137254901968
RUN,5.0900,5.1700,4.9400,5.1000,948483,07/06/16,-0.040000000000000036,-0.7782101167315183
RUN,5.4000,5.4350,5.0700,5.1400,763493,07/05/16,-0.3000000000000007,-5.514705882352954
RUN,5.8800,5.8800,5.1600,5.4400,1.90 M,07/01/16,-0.4899999999999993,-8.263069139966262
RUN,5.6500,5.9500,5.6217,5.9300,717114,06/30/16,0.27999999999999936,4.955752212389369
RUN,5.5400,5.6700,5.4300,5.6500,708174,06/29/16,0.16000000000000014,2.9143897996357038
RUN,5.2800,5.5000,5.2400,5.4900,869826,06/28/16,0.27000000000000046,5.172413793103457
RUN,5.5300,5.5900,5.1100,5.2200,1.58 M,06/27/16,-0.3700000000000001,-6.618962432915924
RUN,5.6000,5.7300,5.2700,5.5900,5.80 M,06/24/16,-0.2999999999999998,-5.093378607809845
RUN,5.8800,6.0600,5.7200,5.8900,1.19 M,06/23/16,-0.010000000000000675,-0.16949152542374024
RUN,6.3400,6.3800,5.8300,5.9000,984725,06/22/16,-0.33000000000000007,-5.2969502407704665
RUN,6.3000,6.3000,6.0200,6.2300,759314,06/21/16,0.05000000000000071,0.8090614886731506
RUN,6.0000,6.3300,6.0000,6.1800,643408,06/20/16,0.16000000000000014,2.6578073089701024
RUN,6.0600,6.3400,5.9800,6.0200,1.08 M,06/17/16,-0.010000000000000675,-0.16583747927032627
RUN,5.9700,6.1100,5.9000,6.0300,637550,06/16/16,0.020000000000000462,0.33277870216306926
RUN,5.8800,6.2500,5.8300,6.0100,608499,06/15/16,0.09999999999999964,1.6920473773265592
RUN,5.9300,6.1900,5.8600,5.9100,1.17 M,06/14/16,-0.14999999999999947,-2.475247524752467
RUN,6.2600,6.4100,5.9150,6.0600,1.10 M,06/13/16,-0.2400000000000002,-3.809523809523813
RUN,6.4000,6.5100,6.2400,6.3000,831084,06/10/16,-0.1299999999999999,-2.0217729393468105
RUN,6.4900,6.5900,6.3900,6.4300,405931,06/09/16,-0.08999999999999986,-1.380368098159507
RUN,6.4700,6.5900,6.4400,6.5200,744136,06/08/16,0.08999999999999986,1.399688958009329
RUN,6.3800,6.4600,6.2500,6.4300,817178,06/07/16,-0.010000000000000675,-0.15527950310560054
RUN,6.1000,6.5350,6.1000,6.4400,775675,06/06/16,0.3700000000000001,6.095551894563429
RUN,6.3000,6.3100,6.0200,6.0700,568449,06/03/16,-0.23999999999999932,-3.8034865293185316
RUN,6.2300,6.3100,6.1500,6.3100,389392,06/02/16,0.0699999999999994,1.121794871794862
RUN,6.2900,6.2900,6.1500,6.2400,580433,06/01/16,-0.09999999999999964,-1.5772870662460512
RUN,6.3700,6.5999,6.2200,6.3400,1.15 M,05/31/16,-0.07000000000000028,-1.0920436817472743
RUN,6.4100,6.6800,6.3021,6.4100,1.34 M,05/27/16,0.04999999999999982,0.7861635220125758
RUN,6.3000,6.4400,6.2600,6.3600,386202,05/26/16,0.07000000000000028,1.1128775834658233
RUN,6.3400,6.3700,6.2300,6.2900,864363,05/25/16,-0.04999999999999982,-0.7886435331230256
RUN,6.3900,6.4899,6.2200,6.3400,668143,05/24/16,-0.009999999999999787,-0.15748031496062656
RUN,6.0600,6.4500,6.0000,6.3500,931011,05/23/16,0.23999999999999932,3.9279869067103
RUN,6.0700,6.1500,5.9800,6.1100,795021,05/20/16,0.03000000000000025,0.49342105263158303
RUN,6.0000,6.1500,5.9200,6.0800,950906,05/19/16,0.040000000000000036,0.6622516556291397
RUN,5.9800,6.1800,5.8300,6.0400,1.46 M,05/18/16,0.020000000000000462,0.33222591362127013
RUN,6.1000,6.3400,5.8000,6.0200,3.68 M,05/17/16,-0.33000000000000007,-5.196850393700789
RUN,6.3400,6.4600,5.8900,6.3500,3.10 M,05/16/16,-0.2600000000000007,-3.9334341906202823
RUN,7.1700,7.1700,6.4000,6.6100,3.05 M,05/13/16,0.45999999999999996,7.479674796747967
RUN,6.3900,6.5300,6.0900,6.1500,664416,05/12/16,-0.21999999999999975,-3.4536891679748782
RUN,6.3600,6.6500,6.3500,6.3700,682527,05/11/16,0.0,0.0
RUN,7.0700,7.2000,6.3000,6.3700,1.71 M,05/10/16,-1.0199999999999996,-13.80243572395128
RUN,7.5200,7.5500,7.1600,7.3900,611153,05/09/16,-0.11000000000000032,-1.466666666666671
RUN,7.2500,7.5400,7.1900,7.5000,498529,05/06/16,0.23000000000000043,3.1636863823934034
RUN,7.5200,7.7700,7.2100,7.2700,1.17 M,05/05/16,-0.20000000000000018,-2.6773761713520776
RUN,7.6400,7.9100,7.4400,7.4700,1.05 M,05/04/16,-0.1200000000000001,-1.5810276679841913
RUN,7.9300,8.0800,7.5305,7.5900,580679,05/03/16,-0.3799999999999999,-4.767879548306146
RUN,7.8300,8.0800,7.4900,7.9700,1.21 M,05/02/16,0.08999999999999986,1.1421319796954297
RUN,8.0200,8.0200,7.6890,7.8800,473314,04/29/16,-0.13999999999999968,-1.745635910224435
RUN,8.2500,8.4500,7.9650,8.0200,704926,04/28/16,-0.370000000000001,-4.4100119189511435
RUN,7.7200,8.4100,7.6050,8.3900,825753,04/27/16,0.6900000000000004,8.961038961038966
RUN,7.5600,7.7600,7.4000,7.7000,321422,04/26/16,0.10000000000000053,1.3157894736842175
RUN,7.9000,8.0200,7.5500,7.6000,445108,04/25/16,-0.3100000000000005,-3.9190897597977306
RUN,7.8200,8.0400,7.7100,7.9100,1.11 M,04/22/16,0.15000000000000036,1.9329896907216542
RUN,7.3000,7.9000,7.2600,7.7600,985401,04/21/16,0.4900000000000002,6.740027510316372
RUN,6.9900,7.3800,6.9600,7.2700,668811,04/20/16,0.25,3.5612535612535616
RUN,7.1500,7.2300,6.9900,7.0200,1.30 M,04/19/16,-0.07000000000000028,-0.9873060648801169
RUN,6.9900,7.1800,6.8700,7.0900,946405,04/18/16,0.04999999999999982,0.7102272727272702
RUN,7.1000,7.2700,6.9700,7.0400,411609,04/15/16,-0.11000000000000032,-1.5384615384615428
RUN,6.8300,7.3670,6.8300,7.1500,645420,04/14/16,0.28000000000000025,4.075691411935957
RUN,6.6800,6.9000,6.6800,6.8700,325913,04/13/16,0.1299999999999999,1.928783382789316
RUN,6.7200,6.8850,6.6548,6.7400,365633,04/12/16,0.0,0.0
RUN,6.6900,6.8900,6.6500,6.7400,711736,04/11/16,-0.009999999999999787,-0.148148148148145
RUN,6.9000,6.9800,6.6600,6.7500,997657,04/08/16,-0.03000000000000025,-0.4424778761061983
RUN,6.9700,7.1800,6.6300,6.7800,835020,04/07/16,-0.1849999999999996,-2.6561378320172233
RUN,6.6000,7.0000,6.5650,6.9650,820275,04/06/16,0.3949999999999996,6.012176560121759
RUN,6.3000,6.6000,6.1900,6.5700,882555,04/05/16,0.27000000000000046,4.285714285714294
RUN,6.4700,6.5300,6.2800,6.3000,816261,04/04/16,-0.14000000000000057,-2.1739130434782696
RUN,6.3700,6.5300,6.2900,6.4400,546660,04/01/16,-0.040000000000000036,-0.6172839506172845
RUN,6.4800,6.5400,6.2500,6.4800,702836,03/31/16,0.010000000000000675,0.15455950540959312
RUN,6.4200,6.6000,6.4200,6.4700,871978,03/30/16,0.0699999999999994,1.0937499999999905
RUN,6.4100,6.5500,6.2400,6.4000,839520,03/29/16,-0.0699999999999994,-1.0819165378670694
RUN,6.3100,6.5100,6.2100,6.4700,718523,03/28/16,0.22999999999999954,3.6858974358974286
RUN,6.1300,6.3300,6.0000,6.2400,828899,03/24/16,-0.1200000000000001,-1.8867924528301903
RUN,6.5100,6.5900,6.1800,6.3600,1.04 M,03/23/16,-0.20999999999999996,-3.1963470319634695
RUN,6.7300,6.7684,6.5000,6.5700,729692,03/22/16,-0.14999999999999947,-2.232142857142849
RUN,6.8900,6.8900,6.5400,6.7200,647512,03/21/16,0.02999999999999936,0.448430493273533
RUN,6.9900,7.0800,6.6200,6.6900,3.08 M,03/18/16,-0.20499999999999918,-2.973168963016667
RUN,6.6500,6.9500,6.6167,6.8950,604642,03/17/16,0.2649999999999997,3.9969834087481098
RUN,6.2300,6.6600,6.2101,6.6300,582685,03/16/16,0.3200000000000003,5.071315372424728
RUN,6.2600,6.4650,6.2000,6.3100,742165,03/15/16,-0.05000000000000071,-0.7861635220125898
RUN,6.3800,6.7900,6.1500,6.3600,1.48 M,03/14/16,0.004999999999999893,0.0786782061368984
RUN,6.1600,6.5600,6.0100,6.3550,3.28 M,03/11/16,-0.7949999999999999,-11.118881118881118
RUN,6.8700,7.2400,6.7000,7.1500,1.57 M,03/10/16,0.5,7.518796992481203
RUN,6.7400,6.8700,6.2500,6.6500,977900,03/09/16,-0.02999999999999936,-0.44910179640717607
RUN,6.6600,6.7800,6.5300,6.6800,638542,03/08/16,0.08000000000000007,1.2121212121212133
RUN,6.2200,6.8400,6.2000,6.6000,1.49 M,03/07/16,0.3899999999999997,6.280193236714971
RUN,6.5000,6.7500,6.1200,6.2100,1.45 M,03/04/16,-0.1900000000000004,-2.9687500000000058
RUN,6.0400,6.6000,6.0001,6.4000,1.34 M,03/03/16,0.3000000000000007,4.918032786885258
RUN,5.4900,6.6000,5.3600,6.1000,1.70 M,03/02/16,0.6299999999999999,11.517367458866543
RUN,5.6700,5.8500,5.1300,5.4700,1.06 M,03/01/16,-0.15000000000000036,-2.6690391459074796
RUN,5.5900,5.8300,5.5000,5.6200,671154,02/29/16,0.11000000000000032,1.9963702359346702
RUN,5.3700,5.6500,5.3300,5.5100,500207,02/26/16,0.20999999999999996,3.962264150943396
RUN,5.0800,5.4700,5.0800,5.3000,463438,02/25/16,0.2400000000000002,4.743083003952574
RUN,5.0900,5.2600,4.9000,5.0600,644509,02/24/16,-0.10000000000000053,-1.9379844961240413
RUN,5.0800,5.2700,4.9700,5.1600,694881,02/23/16,0.10000000000000053,1.976284584980248
RUN,5.5000,5.6900,5.0300,5.0600,634893,02/22/16,-0.35000000000000053,-6.469500924214428
RUN,5.5700,5.7200,5.2200,5.4100,954689,02/19/16,-0.21999999999999975,-3.9076376554174024
RUN,5.4500,5.9350,5.2400,5.6300,1.17 M,02/18/16,0.2999999999999998,5.628517823639771
RUN,5.0400,5.9699,5.0201,5.3300,1.62 M,02/17/16,0.3700000000000001,7.459677419354842
RUN,5.0600,5.7200,4.8550,4.9600,1.49 M,02/16/16,-0.08000000000000007,-1.5873015873015888
RUN,5.3100,5.5200,5.0000,5.0400,1.30 M,02/12/16,-0.040000000000000036,-0.7874015748031503
RUN,5.6000,5.8200,4.9950,5.0800,1.42 M,02/11/16,-0.9900000000000002,-16.309719934102144
RUN,6.3800,6.7900,5.9200,6.0700,2.07 M,02/10/16,-1.13,-15.694444444444443
RUN,7.5100,7.5800,6.8700,7.2000,658705,02/09/16,-0.39999999999999947,-5.2631578947368345
RUN,7.8700,7.9400,7.3700,7.6000,538440,02/08/16,-0.3600000000000003,-4.522613065326636
RUN,8.0500,8.1400,7.7735,7.9600,600141,02/05/16,-0.09000000000000075,-1.1180124223602577
RUN,8.2000,8.3000,7.8200,8.0500,520108,02/04/16,-0.049999999999998934,-0.6172839506172708
RUN,8.4400,8.5700,7.8300,8.1000,435210,02/03/16,-0.2400000000000002,-2.8776978417266212
RUN,8.8300,8.8300,8.1600,8.3400,534767,02/02/16,-0.5999999999999996,-6.711409395973151
RUN,9.6200,9.6200,8.6300,8.9400,776775,02/01/16,-0.5800000000000001,-6.092436974789917
RUN,10.1500,10.1691,9.4000,9.5200,859782,01/29/16,-0.5300000000000011,-5.273631840796031
RUN,8.4300,10.1900,8.4300,10.0500,1.07 M,01/28/16,1.7100000000000009,20.503597122302168
RUN,8.6500,8.7300,8.2200,8.3400,579872,01/27/16,-0.39000000000000057,-4.467353951890041
RUN,8.4800,9.0800,8.2000,8.7300,713507,01/26/16,0.3200000000000003,3.8049940546967926
RUN,8.7800,8.8500,8.1400,8.4100,600636,01/25/16,-0.379999999999999,-4.323094425483493
RUN,9.3700,9.7000,8.5300,8.7900,1.04 M,01/22/16,-0.1800000000000015,-2.0066889632107188
RUN,8.6200,9.0699,8.4550,8.9700,1.20 M,01/21/16,0.4300000000000015,5.0351288056206265
RUN,7.2500,9.2050,6.9400,8.5400,1.69 M,01/20/16,1.1399999999999988,15.40540540540539
RUN,7.8300,7.8900,7.3000,7.4000,743589,01/19/16,-0.34999999999999964,-4.51612903225806
RUN,7.7500,7.9000,7.2600,7.7500,903070,01/15/16,-0.25,-3.125
RUN,8.0800,8.5500,7.7800,8.0000,1.16 M,01/14/16,-0.25,-3.0303030303030303
RUN,8.6000,8.7600,8.0320,8.2500,796539,01/13/16,-0.41999999999999993,-4.844290657439446
RUN,9.3500,9.4999,8.4000,8.6700,598572,01/12/16,-0.6400000000000006,-6.874328678839963
RUN,9.6500,9.7000,9.0800,9.3100,577679,01/11/16,-0.4399999999999995,-4.5128205128205074
RUN,9.3500,9.9500,9.2500,9.7500,552879,01/08/16,0.5399999999999991,5.863192182410414
RUN,9.8000,9.9700,9.1600,9.2100,1.69 M,01/07/16,-0.9899999999999984,-9.705882352941162
RUN,9.2700,10.3800,9.0775,10.2000,3.53 M,01/06/16,0.5899999999999999,6.139438085327782
RUN,10.8800,10.9995,9.4200,9.6100,1.95 M,01/05/16,-1.6000000000000014,-14.272970561998228
RUN,11.2700,11.4900,11.0800,11.2100,576833,01/04/16,-0.5599999999999987,-4.757858963466429
RUN,11.7600,11.9500,11.6400,11.7700,319142,12/31/15,0.049999999999998934,0.4266211604095472
RUN,11.6500,12.0700,11.4495,11.7200,317088,12/30/15,0.02000000000000135,0.1709401709401825
RUN,11.7900,12.0500,11.0700,11.7000,626832,12/29/15,0.02999999999999936,0.25706940874035444
RUN,12.1100,12.3797,11.6000,11.6700,637866,12/28/15,-0.5199999999999996,-4.265791632485641
RUN,11.6900,12.4700,11.6000,12.1900,385043,12/24/15,0.3099999999999987,2.6094276094275983
RUN,11.9500,12.3600,11.5500,11.8800,1.10 M,12/23/15,0.28000000000000114,2.4137931034482856
RUN,13.4500,13.6500,11.4100,11.6000,2.51 M,12/22/15,-1.8000000000000007,-13.432835820895527
RUN,14.1500,14.9500,13.1300,13.4000,3.15 M,12/21/15,-0.33999999999999986,-2.4745269286753993
RUN,12.4500,13.9500,11.9500,13.7400,3.05 M,12/18/15,1.0299999999999994,8.103855232100702
RUN,12.8500,13.3000,11.7900,12.7100,3.61 M,12/17/15,1.08,9.28632846087704
RUN,11.1700,12.1700,10.8900,11.6300,3.50 M,12/16/15,2.1400000000000006,22.550052687038995
RUN,9.2600,11.2900,9.1600,9.4900,2.05 M,12/15/15,0.39000000000000057,4.285714285714292
RUN,7.9500,9.3800,7.8300,9.1000,944242,12/14/15,1.2399999999999993,15.776081424936377
RUN,7.4600,8.0200,7.4600,7.8600,450862,12/11/15,0.29000000000000004,3.8309114927344785
RUN,7.6000,7.8300,7.5600,7.5700,364784,12/10/15,-0.13999999999999968,-1.81582360570687
RUN,7.7900,8.0350,7.5480,7.7100,333586,12/09/15,-0.05999999999999961,-0.7722007722007672
RUN,8.1100,8.1100,7.6250,7.7700,388905,12/08/15,-0.14000000000000057,-1.769911504424786
RUN,7.7900,8.3700,7.7350,7.9100,439769,12/07/15,0.0600000000000005,0.7643312101910892
RUN,7.9500,8.0350,7.6600,7.8500,436077,12/04/15,-0.10000000000000053,-1.2578616352201324
RUN,7.5200,8.3500,7.5200,7.9500,1.04 M,12/03/15,0.5600000000000005,7.57780784844385
RUN,7.0500,7.4600,6.9130,7.3900,621138,12/02/15,0.33999999999999986,4.822695035460991
RUN,6.7000,7.1399,6.5300,7.0500,351898,12/01/15,0.39999999999999947,6.015037593984953
RUN,7.2300,7.2850,6.6100,6.6500,557335,11/30/15,-0.5699999999999994,-7.894736842105256
RUN,6.8100,7.4100,6.8100,7.2200,445734,11/27/15,0.46999999999999975,6.962962962962958
RUN,6.7000,6.8400,6.6000,6.7500,476005,11/25/15,0.009999999999999787,0.14836795252225202
RUN,6.5900,6.8200,6.5900,6.7400,476357,11/24/15,0.14000000000000057,2.12121212121213
RUN,6.6200,6.9589,6.5600,6.6000,384623,11/23/15,-0.07000000000000028,-1.04947526236882
RUN,6.5900,6.7400,6.5100,6.6700,366586,11/20/15,0.16999999999999993,2.615384615384614
RUN,6.5100,6.7839,6.4500,6.5000,364738,11/19/15,-0.04999999999999982,-0.7633587786259515
RUN,6.8000,7.0099,6.3600,6.5500,561593,11/18/15,-0.16999999999999993,-2.5297619047619038
RUN,7.0400,7.2499,6.5100,6.7200,1.09 M,11/17/15,-0.28000000000000025,-4.0000000000000036
RUN,7.4000,7.4000,6.8400,7.0000,624134,11/16/15,-0.3099999999999996,-4.240766073871404
RUN,6.3900,7.9300,6.3900,7.3100,989280,11/13/15,0.7299999999999995,11.09422492401215
RUN,6.9900,6.9900,6.3600,6.5800,506418,11/12/15,-0.41000000000000014,-5.865522174535052
RUN,7.2400,7.4500,6.8700,6.9900,536585,11/11/15,-0.27999999999999936,-3.851444291609345
RUN,7.6700,7.9300,7.2500,7.2700,395512,11/10/15,-0.46000000000000085,-5.950840879689532
RUN,8.2900,8.2900,7.5500,7.7300,199048,11/09/15,-0.08999999999999986,-1.1508951406649597
RUN,8.0200,8.1000,7.5700,7.8200,293593,11/06/15,-0.25,-3.097893432465923
RUN,7.8000,8.1100,7.7200,8.0700,307754,11/05/15,0.3600000000000003,4.669260700389109
RUN,7.6800,7.9200,7.5000,7.7100,754345,11/04/15,0.1900000000000004,2.5265957446808565
RUN,7.3700,7.7000,7.1900,7.5200,852449,11/03/15,0.15999999999999925,2.1739130434782505
RUN,7.3700,7.5799,7.1100,7.3600,603557,11/02/15,-0.04999999999999982,-0.6747638326585671
RUN,8.8100,8.8300,7.0000,7.4100,2.02 M,10/30/15,-1.5,-16.835016835016834
RUN,9.2200,9.3900,8.8800,8.9100,214253,10/29/15,-0.5099999999999998,-5.414012738853501
RUN,9.0500,9.4350,9.0500,9.4200,208079,10/28/15,0.3800000000000008,4.2035398230088585
RUN,9.1300,9.3999,8.8900,9.0400,260302,10/27/15,-0.1700000000000017,-1.8458197611292257
RUN,9.0300,9.2300,8.9000,9.2100,169614,10/26/15,0.13000000000000078,1.4317180616740175
RUN,8.8400,9.3400,8.8342,9.0800,398649,10/23/15,0.17999999999999972,2.0224719101123565
RUN,9.0300,9.1900,8.8100,8.9000,605372,10/22/15,-0.03999999999999915,-0.44742729306486745
RUN,9.5000,9.5699,8.5200,8.9400,597257,10/21/15,-0.5600000000000005,-5.894736842105268
RUN,9.8100,9.8499,9.4800,9.5000,220248,10/20/15,-0.3100000000000005,-3.1600407747196786
RUN,10.2800,10.3400,9.6500,9.8100,338741,10/19/15,-0.5299999999999994,-5.12572533849129
RUN,10.6800,10.7000,10.3100,10.3400,158423,10/16/15,-0.2599999999999998,-2.4528301886792434
RUN,10.8500,10.9999,10.3600,10.6000,266287,10/15/15,-0.14000000000000057,-1.3035381750465602
RUN,10.6500,10.9600,10.5400,10.7400,196271,10/14/15,0.05000000000000071,0.46772684752105437
RUN,10.6700,10.9300,10.5800,10.6900,156660,10/13/15,-0.08999999999999986,-0.8348794063079764
RUN,11.3100,11.3100,10.7500,10.7800,144290,10/12/15,-0.4800000000000004,-4.262877442273538
RUN,11.4200,11.6000,11.2200,11.2600,184033,10/09/15,-0.13000000000000078,-1.1413520632133518
RUN,11.2900,11.4100,11.0000,11.3900,137893,10/08/15,0.20000000000000107,1.787310098302065
RUN,11.0800,11.4700,10.5700,11.1900,448457,10/07/15,0.1399999999999988,1.2669683257918443
RUN,10.6500,11.2300,10.6400,11.0500,338887,10/06/15,0.39000000000000057,3.658536585365859
RUN,10.7100,10.9700,10.5100,10.6600,290295,10/05/15,0.15000000000000036,1.4272121788772631
RUN,10.1300,10.6900,9.9400,10.5100,288250,10/02/15,0.20999999999999908,2.038834951456302
RUN,10.3800,11.0800,9.9800,10.3000,491872,10/01/15,-0.06999999999999851,-0.6750241080038429
RUN,9.9000,10.7400,9.7102,10.3700,3.45 M,09/30/15,0.5599999999999987,5.7084607543323
RUN,10.1400,10.4300,9.5300,9.8100,1.04 M,09/29/15,-0.25,-2.485089463220676
RUN,11.0400,11.3400,10.0100,10.0600,590291,09/28/15,-1.0700000000000003,-9.613656783468105
RUN,10.8800,11.3200,10.7900,11.1300,351627,09/25/15,0.3200000000000003,2.9602220166512514
RUN,10.8800,11.0000,10.7400,10.8100,268558,09/24/15,-0.1999999999999993,-1.8165304268846438
RUN,11.7500,11.7500,10.9700,11.0100,286986,09/23/15,-0.3800000000000008,-3.336259877085169
RUN,11.6000,11.9000,11.2500,11.3900,431990,09/22/15,-0.34999999999999964,-2.9812606473594516
RUN,11.6900,11.9000,11.3300,11.7400,299565,09/21/15,0.16000000000000014,1.3816925734024192
RUN,11.3000,11.9000,11.1100,11.5800,1.34 M,09/18/15,0.17999999999999972,1.57894736842105
RUN,11.2400,11.6400,11.2400,11.4000,314387,09/17/15,0.08999999999999986,0.79575596816976
RUN,11.4000,11.5000,11.0000,11.3100,323084,09/16/15,-0.17999999999999972,-1.5665796344647493
RUN,11.1800,11.4950,11.0000,11.4900,346668,09/15/15,0.2400000000000002,2.133333333333335
RUN,11.4100,11.5100,10.9400,11.2500,405633,09/14/15,-0.25,-2.1739130434782608
RUN,11.5000,11.6900,11.2500,11.5000,427336,09/11/15,-0.1899999999999995,-1.6253207869974295
RUN,11.4400,11.8700,11.4400,11.6900,369136,09/10/15,0.29999999999999893,2.6338893766461715
RUN,11.7500,11.9000,11.1500,11.3900,334751,09/09/15,-0.16000000000000014,-1.3852813852813863
RUN,12.0000,12.0000,10.9100,11.5500,708979,09/08/15,-0.009999999999999787,-0.08650519031141683
RUN,11.5600,11.6300,11.0300,11.5600,171540,09/04/15,-0.08000000000000007,-0.6872852233676982
RUN,11.4800,11.9000,11.1001,11.6400,219773,09/03/15,0.05000000000000071,0.4314063848145014
RUN,12.0000,12.1500,10.5001,11.5900,510192,09/02/15,-0.2699999999999996,-2.276559865092745
RUN,11.4900,12.0000,11.2501,11.8600,745718,09/01/15,-0.02000000000000135,-0.1683501683501797
RUN,11.8600,12.2399,11.4000,11.8800,617224,08/31/15,0.26000000000000156,2.237521514629962
RUN,11.1800,11.8500,10.9500,11.6200,450552,08/28/15,0.6199999999999992,5.63636363636363
RUN,10.9100,11.1400,10.8300,11.0000,569437,08/27/15,0.22000000000000064,2.0408163265306185
RUN,10.0300,10.8000,9.9900,10.7800,791030,08/26/15,0.879999999999999,8.888888888888879
RUN,9.6800,10.2100,9.6500,9.9000,834045,08/25/15,0.7400000000000002,8.07860262008734
RUN,9.3900,9.7000,8.5000,9.1600,1.05 M,08/24/15,-0.7400000000000002,-7.474747474747478
RUN,10.2000,10.5600,9.8100,9.9000,394905,08/21/15,-0.6199999999999992,-5.893536121672996
RUN,10.5500,10.7400,10.0000,10.5200,322202,08/20/15,-0.21000000000000085,-1.9571295433364477
RUN,10.3000,11.0300,10.1729,10.7300,573974,08/19/15,0.4900000000000002,4.785156250000002
RUN,10.0000,10.3400,10.0000,10.2400,277660,08/18/15,0.10999999999999943,1.0858835143139134
RUN,10.0400,10.2600,9.9600,10.1300,345981,08/17/15,0.09000000000000163,0.8964143426294984
RUN,10.0100,10.1700,9.7300,10.0400,410627,08/14/15,-0.08000000000000007,-0.7905138339920956
RUN,10.0700,10.3375,10.0500,10.1200,397532,08/13/15,-0.23000000000000043,-2.2222222222222263
RUN,9.6800,10.4000,9.6530,10.3500,498848,08/12/15,0.5600000000000005,5.720122574055164
RUN,10.0000,10.0300,9.5000,9.7900,349732,08/11/15,-0.33000000000000007,-3.2608695652173925
RUN,10.7300,10.7300,10.0000,10.1200,435917,08/10/15,-0.02000000000000135,-0.19723865877713362
RUN,9.1900,10.2000,8.7700,10.1400,1.62 M,08/07/15,1.370000000000001,15.62143671607755
RUN,11.0000,11.2000,8.2300,8.7700,3.57 M,08/06/15,-2.0,-18.570102135561747