SC,18.6900,18.8100,18.3400,18.6800,2.98 M,04/26/18,0.0799999999999983,0.4301075268817112
SC,18.4000,18.7900,18.3300,18.6000,4.83 M,04/25/18,0.39000000000000057,2.141680395387153
SC,18.1400,18.4250,17.1300,18.2100,8.41 M,04/24/18,2.5,15.913430935709739
SC,15.7300,15.7700,15.5500,15.7100,2.49 M,04/23/18,0.030000000000001137,0.19132653061225216
SC,15.9800,16.0100,15.6350,15.6800,3.14 M,04/20/18,-0.22000000000000064,-1.3836477987421423
SC,15.8800,16.1000,15.7600,15.9000,1.47 M,04/19/18,0.09999999999999964,0.632911392405061
SC,15.8000,16.0700,15.7500,15.8000,2.07 M,04/18/18,0.11000000000000121,0.7010834926704985
SC,15.7200,15.8350,15.5600,15.6900,2.33 M,04/17/18,0.08999999999999986,0.576923076923076
SC,15.8400,15.8600,15.5900,15.6000,3.28 M,04/16/18,-0.1899999999999995,-1.2032932235592115
SC,16.2700,16.2900,15.7100,15.7900,2.04 M,04/13/18,-0.370000000000001,-2.289603960396046
SC,16.0400,16.2300,15.9150,16.1600,1.04 M,04/12/18,0.2699999999999996,1.6991818753933263
SC,15.8000,16.0750,15.7900,15.8900,1.77 M,04/11/18,-0.019999999999999574,-0.12570710245128583
SC,15.9800,16.0300,15.8100,15.9100,1.24 M,04/10/18,0.120000000000001,0.7599746675110893
SC,15.8700,16.1650,15.7700,15.7900,1.37 M,04/09/18,-0.040000000000000924,-0.2526847757422674
SC,16.1700,16.2800,15.7400,15.8300,1.40 M,04/06/18,-0.5400000000000009,-3.298717165546737
SC,16.2100,16.4700,16.1450,16.3700,1.87 M,04/05/18,0.26000000000000156,1.6139044072005064
SC,15.7400,16.1400,15.6300,16.1100,2.08 M,04/04/18,0.0799999999999983,0.49906425452275915
SC,15.8800,16.0650,15.7400,16.0300,1.49 M,04/03/18,0.240000000000002,1.5199493350221787
SC,16.2100,16.3600,15.6600,15.7900,1.43 M,04/02/18,-0.5100000000000016,-3.1288343558282303
SC,16.0500,16.3800,16.0500,16.3000,1.39 M,03/29/18,0.26000000000000156,1.620947630922703
SC,15.9700,16.1300,15.8700,16.0400,1.73 M,03/28/18,0.129999999999999,0.817096165933369
SC,16.4700,16.4700,15.8500,15.9100,2.59 M,03/27/18,-0.4800000000000004,-2.9286150091519243
SC,16.0800,16.4000,15.9400,16.3900,2.07 M,03/26/18,0.4900000000000002,3.0817610062893093
SC,16.2100,16.3150,15.8801,15.9000,2.17 M,03/23/18,-0.2599999999999998,-1.6089108910891077
SC,16.6700,16.6900,16.1600,16.1600,2.10 M,03/22/18,-0.6600000000000001,-3.923900118906065
SC,16.8400,17.0500,16.7300,16.8200,1.40 M,03/21/18,0.030000000000001137,0.17867778439548027
SC,16.9200,17.0200,16.6550,16.7900,1.46 M,03/20/18,-0.13000000000000256,-0.768321513002379
SC,17.1800,17.2800,16.7200,16.9200,1.38 M,03/19/18,-0.33999999999999986,-1.969872537659327
SC,16.8700,17.3000,16.8000,17.2600,1.84 M,03/16/18,0.490000000000002,2.9218843172331663
SC,16.9800,17.0600,16.7550,16.7700,1.72 M,03/15/18,-0.19000000000000128,-1.120283018867932
SC,17.1400,17.2300,16.9200,16.9600,1.38 M,03/14/18,-0.16000000000000014,-0.9345794392523372
SC,17.3600,17.4200,17.0600,17.1200,1.53 M,03/13/18,-0.23000000000000043,-1.3256484149855932
SC,17.3100,17.6650,17.3100,17.3500,1.21 M,03/12/18,0.0400000000000027,0.23108030040440614
SC,17.1300,17.3850,17.0800,17.3100,1.29 M,03/09/18,0.36999999999999744,2.1841794569067146
SC,16.9600,17.1500,16.6900,16.9400,1.23 M,03/08/18,0.019999999999999574,0.11820330969266886
SC,16.7700,17.0350,16.7700,16.9200,1.66 M,03/07/18,0.020000000000003126,0.1183431952662907
SC,16.7100,16.9500,16.6300,16.9000,1.34 M,03/06/18,0.2099999999999973,1.2582384661473773
SC,16.3100,16.7900,16.2000,16.6900,1.33 M,03/05/18,0.3200000000000003,1.954795357361028
SC,15.9800,16.4150,15.7500,16.3700,1.91 M,03/02/18,0.25,1.5508684863523572
SC,16.0000,16.5600,16.0000,16.1200,1.57 M,03/01/18,-0.23000000000000043,-1.40672782874618
SC,16.5100,16.6800,16.3500,16.3500,1.18 M,02/28/18,-0.129999999999999,-0.7888349514563047
SC,16.6500,16.8100,16.4700,16.4800,920623,02/27/18,-0.17999999999999972,-1.080432172869146
SC,16.0400,16.6600,16.0300,16.6600,1.98 M,02/26/18,-0.08999999999999986,-0.53731343283582
SC,16.5400,16.8300,16.5400,16.7500,928954,02/23/18,0.26000000000000156,1.57671315949061
SC,16.8000,16.9100,16.4900,16.4900,1.25 M,02/22/18,-0.2700000000000031,-1.6109785202864146
SC,16.7900,17.1100,16.7600,16.7600,1.46 M,02/21/18,-0.03999999999999915,-0.238095238095233
SC,16.9700,17.1050,16.7300,16.8000,1.11 M,02/20/18,-0.21000000000000085,-1.2345679012345727
SC,16.9800,17.2700,16.9400,17.0100,2.07 M,02/16/18,0.010000000000001563,0.0588235294117739
SC,17.0500,17.2400,16.7600,17.0000,2.34 M,02/15/18,0.0799999999999983,0.47281323877067544
SC,16.6400,16.9700,16.5800,16.9200,1.82 M,02/14/18,0.240000000000002,1.4388489208633213
SC,16.6000,16.8350,16.6000,16.6800,2.06 M,02/13/18,-0.05000000000000071,-0.2988643156007215
SC,16.4000,16.7600,16.2500,16.7300,2.11 M,02/12/18,0.41000000000000014,2.512254901960785
SC,16.3400,16.5400,15.8800,16.3200,3.14 M,02/09/18,0.030000000000001137,0.18416206261510829
SC,16.5600,16.6400,16.2200,16.2900,4.68 M,02/08/18,-0.25,-1.5114873035066507
SC,16.5600,16.8200,16.4600,16.5400,2.90 M,02/07/18,-0.10000000000000142,-0.600961538461547
SC,16.1300,16.8100,15.8950,16.6400,5.06 M,02/06/18,0.120000000000001,0.7263922518159867
SC,16.7300,17.0350,16.4300,16.5200,3.53 M,02/05/18,-0.370000000000001,-2.190645352279461
SC,17.2300,17.3200,16.7800,16.8900,4.02 M,02/02/18,-0.5500000000000007,-3.153669724770646
SC,16.8300,17.4600,16.7810,17.4400,3.81 M,02/01/18,0.19000000000000128,1.1014492753623262
SC,18.2200,18.2791,16.9300,17.2500,11.03 M,01/31/18,-1.2300000000000004,-6.655844155844158
SC,18.5500,18.5500,18.1500,18.4800,2.66 M,01/30/18,-0.14000000000000057,-0.7518796992481234
SC,18.6400,18.7900,18.5900,18.6200,2.11 M,01/29/18,-0.07000000000000028,-0.374531835205994
SC,18.5500,18.7350,18.4400,18.6900,1.39 M,01/26/18,0.19000000000000128,1.0270270270270339
SC,18.5500,18.6450,18.3900,18.5000,1.66 M,01/25/18,0.03999999999999915,0.21668472372697262
SC,18.5900,18.7250,18.4250,18.4600,1.87 M,01/24/18,-0.09999999999999787,-0.5387931034482644
SC,18.3100,18.6100,18.2200,18.5600,1.58 M,01/23/18,0.13999999999999702,0.7600434310531867
SC,18.3700,18.6400,18.3500,18.4200,1.54 M,01/22/18,0.010000000000001563,0.0543183052688841
SC,18.2200,18.4300,17.8800,18.4100,2.97 M,01/19/18,0.28999999999999915,1.600441501103748
SC,18.2100,18.3300,18.1000,18.1200,2.34 M,01/18/18,-0.0799999999999983,-0.4395604395604302
SC,18.2400,18.3100,18.0900,18.2000,1.67 M,01/17/18,0.0,0.0
SC,18.8700,18.8800,18.1200,18.2000,2.55 M,01/16/18,-0.5899999999999999,-3.1399680681213407
SC,19.0200,19.0200,18.6100,18.7900,2.31 M,01/12/18,0.23999999999999844,1.2938005390835494
SC,18.4300,18.5800,18.3300,18.5500,1.13 M,01/11/18,0.1999999999999993,1.0899182561307863
SC,18.5200,18.6100,18.3100,18.3500,1.49 M,01/10/18,-0.0799999999999983,-0.43407487791643135
SC,18.5800,18.6400,18.3900,18.4300,1.78 M,01/09/18,-0.17999999999999972,-0.9672219236969356
SC,18.8500,18.8500,18.5100,18.6100,1.55 M,01/08/18,-0.240000000000002,-1.2732095490716284
SC,18.7000,18.8900,18.5300,18.8500,1.89 M,01/05/18,0.23000000000000043,1.235230934479057
SC,18.6500,18.7950,18.4400,18.6200,2.11 M,01/04/18,0.10999999999999943,0.5942733657482411
SC,18.5400,18.6600,18.4200,18.5100,2.16 M,01/03/18,0.120000000000001,0.6525285481239859
SC,18.6000,18.6500,18.2700,18.3900,2.67 M,01/02/18,-0.23000000000000043,-1.235230934479057
SC,18.6500,18.7300,18.5000,18.6200,1.10 M,12/29/17,0.019999999999999574,0.1075268817204278
SC,18.5500,18.6050,18.3800,18.6000,844068,12/28/17,0.120000000000001,0.6493506493506547
SC,18.5200,18.5700,18.3800,18.4800,1.22 M,12/27/17,0.0,0.0
SC,18.4500,18.5000,18.3300,18.4800,765011,12/26/17,0.030000000000001137,0.16260162601626632
SC,18.6600,18.7000,18.3850,18.4500,942481,12/22/17,-0.07000000000000028,-0.37796976241900804
SC,18.4000,18.7100,18.3600,18.5200,2.68 M,12/21/17,0.23999999999999844,1.3129102844638862
SC,18.2500,18.3900,18.2000,18.2800,1.14 M,12/20/17,0.15000000000000213,0.8273579702151249
SC,18.2100,18.2500,18.0400,18.1300,1.82 M,12/19/17,0.019999999999999574,0.11043622308116827
SC,18.1800,18.3900,18.0850,18.1100,2.65 M,12/18/17,0.120000000000001,0.6670372429127349
SC,18.3200,18.3200,17.9800,17.9900,3.07 M,12/15/17,-0.2900000000000027,-1.5864332603938878
SC,18.4300,18.4300,18.2100,18.2800,963155,12/14/17,-0.03999999999999915,-0.21834061135370714
SC,18.4500,18.5400,18.3000,18.3200,2.33 M,12/13/17,-0.10000000000000142,-0.5428881650380099
SC,18.2100,18.4300,18.2100,18.4200,2.23 M,12/12/17,0.23000000000000043,1.264431006047281
SC,17.9000,18.3000,17.8800,18.1900,1.38 M,12/11/17,0.370000000000001,2.076318742985415
SC,17.9700,18.0200,17.7801,17.8200,1.36 M,12/08/17,-0.0799999999999983,-0.4469273743016665
SC,17.6300,17.9400,17.5700,17.9000,1.26 M,12/07/17,0.259999999999998,1.4739229024943197
SC,17.7100,17.7100,17.5800,17.6400,1.37 M,12/06/17,-0.120000000000001,-0.6756756756756812
SC,18.1000,18.1000,17.6050,17.7600,2.66 M,12/05/17,-0.2699999999999996,-1.4975041597337746
SC,18.6000,18.7300,17.8300,18.0300,3.26 M,12/04/17,0.6600000000000001,3.79965457685665
SC,17.2700,17.5650,17.1100,17.3700,1.43 M,12/01/17,0.13000000000000256,0.7540603248260009
SC,17.2200,17.3600,17.0750,17.2400,1.88 M,11/30/17,0.18999999999999773,1.1143695014662622
SC,17.0800,17.4198,16.9400,17.0500,2.03 M,11/29/17,0.05000000000000071,0.2941176470588277
SC,16.7300,17.0400,16.5900,17.0000,1.42 M,11/28/17,0.2699999999999996,1.6138673042438707
SC,16.8100,16.8700,16.6450,16.7300,789583,11/27/17,-0.120000000000001,-0.7121661721068308
SC,16.9500,16.9500,16.8000,16.8500,305823,11/24/17,-0.09999999999999787,-0.5899705014749137
SC,17.1200,17.1900,16.9200,16.9500,780252,11/22/17,-0.14000000000000057,-0.8191925102399097
SC,17.1700,17.3400,16.9900,17.0900,1.88 M,11/21/17,0.019999999999999574,0.11716461628587917
SC,16.6000,17.1700,16.5000,17.0700,4.26 M,11/20/17,0.75,4.595588235294118
SC,16.1300,16.3695,16.0900,16.3200,821546,11/17/17,0.1700000000000017,1.052631578947379
SC,16.2900,16.4200,16.0900,16.1500,1.40 M,11/16/17,-0.13000000000000256,-0.7985257985258142
SC,15.7400,16.4000,15.6400,16.2800,1.91 M,11/15/17,0.5000000000000018,3.1685678073510886
SC,15.8100,15.9900,15.7300,15.7800,1.68 M,11/14/17,-0.15000000000000036,-0.9416195856873846
SC,16.0500,16.0600,15.8850,15.9300,1.48 M,11/13/17,-0.25,-1.5451174289245984
SC,16.2700,16.4600,16.1800,16.1800,1.05 M,11/10/17,-0.030000000000001137,-0.18507094386182069
SC,16.2900,16.4200,16.0300,16.2100,1.90 M,11/09/17,-0.21000000000000085,-1.2789281364190064
SC,16.4900,16.5100,16.2700,16.4200,1.62 M,11/08/17,-0.1999999999999993,-1.2033694344163615
SC,16.8700,16.9400,16.4950,16.6200,1.07 M,11/07/17,-0.3099999999999987,-1.8310691080921366
SC,16.8700,17.0500,16.8500,16.9300,1.23 M,11/06/17,-0.05999999999999872,-0.35314891112418323
SC,16.8000,17.0000,16.7400,16.9900,1.67 M,11/03/17,0.04999999999999716,0.29515938606846015
SC,16.7900,17.0150,16.5700,16.9400,1.55 M,11/02/17,0.120000000000001,0.7134363852556539
SC,16.7900,17.0000,16.6800,16.8200,2.81 M,11/01/17,0.17999999999999972,1.0817307692307674
SC,16.6900,16.8700,16.5700,16.6400,2.41 M,10/31/17,-0.05000000000000071,-0.2995805871779551
SC,16.1100,16.8050,16.1100,16.6900,4.34 M,10/30/17,0.620000000000001,3.8581207218419475
SC,14.7800,16.5300,14.7500,16.0700,6.27 M,10/27/17,0.6699999999999999,4.35064935064935
SC,15.2400,15.5150,15.1800,15.4000,2.32 M,10/26/17,0.22000000000000064,1.4492753623188448
SC,15.3400,15.4050,15.0400,15.1800,1.47 M,10/25/17,-0.120000000000001,-0.7843137254902025
SC,15.3000,15.3800,15.0000,15.3000,1.53 M,10/24/17,0.0,0.0
SC,15.3800,15.5200,15.2500,15.3000,655758,10/23/17,-0.08999999999999986,-0.584795321637426
SC,15.5100,15.5500,15.3600,15.3900,1.18 M,10/20/17,0.08000000000000007,0.5225342913128679
SC,15.2200,15.4150,15.1400,15.3100,904357,10/19/17,-0.05999999999999872,-0.39037085230968593
SC,15.3100,15.4500,15.2600,15.3700,767154,10/18/17,0.09999999999999964,0.6548788474132262
SC,15.4500,15.4600,15.2400,15.2700,1.01 M,10/17/17,-0.23000000000000043,-1.4838709677419382
SC,15.1400,15.6100,15.1400,15.5000,2.17 M,10/16/17,0.3699999999999992,2.445472571050887
SC,15.1200,15.1900,14.9950,15.1300,1.04 M,10/13/17,0.0600000000000005,0.39814200398142335
SC,15.2000,15.2000,14.9700,15.0700,1.47 M,10/12/17,-0.17999999999999972,-1.1803278688524572
SC,15.3100,15.3900,15.1300,15.2500,1.54 M,10/11/17,-0.08000000000000007,-0.5218525766470976
SC,15.3200,15.5100,15.0800,15.3300,1.93 M,10/10/17,0.0,0.0
SC,15.8200,15.8700,15.2800,15.3300,1.46 M,10/09/17,-0.34999999999999964,-2.232142857142855
SC,15.6100,15.7000,15.5400,15.6800,1.52 M,10/06/17,0.07000000000000028,0.44843049327354445
SC,15.5600,15.7300,15.4600,15.6100,2.01 M,10/05/17,0.08999999999999986,0.5798969072164939
SC,15.5700,15.6300,15.4700,15.5200,2.31 M,10/04/17,-0.030000000000001137,-0.19292604501608449
SC,15.7300,15.8200,15.5000,15.5500,2.17 M,10/03/17,-0.03999999999999915,-0.25657472738934667
SC,15.3600,15.6900,15.3200,15.5900,4.69 M,10/02/17,0.22000000000000064,1.4313597918022163
SC,15.2600,15.3800,15.1900,15.3700,1.99 M,09/29/17,0.09999999999999964,0.6548788474132262
SC,15.2000,15.3100,15.1750,15.2700,1.33 M,09/28/17,0.08000000000000007,0.526662277814352
SC,15.1800,15.4100,15.1100,15.1900,2.12 M,09/27/17,0.1399999999999988,0.9302325581395268
SC,14.6400,15.1550,14.6000,15.0500,2.01 M,09/26/17,0.370000000000001,2.520435967302459
SC,14.5100,14.6900,14.5100,14.6800,1.50 M,09/25/17,0.14000000000000057,0.9628610729023424
SC,14.3800,14.5500,14.3200,14.5400,1.18 M,09/22/17,0.17999999999999972,1.253481894150416
SC,14.3400,14.4200,14.2400,14.3600,853749,09/21/17,-0.02000000000000135,-0.1390820584144739
SC,14.4900,14.4900,14.3000,14.3800,1.13 M,09/20/17,-0.11999999999999922,-0.8275862068965464
SC,14.5500,14.5700,14.3500,14.5000,821943,09/19/17,-0.009999999999999787,-0.06891798759476077
SC,14.3200,14.5100,14.3000,14.5100,1.03 M,09/18/17,0.27999999999999936,1.9676739283204452
SC,14.0500,14.2700,13.9865,14.2300,2.06 M,09/15/17,0.13000000000000078,0.9219858156028424
SC,14.1600,14.2100,14.0250,14.1000,1.16 M,09/14/17,-0.08000000000000007,-0.5641748942172079
SC,14.3100,14.3600,14.1600,14.1800,1.51 M,09/13/17,-0.13000000000000078,-0.908455625436763
SC,14.3600,14.4300,14.2500,14.3100,1.79 M,09/12/17,0.05000000000000071,0.35063113604488577
SC,14.4500,14.5600,14.2500,14.2600,1.91 M,09/11/17,0.0,0.0
SC,14.1600,14.3750,14.1100,14.2600,2.02 M,09/08/17,0.0600000000000005,0.4225352112676092
SC,14.2700,14.2900,14.0000,14.2000,2.11 M,09/07/17,-0.120000000000001,-0.8379888268156493
SC,14.5000,14.5000,14.2500,14.3200,2.50 M,09/06/17,-0.14000000000000057,-0.9681881051175696
SC,14.6800,14.6800,14.1900,14.4600,3.81 M,09/05/17,0.0,0.0
SC,14.3400,14.5300,14.2500,14.4600,1.95 M,09/01/17,0.1800000000000015,1.2605042016806827
SC,14.5000,14.5200,14.2400,14.2800,1.74 M,08/31/17,-0.10000000000000142,-0.6954102920723325
SC,14.1500,14.5100,13.9600,14.3800,3.20 M,08/30/17,0.5900000000000016,4.278462654097184
SC,13.7900,13.8500,13.6100,13.7900,1.95 M,08/29/17,-0.14000000000000057,-1.0050251256281448
SC,14.0500,14.3000,13.8350,13.9300,3.84 M,08/28/17,-0.040000000000000924,-0.28632784538297007
SC,13.7300,14.0900,13.7300,13.9700,2.19 M,08/25/17,0.2599999999999998,1.8964259664478467
SC,12.9000,13.8793,12.8100,13.7100,4.52 M,08/24/17,0.9000000000000004,7.025761124121781
SC,12.7200,12.9150,12.7010,12.8100,728443,08/23/17,0.02000000000000135,0.15637216575450627
SC,12.9400,12.9400,12.7350,12.7900,617430,08/22/17,-0.05000000000000071,-0.38940809968847906
SC,12.7900,12.9450,12.7700,12.8400,743079,08/21/17,-0.009999999999999787,-0.0778210116731501
SC,12.7800,13.0400,12.7700,12.8500,2.02 M,08/18/17,0.0,0.0
SC,13.0800,13.2200,12.8500,12.8500,1.42 M,08/17/17,-0.2400000000000002,-1.8334606569900704
SC,13.3200,13.3700,13.0250,13.0900,1.20 M,08/16/17,-0.14000000000000057,-1.0582010582010624
SC,13.1200,13.2900,13.0500,13.2300,1.64 M,08/15/17,0.21000000000000085,1.6129032258064582
SC,12.9300,13.1600,12.8600,13.0200,1.46 M,08/14/17,0.20999999999999908,1.6393442622950747
SC,12.7000,12.8950,12.6800,12.8100,943993,08/11/17,-0.08000000000000007,-0.6206361520558578
SC,13.1000,13.1700,12.8900,12.8900,982021,08/10/17,-0.29999999999999893,-2.274450341167543
SC,13.1400,13.2550,13.0600,13.1900,1.03 M,08/09/17,-0.08999999999999986,-0.677710843373493
SC,13.0900,13.5200,13.0100,13.2800,1.51 M,08/08/17,0.1899999999999995,1.4514896867838007
SC,12.8000,13.1400,12.7500,13.0900,1.98 M,08/07/17,0.379999999999999,2.989771833202195
SC,12.7800,12.8600,12.6500,12.7100,1.54 M,08/04/17,0.02000000000000135,0.1576044129235725
SC,12.8300,12.9800,12.6900,12.6900,1.63 M,08/03/17,-0.14000000000000057,-1.091192517537027
SC,12.8900,12.9400,12.7300,12.8300,1.12 M,08/02/17,-0.0600000000000005,-0.4654771140418968
SC,12.8300,12.9750,12.8000,12.8900,1.84 M,08/01/17,0.08000000000000007,0.6245120999219366
SC,12.9300,13.0400,12.7900,12.8100,1.82 M,07/31/17,-0.15000000000000036,-1.15740740740741
SC,13.0800,13.2100,12.8100,12.9600,3.56 M,07/28/17,-0.5,-3.714710252600297
SC,13.4600,13.5750,13.2050,13.4600,3.66 M,07/27/17,0.02000000000000135,0.14880952380953386
SC,13.5700,13.6500,13.3600,13.4400,1.29 M,07/26/17,-0.14000000000000057,-1.0309278350515505
SC,13.6100,13.7500,13.5400,13.5800,1.25 M,07/25/17,0.08000000000000007,0.5925925925925931
SC,13.5600,13.6100,13.4250,13.5000,1.42 M,07/24/17,-0.13000000000000078,-0.9537784299339749
SC,13.5300,13.7200,13.5050,13.6300,1.11 M,07/21/17,0.11000000000000121,0.8136094674556302
SC,13.5800,13.6600,13.4800,13.5200,1.18 M,07/20/17,-0.07000000000000028,-0.5150846210448881
SC,13.3200,13.6600,13.3100,13.5900,1.61 M,07/19/17,0.3100000000000005,2.334337349397594
SC,13.2800,13.3600,13.1600,13.2800,1.81 M,07/18/17,0.10999999999999943,0.8352315869400109
SC,13.2800,13.4200,13.1350,13.1700,1.83 M,07/17/17,-0.10999999999999943,-0.828313253012044
SC,13.2700,13.4200,13.2650,13.2800,970566,07/14/17,-0.13000000000000078,-0.9694258016405726
SC,13.3700,13.5400,13.3000,13.4100,1.63 M,07/13/17,0.120000000000001,0.9029345372460572
SC,13.0800,13.3300,13.0700,13.2900,1.44 M,07/12/17,0.20999999999999908,1.6055045871559563
SC,13.3000,13.3300,13.0500,13.0800,2.26 M,07/11/17,-0.15000000000000036,-1.133786848072565
SC,13.1000,13.3895,13.0300,13.2300,2.93 M,07/10/17,0.14000000000000057,1.0695187165775444
SC,12.9300,13.1150,12.8100,13.0900,2.28 M,07/07/17,0.1999999999999993,1.5515903801396376
SC,13.1700,13.1700,12.8600,12.8900,2.01 M,07/06/17,-0.27999999999999936,-2.1260440394836704
SC,13.1200,13.2300,13.0500,13.1700,2.33 M,07/05/17,0.10999999999999943,0.8422664624808532
SC,12.7900,13.1000,12.7600,13.0600,935132,07/03/17,0.3000000000000007,2.3510971786833914
SC,12.8300,12.8500,12.7050,12.7600,3.55 M,06/30/17,-0.10999999999999943,-0.8547008547008503
SC,12.8700,13.0400,12.6950,12.8700,4.86 M,06/29/17,0.34999999999999964,2.795527156549518
SC,12.5000,12.6300,12.3900,12.5200,1.46 M,06/28/17,0.129999999999999,1.049233252623075
SC,12.0400,12.5400,12.0400,12.3900,3.18 M,06/27/17,0.3600000000000012,2.9925187032419056
SC,11.6800,12.0700,11.6500,12.0300,1.80 M,06/26/17,0.3699999999999992,3.173241852487129
SC,11.8600,11.9550,11.6350,11.6600,6.01 M,06/23/17,-0.129999999999999,-1.1026293469041477
SC,11.6100,12.0300,11.6100,11.7900,2.79 M,06/22/17,0.1899999999999995,1.6379310344827545
SC,11.5800,11.6600,11.4900,11.6000,3.06 M,06/21/17,0.10999999999999943,0.9573542210617879
SC,11.5700,11.6200,11.3732,11.4900,4.07 M,06/20/17,-0.08999999999999986,-0.7772020725388589
SC,11.6500,11.7250,11.5100,11.5800,2.71 M,06/19/17,0.02999999999999936,0.25974025974025416
SC,11.7600,11.7600,11.3800,11.5500,2.89 M,06/16/17,-0.17999999999999972,-1.5345268542199464
SC,11.5300,11.7600,11.4500,11.7300,3.93 M,06/15/17,0.14000000000000057,1.2079378774805916
SC,11.5800,11.6200,11.3400,11.5900,2.53 M,06/14/17,0.019999999999999574,0.1728608470181467
SC,11.4700,11.7700,11.1900,11.5700,3.41 M,06/13/17,0.13000000000000078,1.1363636363636433
SC,11.5000,11.7300,11.3800,11.4400,2.26 M,06/12/17,0.0,0.0
SC,11.6000,11.7100,11.3150,11.4400,4.15 M,06/09/17,-0.16999999999999993,-1.4642549526270452
SC,11.6800,11.8000,11.5500,11.6100,1.83 M,06/08/17,-0.08000000000000007,-0.6843455945252359
SC,11.7400,11.7500,11.5450,11.6900,1.80 M,06/07/17,0.009999999999999787,0.08561643835616256
SC,11.4300,11.7900,11.2800,11.6800,1.69 M,06/06/17,0.2400000000000002,2.0979020979020997
SC,11.3600,11.5600,11.3100,11.4400,1.02 M,06/05/17,0.08999999999999986,0.792951541850219
SC,11.3400,11.5700,11.2801,11.3500,1.78 M,06/02/17,-0.05000000000000071,-0.43859649122807637
SC,11.2500,11.6000,11.1600,11.4000,4.51 M,06/01/17,0.23000000000000043,2.0590868397493325
SC,11.5000,11.5400,11.1200,11.1700,3.68 M,05/31/17,-0.34999999999999964,-3.0381944444444415
SC,11.7800,11.8200,11.5100,11.5200,1.60 M,05/30/17,-0.3200000000000003,-2.7027027027027053
SC,11.7200,11.8600,11.6800,11.8400,1.51 M,05/26/17,0.11999999999999922,1.0238907849829284
SC,11.6400,11.7200,11.5100,11.7200,2.15 M,05/25/17,0.13000000000000078,1.1216566005176944
SC,11.7200,11.7400,11.5800,11.5900,1.11 M,05/24/17,-0.0600000000000005,-0.5150214592274721
SC,11.6400,11.7150,11.1800,11.6500,5.17 M,05/23/17,0.05000000000000071,0.4310344827586268
SC,11.8400,11.9100,11.5900,11.6000,2.37 M,05/22/17,-0.28000000000000114,-2.356902356902366
SC,11.7500,11.9600,11.7050,11.8800,2.84 M,05/19/17,0.2400000000000002,2.0618556701030943
SC,11.6700,11.9000,11.5250,11.6400,2.51 M,05/18/17,-0.14999999999999858,-1.272264631043245
SC,11.7900,11.8800,11.6250,11.7900,3.03 M,05/17/17,-0.23000000000000043,-1.9134775374376076
SC,12.2900,12.3358,11.9200,12.0200,2.49 M,05/16/17,-0.25,-2.0374898125509375
SC,12.3000,12.4900,12.2200,12.2700,2.29 M,05/15/17,0.0,0.0
SC,12.3100,12.3400,12.1100,12.2700,1.57 M,05/12/17,-0.11000000000000121,-0.8885298869143877
SC,12.4500,12.6300,12.2900,12.3800,2.71 M,05/11/17,-0.11999999999999922,-0.9599999999999937
SC,12.4500,12.5850,12.3600,12.5000,845515,05/10/17,0.019999999999999574,0.16025641025640683
SC,12.5900,12.6300,12.4500,12.4800,1.30 M,05/09/17,-0.08999999999999986,-0.7159904534606194
SC,12.3900,12.5700,12.2500,12.5700,2.02 M,05/08/17,0.16999999999999993,1.3709677419354833
SC,12.5300,12.5400,12.3600,12.4000,1.75 M,05/05/17,-0.09999999999999964,-0.7999999999999972
SC,12.5000,12.5900,12.4200,12.5000,1.77 M,05/04/17,0.05000000000000071,0.40160642570281696
SC,12.7500,12.8000,12.3800,12.4500,2.52 M,05/03/17,-0.3800000000000008,-2.9618082618862105
SC,12.8100,12.8900,12.5700,12.8300,1.58 M,05/02/17,0.02999999999999936,0.234374999999995
SC,12.8100,12.9150,12.6500,12.8000,1.70 M,05/01/17,0.0600000000000005,0.4709576138147606
SC,13.0300,13.0400,12.5600,12.7400,3.00 M,04/28/17,-0.35999999999999943,-2.748091603053431
SC,13.5500,13.5500,13.0000,13.1000,2.77 M,04/27/17,-0.2400000000000002,-1.799100449775114
SC,13.2800,13.9100,12.9300,13.3400,5.16 M,04/26/17,0.20999999999999908,1.5993907083015924
SC,13.0500,13.1500,12.8900,13.1300,2.08 M,04/25/17,0.21000000000000085,1.6253869969040313
SC,13.0500,13.0986,12.8900,12.9200,1.33 M,04/24/17,0.16999999999999993,1.3333333333333328
SC,13.0400,13.0600,12.6100,12.7500,2.11 M,04/21/17,-0.3000000000000007,-2.298850574712649
SC,12.3800,13.1500,12.3800,13.0500,4.00 M,04/20/17,0.7000000000000011,5.668016194331993
SC,12.3400,12.4800,12.2600,12.3500,2.29 M,04/19/17,0.08000000000000007,0.6519967400163005
SC,12.2600,12.3700,12.0500,12.2700,1.49 M,04/18/17,-0.040000000000000924,-0.3249390739236468
SC,12.0000,12.3150,12.0000,12.3100,3.20 M,04/17/17,0.33000000000000007,2.754590984974959
SC,12.1000,12.2400,11.8900,11.9800,2.67 M,04/13/17,-0.16999999999999993,-1.3991769547325097
SC,12.3200,12.3750,12.0600,12.1500,1.86 M,04/12/17,-0.16000000000000014,-1.2997562956945583
SC,12.2600,12.3550,12.1050,12.3100,1.77 M,04/11/17,0.02000000000000135,0.16273393002442108
SC,12.2800,12.5100,12.1800,12.2900,1.94 M,04/10/17,-0.22000000000000064,-1.7585931254996054
SC,12.4200,12.5800,12.3300,12.5100,1.46 M,04/07/17,0.019999999999999574,0.16012810248198217
SC,12.2200,12.5800,11.9300,12.4900,2.90 M,04/06/17,0.2599999999999998,2.12591986917416
SC,12.5800,12.7400,12.1900,12.2300,2.63 M,04/05/17,-0.2699999999999996,-2.1599999999999966
SC,12.7900,12.9700,12.4500,12.5000,2.57 M,04/04/17,-0.4299999999999997,-3.325599381283834
SC,13.3000,13.3000,12.9000,12.9300,1.95 M,04/03/17,-0.39000000000000057,-2.927927927927932
SC,13.2700,13.5200,13.1400,13.3200,1.60 M,03/31/17,-0.09999999999999964,-0.7451564828613982
SC,13.1900,13.5900,13.1000,13.4200,1.76 M,03/30/17,0.23000000000000043,1.7437452615617925
SC,13.1800,13.3800,13.0700,13.1900,1.12 M,03/29/17,0.0,0.0
SC,12.8300,13.2500,12.7400,13.1900,1.39 M,03/28/17,0.3099999999999987,2.406832298136636
SC,12.8200,12.9300,12.6600,12.8800,1.13 M,03/27/17,-0.08000000000000007,-0.6172839506172845
SC,12.9800,13.2800,12.7900,12.9600,1.84 M,03/24/17,0.0,0.0
SC,13.3800,13.4650,12.7500,12.9600,6.22 M,03/23/17,-0.4499999999999993,-3.355704697986572
SC,13.2200,13.6400,13.0800,13.4100,1.87 M,03/22/17,0.05000000000000071,0.37425149700599336
SC,14.0200,14.0200,13.1900,13.3600,2.23 M,03/21/17,-0.5600000000000005,-4.02298850574713
SC,13.9600,14.2100,13.7700,13.9200,2.29 M,03/20/17,-0.08999999999999986,-0.6423982869379005
SC,14.5100,14.6200,13.9700,14.0100,1.68 M,03/17/17,-0.4800000000000004,-3.312629399585924
SC,14.3600,14.6000,14.3600,14.4900,1.09 M,03/16/17,0.16999999999999993,1.1871508379888263
SC,14.3200,14.3800,14.2200,14.3200,625516,03/15/17,0.05000000000000071,0.350385423966368
SC,14.1600,14.3150,14.0600,14.2700,436546,03/14/17,0.049999999999998934,0.35161744022502767
SC,14.2500,14.3800,14.1400,14.2200,538932,03/13/17,-0.019999999999999574,-0.1404494382022442
SC,14.2400,14.4100,14.1300,14.2400,434350,03/10/17,0.08000000000000007,0.5649717514124298
SC,14.2400,14.4000,14.1100,14.1600,663789,03/09/17,-0.09999999999999964,-0.7012622720897591
SC,14.3600,14.4600,14.2200,14.2600,882429,03/08/17,-0.019999999999999574,-0.14005602240896062
SC,14.3500,14.4200,14.2700,14.2800,709202,03/07/17,-0.120000000000001,-0.8333333333333403
SC,14.4500,14.5100,14.2600,14.4000,1.14 M,03/06/17,-0.129999999999999,-0.8947006194081143
SC,14.5300,14.6000,14.4500,14.5300,934844,03/03/17,-0.02000000000000135,-0.1374570446735488
SC,14.9500,14.9500,14.4800,14.5500,1.24 M,03/02/17,-0.3999999999999986,-2.675585284280927
SC,15.2000,15.4700,14.9200,14.9500,1.98 M,03/01/17,0.16999999999999993,1.15020297699594
SC,14.8700,14.9800,14.6200,14.7800,2.16 M,02/28/17,-0.19000000000000128,-1.2692050768203158
SC,14.6600,14.9700,14.6000,14.9700,2.52 M,02/27/17,0.3500000000000014,2.3939808481532245
SC,14.2100,14.6600,14.0350,14.6200,3.21 M,02/24/17,0.28999999999999915,2.0237264480111596
SC,14.4400,14.5800,14.2800,14.3300,4.00 M,02/23/17,-0.11999999999999922,-0.830449826989614
SC,14.2300,14.4900,14.1500,14.4500,1.66 M,02/22/17,0.21999999999999886,1.5460295151089167
SC,13.4500,14.4700,13.4500,14.2300,1.76 M,02/21/17,-0.049999999999998934,-0.3501400560224015
SC,14.2400,14.2800,14.0900,14.2800,756888,02/17/17,-0.11000000000000121,-0.7644197359277359
SC,14.5300,14.6000,14.2900,14.3900,818669,02/16/17,-0.129999999999999,-0.8953168044077067
SC,14.5700,14.6000,14.3800,14.5200,1.45 M,02/15/17,-0.040000000000000924,-0.2747252747252811
SC,14.1500,14.6700,14.1500,14.5600,1.58 M,02/14/17,0.33000000000000007,2.3190442726633878
SC,14.3500,14.4300,14.2200,14.2300,1.15 M,02/13/17,0.009999999999999787,0.07032348804500553
SC,14.3900,14.3900,14.1200,14.2200,1.11 M,02/10/17,-0.06999999999999851,-0.48985304408676356
SC,14.1700,14.4100,14.0908,14.2900,1.72 M,02/09/17,0.129999999999999,0.9180790960451907
SC,14.1400,14.1900,13.9400,14.1600,3.19 M,02/08/17,-0.1899999999999995,-1.3240418118466866
SC,14.0900,14.3800,14.0600,14.3500,3.16 M,02/07/17,0.29999999999999893,2.135231316725971
SC,13.7500,14.0650,13.7500,14.0500,1.72 M,02/06/17,0.21000000000000085,1.517341040462434
SC,13.6500,13.8900,13.5400,13.8400,1.14 M,02/03/17,0.3699999999999992,2.746844840386037
SC,13.3000,13.5500,13.2400,13.4700,1.65 M,02/02/17,0.11000000000000121,0.8233532934131828
SC,13.4000,13.5700,13.1600,13.3600,1.50 M,02/01/17,0.1399999999999988,1.059001512859295
SC,13.2900,13.3800,12.9150,13.2200,2.42 M,01/31/17,0.2599999999999998,2.006172839506171
SC,12.7100,13.0500,12.5700,12.9600,1.77 M,01/30/17,0.15000000000000036,1.1709601873536326
SC,12.7400,12.9099,12.6000,12.8100,1.48 M,01/27/17,-0.019999999999999574,-0.15588464536242846
SC,12.6200,12.8600,12.3900,12.8300,3.22 M,01/26/17,0.019999999999999574,0.15612802498048067
SC,13.3000,13.7000,12.8000,12.8100,7.95 M,01/25/17,-0.9900000000000002,-7.1739130434782625
SC,13.6000,13.8250,13.3300,13.8000,2.33 M,01/24/17,0.3200000000000003,2.373887240356085
SC,13.2500,13.5300,13.2200,13.4800,1.23 M,01/23/17,0.0,0.0
SC,13.3800,13.5850,13.3500,13.4800,831867,01/20/17,0.09999999999999964,0.7473841554559016
SC,13.4800,13.6500,13.3000,13.3800,483214,01/19/17,-0.06999999999999851,-0.520446096654264
SC,13.3000,13.5200,13.1150,13.4500,918372,01/18/17,0.129999999999999,0.9759759759759685
SC,13.2200,13.7400,13.1066,13.3200,1.53 M,01/17/17,-0.02999999999999936,-0.22471910112359073
SC,13.7700,13.8800,13.3200,13.3500,2.04 M,01/13/17,-0.34999999999999964,-2.554744525547443
SC,13.3800,13.9600,13.3800,13.7000,1.26 M,01/12/17,-0.20000000000000107,-1.438848920863317
SC,13.8300,13.9000,13.5700,13.9000,935440,01/11/17,0.11000000000000121,0.7976794778825324
SC,13.5200,13.8850,13.5200,13.7900,1.03 M,01/10/17,0.2599999999999998,1.921655580192164
SC,13.6500,13.7200,13.4200,13.5300,1.29 M,01/09/17,-0.1800000000000015,-1.3129102844639058
SC,14.1200,14.1400,13.6200,13.7100,2.58 M,01/06/17,-0.35999999999999943,-2.558635394456286
SC,14.4200,14.5500,13.9750,14.0700,1.68 M,01/05/17,-0.4299999999999997,-2.9655172413793083
SC,14.0900,14.5300,14.0100,14.5000,2.28 M,01/04/17,0.5399999999999991,3.8681948424068704
SC,13.7300,14.0800,13.6950,13.9600,1.67 M,01/03/17,0.46000000000000085,3.4074074074074137
SC,13.5100,13.6100,13.3800,13.5000,1.13 M,12/30/16,0.019999999999999574,0.14836795252225202
SC,13.5200,13.6700,13.3550,13.4800,949967,12/29/16,-0.02999999999999936,-0.22205773501109816
SC,13.7600,13.7800,13.4300,13.5100,1.17 M,12/28/16,-0.16000000000000014,-1.1704462326261897
SC,13.7000,13.8400,13.6500,13.6700,663975,12/27/16,-0.019999999999999574,-0.14609203798392675
SC,13.6300,13.7300,13.5600,13.6900,356815,12/23/16,0.08000000000000007,0.5878030859662019
SC,13.8200,13.8400,13.5700,13.6100,995275,12/22/16,-0.21000000000000085,-1.51953690303908
SC,13.8200,13.8800,13.6700,13.8200,768909,12/21/16,-0.08000000000000007,-0.5755395683453243
SC,13.9700,14.1700,13.9000,13.9000,829449,12/20/16,0.019999999999999574,0.14409221902016983
SC,13.7400,13.9000,13.6000,13.8800,728291,12/19/16,0.11000000000000121,0.7988380537400234
SC,13.8700,14.0100,13.7100,13.7700,826375,12/16/16,-0.05000000000000071,-0.36179450072359415
SC,13.8800,14.3200,13.8000,13.8200,1.11 M,12/15/16,0.030000000000001137,0.21754894851342377
SC,13.8200,14.1050,13.6400,13.7900,955603,12/14/16,-0.21000000000000085,-1.500000000000006
SC,14.3900,14.5200,13.9400,14.0000,1.01 M,12/13/16,-0.23000000000000043,-1.6163035839775153
SC,14.6800,14.8100,14.1150,14.2300,1.27 M,12/12/16,-0.4499999999999993,-3.0653950953678426
SC,14.7900,14.7900,14.5000,14.6800,898686,12/09/16,-0.16000000000000014,-1.078167115902966
SC,14.4600,15.0700,14.3800,14.8400,1.40 M,12/08/16,0.5199999999999996,3.6312849162011145
SC,13.9500,14.4000,13.9100,14.3200,1.89 M,12/07/16,0.34999999999999964,2.5053686471009278
SC,13.7600,14.1250,13.5200,13.9700,1.57 M,12/06/16,0.3000000000000007,2.1945866861741092
SC,13.6000,13.9600,13.6000,13.6700,1.49 M,12/05/16,0.2599999999999998,1.9388516032811318
SC,13.7900,13.8500,13.3100,13.4100,1.60 M,12/02/16,-0.4399999999999995,-3.176895306859202
SC,13.8700,14.1500,13.7700,13.8500,1.26 M,12/01/16,0.07000000000000028,0.5079825834542836
SC,13.7200,13.8100,13.4100,13.7800,1.45 M,11/30/16,0.2400000000000002,1.7725258493353044
SC,13.7900,13.8100,13.5025,13.5400,934038,11/29/16,-0.26000000000000156,-1.884057971014504
SC,13.9400,14.0300,13.6800,13.8000,729606,11/28/16,-0.25,-1.779359430604982
SC,14.0900,14.1000,13.9400,14.0500,271798,11/25/16,0.030000000000001137,0.21398002853067857
SC,13.8500,14.0400,13.7500,14.0200,792126,11/23/16,0.129999999999999,0.9359251259899136
SC,13.9300,14.0700,13.8100,13.8900,1.29 M,11/22/16,0.0,0.0
SC,13.7100,13.9600,13.6550,13.8900,1.31 M,11/21/16,0.2900000000000009,2.1323529411764772
SC,13.7900,13.8100,13.5450,13.6000,1.55 M,11/18/16,-0.16999999999999993,-1.2345679012345674
SC,13.6900,13.9200,13.4500,13.7700,1.04 M,11/17/16,-0.08999999999999986,-0.6493506493506483
SC,13.7900,13.9500,13.6800,13.8600,1.49 M,11/16/16,-0.07000000000000028,-0.5025125628140724
SC,13.8600,14.0100,13.4900,13.9300,2.26 M,11/15/16,-0.019999999999999574,-0.14336917562723708
SC,13.4000,14.0200,13.2900,13.9500,3.64 M,11/14/16,0.6699999999999999,5.045180722891566
SC,13.0800,13.2900,12.8600,13.2800,2.51 M,11/11/16,0.10999999999999943,0.8352315869400109
SC,12.5400,13.3300,12.5300,13.1700,4.17 M,11/10/16,0.7400000000000002,5.953338696701531
SC,11.6000,12.5600,11.5000,12.4300,5.62 M,11/09/16,1.5,13.72369624885636
SC,11.4400,11.4900,10.7600,10.9300,6.22 M,11/08/16,-0.8100000000000005,-6.899488926746172
SC,11.8600,11.9800,11.7300,11.7400,1.24 M,11/07/16,0.21000000000000085,1.8213356461405106
SC,11.5900,11.8250,11.4700,11.5300,1.22 M,11/04/16,-0.02000000000000135,-0.17316017316018484
SC,11.7500,11.7800,11.5000,11.5500,1.91 M,11/03/16,-0.16999999999999993,-1.4505119453924908
SC,11.9300,12.0700,11.6600,11.7200,1.36 M,11/02/16,-0.3099999999999987,-2.5768911055693993
SC,12.1500,12.3450,11.8550,12.0300,1.20 M,11/01/16,-0.16999999999999993,-1.3934426229508192
SC,12.4800,12.6099,12.1100,12.2000,995933,10/31/16,-0.16999999999999993,-1.3742926434923197
SC,12.4700,12.5400,12.2550,12.3700,721056,10/28/16,-0.0600000000000005,-0.48270313757039823
SC,12.4900,12.6400,12.3000,12.4300,1.43 M,10/27/16,0.02999999999999936,0.2419354838709626
SC,12.4000,12.6200,12.1100,12.4000,982888,10/26/16,-0.2599999999999998,-2.053712480252763
SC,12.6900,12.8500,12.5500,12.6600,611348,10/25/16,-0.09999999999999964,-0.7836990595611257
SC,12.6700,12.8200,12.5900,12.7600,414105,10/24/16,0.1899999999999995,1.511535401750195
SC,12.6000,12.7700,12.4800,12.5700,900800,10/21/16,-0.11999999999999922,-0.9456264775413651
SC,12.7700,13.0300,12.6600,12.6900,644999,10/20/16,-0.11000000000000121,-0.8593750000000094
SC,12.6500,12.8650,12.5700,12.8000,733101,10/19/16,0.16999999999999993,1.3460015835312742
SC,12.6700,12.6850,12.5700,12.6300,570207,10/18/16,0.13000000000000078,1.0400000000000063
SC,12.5800,12.6800,12.4450,12.5000,678161,10/17/16,-0.05000000000000071,-0.3984063745019977
SC,12.6200,12.8500,12.4900,12.5500,623156,10/14/16,0.08999999999999986,0.7223113964686987
SC,12.5900,12.6300,12.2500,12.4600,940323,10/13/16,-0.21999999999999886,-1.7350157728706534
SC,12.6800,12.8500,12.5450,12.6800,822414,10/12/16,-0.040000000000000924,-0.3144654088050387
SC,12.9800,13.0400,12.6400,12.7200,796449,10/11/16,-0.27999999999999936,-2.153846153846149
SC,13.1100,13.2400,12.9900,13.0000,623326,10/10/16,0.009999999999999787,0.07698229407236172
SC,13.1600,13.2800,12.9600,12.9900,2.18 M,10/07/16,-0.129999999999999,-0.9908536585365778
SC,13.0200,13.2450,12.7750,13.1200,2.31 M,10/06/16,0.129999999999999,1.000769822940716
SC,12.8800,13.1300,12.8000,12.9900,2.33 M,10/05/16,0.20000000000000107,1.5637216575449655
SC,12.5700,13.1000,12.5000,12.7900,3.34 M,10/04/16,0.3699999999999992,2.979066022544277
SC,12.2000,12.4300,12.1100,12.4200,1.01 M,10/03/16,0.2599999999999998,2.1381578947368403
SC,11.9900,12.2300,11.9100,12.1600,1.24 M,09/30/16,0.2699999999999996,2.270815811606388
SC,12.1100,12.3900,11.7800,11.8900,1.33 M,09/29/16,-0.25,-2.059308072487644
SC,12.0000,12.2600,11.9150,12.1400,1.66 M,09/28/16,0.15000000000000036,1.251042535446208
SC,11.8400,12.1600,11.6800,11.9900,1.48 M,09/27/16,0.07000000000000028,0.5872483221476534
SC,11.8000,11.9300,11.5800,11.9200,2.06 M,09/26/16,0.009999999999999787,0.0839630562552459
SC,10.9400,12.5800,10.8700,11.9100,4.69 M,09/23/16,1.0600000000000005,9.769585253456226
SC,10.7500,10.9900,10.5700,10.8500,1.88 M,09/22/16,0.1399999999999988,1.3071895424836488
SC,10.9900,11.0000,10.5800,10.7100,1.73 M,09/21/16,-0.10999999999999943,-1.0166358595194032
SC,11.0300,11.0600,10.7600,10.8200,1.18 M,09/20/16,-0.129999999999999,-1.1872146118721372
SC,11.1200,11.1900,10.7800,10.9500,1.74 M,09/19/16,-0.120000000000001,-1.08401084010841
SC,11.0900,11.2200,11.0150,11.0700,1.47 M,09/16/16,-0.2599999999999998,-2.29479258605472
SC,11.6600,11.7100,11.2100,11.3300,2.04 M,09/15/16,-0.41999999999999993,-3.5744680851063824
SC,11.8600,11.9490,11.6200,11.7500,1.20 M,09/14/16,-0.15000000000000036,-1.2605042016806751
SC,12.1500,12.2200,11.7000,11.9000,1.37 M,09/13/16,-0.4900000000000002,-3.9548022598870074
SC,11.8200,12.4950,11.7600,12.3900,1.16 M,09/12/16,0.21000000000000085,1.7241379310344898
SC,12.3600,12.4999,12.1800,12.1800,1.14 M,09/09/16,-0.25,-2.011263073209976
SC,12.4100,12.5300,12.2400,12.4300,1.31 M,09/08/16,0.0600000000000005,0.48504446240905824
SC,12.3900,12.4700,12.2500,12.3700,903813,09/07/16,0.05999999999999872,0.48740861088544857
SC,12.5000,12.5050,12.2500,12.3100,1.13 M,09/06/16,-0.1399999999999988,-1.124497991967862
SC,12.4400,12.5900,12.2400,12.4500,802139,09/02/16,0.06999999999999851,0.5654281098545921
SC,12.6100,12.6700,12.2350,12.3800,1.02 M,09/01/16,-0.1999999999999993,-1.5898251192368782
SC,12.4300,12.6300,12.2500,12.5800,1.87 M,08/31/16,0.22000000000000064,1.7799352750809114
SC,12.2800,12.4300,12.2300,12.3600,1.25 M,08/30/16,0.16000000000000014,1.3114754098360668
SC,11.9600,12.2800,11.9100,12.2000,916181,08/29/16,0.25,2.092050209205021
SC,11.8700,12.3400,11.8200,11.9500,1.10 M,08/26/16,0.11999999999999922,1.0143702451394694
SC,11.7700,11.8800,11.6800,11.8300,1.06 M,08/25/16,0.08000000000000007,0.6808510638297879
SC,11.7900,12.3900,11.7100,11.7500,1.22 M,08/24/16,-0.07000000000000028,-0.5922165820643002
SC,11.6600,11.8600,11.5400,11.8200,1.24 M,08/23/16,0.25,2.16076058772688
SC,11.5100,11.6500,11.3500,11.5700,1.17 M,08/22/16,0.019999999999999574,0.17316017316016946
SC,11.5800,11.6100,11.4900,11.5500,716739,08/19/16,-0.03999999999999915,-0.34512510785158884
SC,11.4600,11.6100,11.3700,11.5900,961619,08/18/16,0.16000000000000014,1.3998250218722672
SC,11.6400,11.6900,11.1800,11.4300,1.41 M,08/17/16,-0.2599999999999998,-2.2241231822070127
SC,11.5800,11.9250,11.4700,11.6900,1.09 M,08/16/16,0.08000000000000007,0.6890611541774339
SC,11.4200,11.6500,11.2400,11.6100,907719,08/15/16,0.1899999999999995,1.6637478108581392
SC,11.2500,11.5100,11.2200,11.4200,1.11 M,08/12/16,0.08000000000000007,0.7054673721340394
SC,11.2800,11.5000,11.2100,11.3400,764098,08/11/16,0.1899999999999995,1.7040358744394575
SC,11.3600,11.4800,11.1300,11.1500,958646,08/10/16,-0.11999999999999922,-1.0647737355811822
SC,11.7200,11.7750,11.2100,11.2700,1.44 M,08/09/16,-0.33999999999999986,-2.9285099052540904
SC,11.6500,11.8800,11.5550,11.6100,1.90 M,08/08/16,0.009999999999999787,0.0862068965517223
SC,11.5200,11.9300,11.2200,11.6000,2.42 M,08/05/16,0.4499999999999993,4.035874439461877
SC,11.1700,11.3700,11.1000,11.1500,1.36 M,08/04/16,0.0,0.0
SC,10.7400,11.2000,10.6200,11.1500,3.16 M,08/03/16,0.370000000000001,3.4322820037105846
SC,11.0000,11.2300,10.6000,10.7800,1.31 M,08/02/16,-0.23000000000000043,-2.0890099909173516
SC,11.0500,11.4650,10.9400,11.0100,1.78 M,08/01/16,0.019999999999999574,0.18198362147406344
SC,11.3900,11.4650,10.9400,10.9900,4.14 M,07/29/16,-0.41000000000000014,-3.5964912280701764
SC,11.5700,11.5700,11.2600,11.4000,1.70 M,07/28/16,-0.20999999999999908,-1.8087855297157545
SC,11.2800,12.0400,11.2800,11.6100,1.89 M,07/27/16,0.33999999999999986,3.016858917480034
SC,10.9500,11.4300,10.8000,11.2700,2.92 M,07/26/16,0.129999999999999,1.1669658886893985
SC,10.3700,11.1600,10.0000,11.1400,9.43 M,07/25/16,-0.7099999999999991,-5.991561181434592
SC,11.9400,11.9400,11.6900,11.8500,1.04 M,07/22/16,-0.13000000000000078,-1.0851419031719598
SC,12.0600,12.1500,11.7150,11.9800,1.56 M,07/21/16,-0.08000000000000007,-0.6633499170812609
SC,11.9300,12.0900,11.7800,12.0600,956366,07/20/16,0.15000000000000036,1.2594458438287184
SC,11.8600,12.1900,11.8600,11.9100,1.55 M,07/19/16,-0.0600000000000005,-0.5012531328320843
SC,11.9200,12.1400,11.8258,11.9700,1.49 M,07/18/16,0.030000000000001137,0.2512562814070447
SC,11.6300,12.0300,11.4299,11.9400,1.63 M,07/15/16,0.41000000000000014,3.555941023417174
SC,11.3700,11.6000,11.3700,11.5300,986701,07/14/16,0.20999999999999908,1.8551236749116526
SC,11.2400,11.3400,10.9700,11.3200,1.41 M,07/13/16,0.08000000000000007,0.7117437722419935
SC,10.9500,11.4700,10.9050,11.2400,1.37 M,07/12/16,0.41999999999999993,3.88170055452865
SC,10.9700,11.1000,10.6700,10.8200,1.62 M,07/11/16,-0.009999999999999787,-0.09233610341643386
SC,10.2900,10.9600,10.2200,10.8300,2.05 M,07/08/16,0.6799999999999997,6.699507389162559
SC,9.9600,10.4800,9.8300,10.1500,1.73 M,07/07/16,0.23000000000000043,2.3185483870967785
SC,9.8000,10.2700,9.4850,9.9200,3.32 M,07/06/16,0.019999999999999574,0.20202020202019771
SC,10.5200,10.5200,9.7500,9.9000,2.85 M,07/05/16,-0.7300000000000004,-6.867356538099721
SC,10.2200,10.7400,10.2100,10.6300,2.58 M,07/01/16,0.3000000000000007,2.904162633107461
SC,10.5900,10.7900,9.9500,10.3300,3.70 M,06/30/16,-0.16999999999999993,-1.6190476190476184
SC,9.9100,10.6100,9.8900,10.5000,2.77 M,06/29/16,0.75,7.6923076923076925
SC,9.9000,10.0699,9.6250,9.7500,3.47 M,06/28/16,0.0600000000000005,0.6191950464396336
SC,10.0800,10.1200,9.6200,9.6900,4.76 M,06/27/16,-0.5200000000000014,-5.093046033300698
SC,10.1500,10.3900,10.0900,10.2100,3.51 M,06/24/16,-0.5,-4.668534080298786
SC,10.4600,10.8000,10.4000,10.7100,1.20 M,06/23/16,0.5600000000000005,5.51724137931035
SC,10.5600,10.6100,10.1500,10.1500,1.31 M,06/22/16,-0.3100000000000005,-2.963671128107079
SC,10.6300,10.6300,10.2700,10.4600,1.63 M,06/21/16,-0.15999999999999837,-1.5065913370997963
SC,10.7400,10.9400,10.5900,10.6200,849935,06/20/16,0.15999999999999837,1.529636711281055
SC,10.4800,10.6400,10.3300,10.4600,1.32 M,06/17/16,0.07000000000000028,0.6737247353224282
SC,10.4900,10.5600,10.1600,10.3900,1.92 M,06/16/16,-0.2400000000000002,-2.257761053621827
SC,10.3100,10.8250,10.3100,10.6300,2.40 M,06/15/16,0.34000000000000163,3.304178814382912
SC,11.1300,11.1300,10.1400,10.2900,4.28 M,06/14/16,-0.9100000000000001,-8.125000000000002
SC,11.1500,11.2925,10.9600,11.2000,1.37 M,06/13/16,-0.10000000000000142,-0.8849557522124019
SC,11.9900,11.9900,11.2800,11.3000,1.82 M,06/10/16,-0.5699999999999985,-4.80202190395955
SC,12.3800,12.4300,11.7000,11.8700,1.92 M,06/09/16,-0.6600000000000001,-5.26735833998404
SC,12.5500,12.7300,12.3800,12.5300,1.04 M,06/08/16,0.02999999999999936,0.23999999999999488
SC,12.7200,12.8700,12.4900,12.5000,2.33 M,06/07/16,-0.21000000000000085,-1.6522423288749082
SC,12.1900,12.8300,12.0600,12.7100,2.22 M,06/06/16,0.5100000000000016,4.180327868852472
SC,12.6700,12.6700,11.6882,12.2000,2.23 M,06/03/16,-0.5400000000000009,-4.238618524332817
SC,12.6800,12.8100,12.5800,12.7400,1.69 M,06/02/16,0.02999999999999936,0.2360346184106952
SC,12.7100,12.9100,12.4800,12.7100,1.25 M,06/01/16,-0.14999999999999858,-1.1664074650077652
SC,12.6800,12.9900,12.6800,12.8600,1.35 M,05/31/16,0.2699999999999996,2.1445591739475742
SC,12.6500,12.8600,12.4800,12.5900,1.03 M,05/27/16,-0.019999999999999574,-0.15860428231561916
SC,12.8300,12.8800,12.5500,12.6100,1.01 M,05/26/16,-0.22000000000000064,-1.7147310989867548
SC,12.3900,12.8800,12.3200,12.8300,1.86 M,05/25/16,0.5299999999999994,4.308943089430889
SC,12.1200,12.3700,12.1000,12.3000,957642,05/24/16,0.2400000000000002,1.9900497512437827
SC,11.7600,12.2700,11.7000,12.0600,929709,05/23/16,0.3000000000000007,2.5510204081632715
SC,11.6500,11.9300,11.6500,11.7600,1.60 M,05/20/16,0.0600000000000005,0.5128205128205171
SC,12.0300,12.2500,11.6200,11.7000,1.65 M,05/19/16,-0.40000000000000036,-3.3057851239669453
SC,11.8200,12.2100,11.8200,12.1000,989028,05/18/16,0.08999999999999986,0.7493755203996658
SC,11.8000,12.2200,11.7600,12.0100,1.00 M,05/17/16,0.1999999999999993,1.6934801016088
SC,11.8800,12.1000,11.7100,11.8100,814646,05/16/16,0.009999999999999787,0.0847457627118626
SC,11.9200,12.2000,11.7200,11.8000,1.15 M,05/13/16,-0.1999999999999993,-1.6666666666666607
SC,12.4300,12.5200,11.7600,12.0000,1.33 M,05/12/16,-0.2400000000000002,-1.960784313725492
SC,12.2800,12.5400,12.1100,12.2400,1.71 M,05/11/16,-0.35999999999999943,-2.8571428571428528
SC,12.5600,12.8750,12.5600,12.6000,1.47 M,05/10/16,0.07000000000000028,0.5586592178770973
SC,12.6800,12.8000,12.3300,12.5300,1.23 M,05/09/16,-0.14000000000000057,-1.1049723756906122
SC,12.4100,12.7100,12.4100,12.6700,1.09 M,05/06/16,0.15000000000000036,1.1980830670926546
SC,12.7800,12.8700,12.4200,12.5200,1.06 M,05/05/16,-0.2599999999999998,-2.0344287949921736
SC,12.8200,13.0000,12.5900,12.7800,1.68 M,05/04/16,-0.13000000000000078,-1.0069713400464817
SC,13.0200,13.0200,12.6500,12.9100,1.51 M,05/03/16,-0.2699999999999996,-2.0485584218512867
SC,13.2100,13.2200,12.8900,13.1800,1.22 M,05/02/16,0.009999999999999787,0.07593014426727249
SC,13.4000,13.4100,12.9300,13.1700,2.58 M,04/29/16,-0.2400000000000002,-1.7897091722595093
SC,13.0500,13.7600,12.5800,13.4100,6.42 M,04/28/16,0.41000000000000014,3.153846153846155
SC,12.0200,13.2300,11.9900,13.0000,4.71 M,04/27/16,1.1500000000000004,9.704641350210974
SC,12.1000,12.1900,11.6600,11.8500,3.54 M,04/26/16,-0.05000000000000071,-0.4201680672268967
SC,11.9400,12.1800,11.7200,11.9000,2.04 M,04/25/16,0.13000000000000078,1.1045029736618588
SC,11.7400,12.9700,11.6300,11.7700,6.06 M,04/22/16,0.07000000000000028,0.5982905982906007
SC,11.7000,11.9200,11.6475,11.7000,1.65 M,04/21/16,-0.010000000000001563,-0.08539709649873238
SC,11.1400,11.8300,11.0900,11.7100,2.38 M,04/20/16,0.5600000000000005,5.022421524663682
SC,11.2500,11.4500,11.0900,11.1500,1.72 M,04/19/16,-0.049999999999998934,-0.44642857142856196
SC,10.9500,11.2300,10.8500,11.2000,1.50 M,04/18/16,0.11999999999999922,1.0830324909747222
SC,11.3400,11.4600,10.8800,11.0800,3.35 M,04/15/16,-0.28999999999999915,-2.5505716798592717
SC,11.2300,11.3800,11.0100,11.3700,3.67 M,04/14/16,0.15999999999999837,1.4272970561998068
SC,10.6600,11.3300,10.6600,11.2100,2.76 M,04/13/16,0.6100000000000012,5.754716981132087
SC,10.5400,10.6765,10.2400,10.6000,1.54 M,04/12/16,0.10999999999999943,1.0486177311725398
SC,10.3700,10.6100,10.3400,10.4900,1.76 M,04/11/16,0.13000000000000078,1.2548262548262625
SC,10.4100,10.6100,10.2300,10.3600,2.06 M,04/08/16,0.09999999999999964,0.974658869395708
SC,10.4000,10.4900,10.0500,10.2600,2.38 M,04/07/16,-0.3100000000000005,-2.9328287606433348
SC,10.5000,10.6200,10.1300,10.5700,1.98 M,04/06/16,0.08999999999999986,0.8587786259541971
SC,10.8700,10.8700,10.2600,10.4800,2.82 M,04/05/16,-0.4800000000000004,-4.379562043795624
SC,10.7700,11.3200,10.6100,10.9600,4.05 M,04/04/16,0.21000000000000085,1.9534883720930312
SC,10.5300,11.0200,10.1800,10.7500,5.71 M,04/01/16,0.2599999999999998,2.4785510009532867
SC,9.0800,10.5500,9.0500,10.4900,8.58 M,03/31/16,1.5899999999999999,17.865168539325843
SC,8.9700,9.0500,8.8150,8.9000,2.19 M,03/30/16,0.030000000000001137,0.3382187147688967
SC,8.8300,8.9100,8.6100,8.8700,1.91 M,03/29/16,-0.010000000000001563,-0.11261261261263021
SC,9.1700,9.1800,8.7800,8.8800,1.72 M,03/28/16,-0.2699999999999996,-2.950819672131143
SC,8.9000,9.1600,8.6000,9.1500,2.13 M,03/24/16,0.11000000000000121,1.216814159292049
SC,9.4000,9.4300,9.0000,9.0400,1.79 M,03/23/16,-0.39000000000000057,-4.135737009544014
SC,9.4000,9.5700,9.2600,9.4300,1.70 M,03/22/16,-0.009999999999999787,-0.10593220338982826
SC,9.3400,9.5500,9.3350,9.4400,1.44 M,03/21/16,0.05999999999999872,0.6396588486140589
SC,9.2300,9.5400,9.1900,9.3800,3.04 M,03/18/16,0.20000000000000107,2.1786492374727784
SC,8.9800,9.4000,8.8600,9.1800,6.70 M,03/17/16,0.17999999999999972,1.999999999999997
SC,8.7000,9.2300,8.5400,9.0000,9.01 M,03/16/16,-0.75,-7.6923076923076925
SC,10.5700,10.6100,9.6300,9.7500,4.06 M,03/15/16,-0.9499999999999993,-8.87850467289719
SC,11.2500,11.3100,10.5400,10.7000,2.11 M,03/14/16,-0.6100000000000012,-5.393457117595059
SC,10.2300,11.3300,10.1600,11.3100,3.28 M,03/11/16,1.2400000000000002,12.313803376365444
SC,10.3500,10.4000,9.8500,10.0700,2.98 M,03/10/16,-0.2400000000000002,-2.3278370514064033
SC,10.5600,10.5700,10.0600,10.3100,4.18 M,03/09/16,-0.16000000000000014,-1.5281757402101255
SC,10.7200,10.7600,10.4700,10.4700,3.69 M,03/08/16,-0.29999999999999893,-2.785515320334252
SC,10.6000,10.8900,10.5100,10.7700,2.49 M,03/07/16,0.09999999999999964,0.9372071227741298
SC,10.6600,10.9100,10.5500,10.6700,2.61 M,03/04/16,0.08999999999999986,0.8506616257088834
SC,10.2100,10.6100,10.1650,10.5800,3.31 M,03/03/16,0.39000000000000057,3.8272816486751773
SC,10.2300,10.3300,9.9800,10.1900,1.65 M,03/02/16,-0.05000000000000071,-0.48828125000000694
SC,10.3500,10.3500,9.6900,10.2400,2.73 M,03/01/16,-0.009999999999999787,-0.09756097560975402
SC,10.5400,10.5400,10.1700,10.2500,1.33 M,02/29/16,-0.2599999999999998,-2.4738344433872483
SC,10.3000,10.6200,10.2400,10.5100,1.74 M,02/26/16,0.3100000000000005,3.039215686274515
SC,10.1600,10.2400,9.8400,10.2000,2.08 M,02/25/16,0.08000000000000007,0.7905138339920956
SC,9.7500,10.2200,9.6300,10.1200,2.89 M,02/24/16,0.06999999999999851,0.6965174129353084
SC,10.3200,10.3700,10.0300,10.0500,1.28 M,02/23/16,-0.3099999999999987,-2.9922779922779803
SC,10.2700,10.5050,10.2500,10.3600,2.89 M,02/22/16,0.2599999999999998,2.574257425742572
SC,10.1800,10.2000,9.9500,10.1000,1.64 M,02/19/16,-0.14000000000000057,-1.3671875000000056
SC,10.2700,10.3500,9.9200,10.2400,2.36 M,02/18/16,-0.02999999999999936,-0.2921129503407922
SC,10.0900,10.7400,10.0800,10.2700,3.00 M,02/17/16,0.3099999999999987,3.112449799196774
SC,9.9600,10.0600,9.1600,9.9600,3.47 M,02/16/16,0.14000000000000057,1.425661914460291
SC,9.5200,9.8800,9.3400,9.8200,3.37 M,02/12/16,0.46000000000000085,4.914529914529924
SC,9.2100,9.4300,9.0100,9.3600,2.10 M,02/11/16,-0.14000000000000057,-1.4736842105263217
SC,9.5350,9.7200,9.3600,9.5000,2.38 M,02/10/16,-0.019999999999999574,-0.2100840336134409
SC,9.2600,9.7200,9.0400,9.5200,3.27 M,02/09/16,0.11999999999999922,1.2765957446808427
SC,10.0900,10.1000,9.2400,9.4000,3.56 M,02/08/16,-0.8599999999999994,-8.382066276803114
SC,10.2800,10.4900,10.0000,10.2600,2.74 M,02/05/16,-0.040000000000000924,-0.3883495145631157
SC,10.0800,10.5100,10.0000,10.3000,3.05 M,02/04/16,0.22000000000000064,2.182539682539689
SC,9.7500,10.0900,9.4400,10.0800,3.34 M,02/03/16,0.3800000000000008,3.9175257731958846
SC,9.9500,9.9500,9.4100,9.7000,4.63 M,02/02/16,-0.40000000000000036,-3.960396039603964
SC,10.2600,10.2700,9.8400,10.1000,4.53 M,02/01/16,-0.34999999999999964,-3.3492822966507148
SC,10.4000,10.4700,9.9300,10.4500,7.56 M,01/29/16,0.009999999999999787,0.09578544061302478
SC,11.1900,11.1900,10.1600,10.4400,5.48 M,01/28/16,-0.5200000000000014,-4.744525547445267
SC,12.0100,12.2400,10.7300,10.9600,12.75 M,01/27/16,-2.4399999999999995,-18.208955223880594
SC,13.2800,13.5350,13.2000,13.4000,3.56 M,01/26/16,0.20000000000000107,1.5151515151515234
SC,13.3800,13.4500,13.0700,13.2000,3.12 M,01/25/16,-0.27000000000000135,-2.00445434298442
SC,13.5000,13.7200,13.2325,13.4700,2.98 M,01/22/16,0.3000000000000007,2.2779043280182285
SC,12.9000,13.2700,12.8010,13.1700,3.38 M,01/21/16,0.25,1.934984520123839
SC,12.4200,13.0600,11.9600,12.9200,4.29 M,01/20/16,0.20999999999999908,1.6522423288748942
SC,13.3200,13.4900,12.6400,12.7100,2.85 M,01/19/16,-0.48999999999999844,-3.7121212121212004
SC,13.2900,13.3500,12.9300,13.2000,3.04 M,01/15/16,-0.4900000000000002,-3.5792549306062837
SC,13.4400,13.7300,13.1300,13.6900,2.74 M,01/14/16,0.33000000000000007,2.4700598802395217
SC,13.6900,13.9100,13.2300,13.3600,2.82 M,01/13/16,-0.41000000000000014,-2.9774872912127823
SC,14.1700,14.3500,13.6100,13.7700,2.39 M,01/12/16,-0.28000000000000114,-1.992882562277588
SC,14.1100,14.2300,13.8400,14.0500,1.72 M,01/11/16,0.010000000000001563,0.07122507122508236
SC,14.4300,14.4500,13.9400,14.0400,2.69 M,01/08/16,-0.33000000000000007,-2.2964509394572032
SC,14.9000,15.1600,14.2700,14.3700,2.39 M,01/07/16,-0.7200000000000006,-4.771371769383702
SC,15.1200,15.4600,14.9000,15.0900,2.06 M,01/06/16,-0.2900000000000009,-1.8855656697009162
SC,15.8100,15.9300,15.3500,15.3800,1.85 M,01/05/16,-0.40999999999999837,-2.5965801139961897
SC,15.6300,15.7900,15.3800,15.7900,1.36 M,01/04/16,-0.0600000000000005,-0.37854889589905677
SC,15.9100,15.9500,15.7800,15.8500,831706,12/31/15,-0.15000000000000036,-0.9375000000000022
SC,15.9600,16.1300,15.9000,16.0000,766896,12/30/15,0.009999999999999787,0.0625390869293295
SC,15.9800,16.0300,15.8100,15.9900,993022,12/29/15,0.13000000000000078,0.8196721311475459
SC,16.0600,16.0600,15.6900,15.8600,845309,12/28/15,-0.28999999999999915,-1.7956656346749176
SC,16.0200,16.2300,15.9950,16.1500,401986,12/24/15,0.08999999999999986,0.5603985056039842
SC,15.6300,16.0800,15.6300,16.0600,829171,12/23/15,0.5399999999999991,3.479381443298964
SC,15.5200,15.6100,15.3700,15.5200,1.46 M,12/22/15,0.02999999999999936,0.19367333763718114
SC,15.3100,15.6000,15.2250,15.4900,856796,12/21/15,0.27999999999999936,1.840894148586452
SC,15.4400,15.4400,15.1700,15.2100,2.78 M,12/18/15,-0.22999999999999865,-1.4896373056994732
SC,15.7300,15.8000,15.3800,15.4400,1.81 M,12/17/15,-0.14000000000000057,-0.8985879332477572
SC,15.8100,15.8700,15.5000,15.5800,1.53 M,12/16/15,-0.16999999999999993,-1.0793650793650789
SC,15.3300,15.8632,15.2700,15.7500,3.33 M,12/15/15,0.5999999999999996,3.960396039603958
SC,16.2300,16.3600,15.1150,15.1500,2.61 M,12/14/15,-1.049999999999999,-6.481481481481475
SC,16.5400,16.6560,16.1700,16.2000,679432,12/11/15,-0.46000000000000085,-2.7611044417767157
SC,16.6400,16.8201,16.5850,16.6600,751963,12/10/15,0.0,0.0
SC,16.8200,17.0800,16.6050,16.6600,879251,12/09/15,-0.17999999999999972,-1.0688836104513046
SC,16.5900,17.0300,16.4800,16.8400,1.66 M,12/08/15,0.10000000000000142,0.5973715651135092
SC,17.1300,17.2000,16.5750,16.7400,2.28 M,12/07/15,-0.46000000000000085,-2.674418604651168
SC,17.0400,17.3400,16.9950,17.2000,876673,12/04/15,0.18999999999999773,1.1169900058788813
SC,17.0800,17.3100,16.8800,17.0100,1.83 M,12/03/15,0.010000000000001563,0.0588235294117739
SC,17.7200,17.7200,16.9700,17.0000,2.42 M,12/02/15,-0.7899999999999991,-4.440697020798197
SC,17.7000,17.8500,17.4000,17.7900,1.19 M,12/01/15,0.14999999999999858,0.8503401360544137
SC,17.6200,17.7450,17.4800,17.6400,908484,11/30/15,0.019999999999999574,0.11350737797956624
SC,17.9700,18.0000,17.6100,17.6200,287496,11/27/15,-0.28999999999999915,-1.619207146845333
SC,17.6800,17.9900,17.6072,17.9100,799094,11/25/15,0.21999999999999886,1.2436404748445384
SC,17.6300,17.7800,17.5000,17.6900,1.45 M,11/24/15,-0.07000000000000028,-0.3941441441441457
SC,17.4100,17.7900,17.4100,17.7600,2.27 M,11/23/15,0.20000000000000284,1.1389521640091278
SC,18.0900,18.2000,17.3300,17.5600,2.64 M,11/20/15,-0.620000000000001,-3.410341034103416
SC,18.0800,18.2699,17.7900,18.1800,1.83 M,11/19/15,0.16999999999999815,0.9439200444197564
SC,17.9100,18.4400,17.8450,18.0100,4.27 M,11/18/15,0.10000000000000142,0.5583472920156417
SC,17.6100,18.0250,17.5600,17.9100,3.28 M,11/17/15,0.3500000000000014,1.9931662870159537
SC,17.2800,17.5900,16.9100,17.5600,1.85 M,11/16/15,0.23000000000000043,1.3271783035199103
SC,17.3500,17.4250,17.1500,17.3300,1.75 M,11/13/15,-0.09000000000000341,-0.5166475315729242
SC,17.4400,17.5400,17.2400,17.4200,1.34 M,11/12/15,0.010000000000001563,0.05743825387709112
SC,17.7700,17.7700,17.3000,17.4100,2.01 M,11/11/15,-0.33999999999999986,-1.915492957746478
SC,17.9000,17.9200,17.4000,17.7500,1.90 M,11/10/15,-0.1999999999999993,-1.1142061281337008
SC,18.4300,18.5350,17.8000,17.9500,1.89 M,11/09/15,-0.5100000000000016,-2.7627302275189685
SC,17.6600,18.4700,17.6600,18.4600,3.63 M,11/06/15,0.6999999999999993,3.941441441441437
SC,17.8100,18.1000,17.6100,17.7600,2.37 M,11/05/15,-0.029999999999997584,-0.1686340640809308
SC,17.5400,17.9000,17.3300,17.7900,2.88 M,11/04/15,0.23999999999999844,1.3675213675213587
SC,17.4800,17.7000,17.1300,17.5500,5.08 M,11/03/15,0.05000000000000071,0.28571428571428975
SC,18.0200,18.0300,17.2000,17.5000,4.94 M,11/02/15,-0.5100000000000016,-2.831760133259309
SC,18.9000,18.9000,17.8500,18.0100,4.65 M,10/30/15,-0.8499999999999979,-4.506892895015896
SC,22.5000,22.5000,18.6100,18.8600,9.10 M,10/29/15,-3.490000000000002,-15.615212527964214
SC,22.1200,22.5350,22.0500,22.3500,2.17 M,10/28/15,0.25,1.1312217194570136
SC,21.9800,22.2550,21.8600,22.1000,3.48 M,10/27/15,0.08000000000000185,0.3633060853769385
SC,21.3800,22.0400,21.3000,22.0200,1.79 M,10/26/15,0.5999999999999979,2.8011204481792613
SC,21.0400,21.6100,20.9300,21.4200,1.28 M,10/23/15,0.490000000000002,2.341137123745829
SC,20.8700,21.0450,20.5500,20.9300,1.58 M,10/22/15,0.120000000000001,0.5766458433445507
SC,20.9800,21.0400,20.6250,20.8100,1.06 M,10/21/15,-0.11000000000000298,-0.5258126195028823
SC,21.1100,21.2800,20.9000,20.9200,915431,10/20/15,-0.1999999999999993,-0.9469696969696936
SC,20.9900,21.2500,20.7000,21.1200,1.11 M,10/19/15,0.019999999999999574,0.09478672985781787
SC,21.2200,21.2400,20.9300,21.1000,730612,10/16/15,0.0,0.0
SC,20.5900,21.1750,20.5200,21.1000,877669,10/15/15,0.5,2.4271844660194173
SC,20.9200,21.0100,20.4300,20.6000,1.03 M,10/14/15,-0.259999999999998,-1.2464046021092905
SC,20.8200,21.0400,20.7800,20.8600,1.70 M,10/13/15,-0.07000000000000028,-0.33444816053511844
SC,20.9900,20.9900,20.7400,20.9300,1.71 M,10/12/15,-0.08999999999999986,-0.42816365366317727
SC,21.1700,21.3400,20.9600,21.0200,1.74 M,10/09/15,-0.10000000000000142,-0.47348484848485517
SC,20.7000,21.1650,20.6100,21.1200,1.41 M,10/08/15,0.35999999999999943,1.7341040462427717
SC,20.6100,20.9800,20.4800,20.7600,1.81 M,10/07/15,0.3100000000000023,1.5158924205379085
SC,20.8700,20.9300,19.9200,20.4500,3.29 M,10/06/15,-0.4700000000000024,-2.2466539196940842
SC,21.1600,21.5000,20.7350,20.9200,3.16 M,10/05/15,-0.09999999999999787,-0.47573739295907647
SC,20.8000,21.0200,20.1800,21.0200,1.64 M,10/02/15,0.21000000000000085,1.0091302258529595
SC,20.4200,21.0000,20.4200,20.8100,3.53 M,10/01/15,0.389999999999997,1.9098922624877424
SC,20.3400,20.4900,20.2000,20.4200,2.40 M,09/30/15,0.20000000000000284,0.9891196834817154
SC,20.2000,20.2900,19.9000,20.2200,3.06 M,09/29/15,0.0,0.0
SC,21.3500,21.3500,20.1400,20.2200,2.28 M,09/28/15,-1.1099999999999994,-5.203938115330518
SC,21.7500,21.7800,21.1600,21.3300,1.31 M,09/25/15,-0.20000000000000284,-0.9289363678588148
SC,21.6300,21.6700,20.9700,21.5300,1.30 M,09/24/15,-0.25,-1.147842056932966
SC,21.7400,21.9100,21.6800,21.7800,751015,09/23/15,0.0400000000000027,0.18399264029440066
SC,21.8000,21.9100,21.5000,21.7400,624674,09/22/15,-0.360000000000003,-1.6289592760181129
SC,22.0100,22.3200,21.9000,22.1000,847901,09/21/15,0.3000000000000007,1.376146788990829
SC,22.1000,22.3150,21.7000,21.8000,2.38 M,09/18/15,-0.5899999999999999,-2.635104957570343
SC,22.2400,22.7700,22.2400,22.3900,1.25 M,09/17/15,0.14000000000000057,0.62921348314607
SC,21.8500,22.2600,21.8500,22.2500,858238,09/16/15,0.379999999999999,1.7375400091449429
SC,21.8200,21.9800,21.7700,21.8700,756395,09/15/15,0.10000000000000142,0.4593477262287617
SC,21.9200,21.9750,21.5100,21.7700,885992,09/14/15,-0.15000000000000213,-0.6843065693430753
SC,21.8000,21.9200,21.5800,21.9200,1.42 M,09/11/15,0.0400000000000027,0.1828153564899575
SC,21.5100,21.9800,21.4400,21.8800,1.06 M,09/10/15,0.3200000000000003,1.4842300556586285
SC,21.5400,21.8300,21.4400,21.5600,1.23 M,09/09/15,0.2099999999999973,0.9836065573770365
SC,21.2400,21.4900,21.1600,21.3500,993369,09/08/15,0.25,1.1848341232227488
SC,21.3300,21.5100,20.9900,21.1000,788816,09/04/15,-0.5199999999999996,-2.4051803885291374
SC,21.4800,21.8700,21.4600,21.6200,1.13 M,09/03/15,0.010000000000001563,0.04627487274410719
SC,21.7600,21.7800,21.1800,21.6100,1.33 M,09/02/15,0.08999999999999986,0.418215613382899
SC,22.2600,22.3600,21.3400,21.5200,1.62 M,09/01/15,-0.9400000000000013,-4.185218165627789
SC,22.4900,22.6800,22.3100,22.4600,1.07 M,08/31/15,-0.1999999999999993,-0.8826125330979668
SC,22.2900,22.6700,22.1150,22.6600,1.01 M,08/28/15,0.26000000000000156,1.1607142857142927
SC,22.1600,22.7600,22.0540,22.4000,1.04 M,08/27/15,0.3999999999999986,1.8181818181818117
SC,21.6200,22.0500,21.1400,22.0000,1.58 M,08/26/15,0.6900000000000013,3.237916471140316
SC,21.8200,22.1900,21.3000,21.3100,1.03 M,08/25/15,-0.08000000000000185,-0.3740065451145481
SC,20.7700,22.3697,19.2900,21.3900,1.65 M,08/24/15,-0.5799999999999983,-2.639963586709141
SC,22.1700,22.3700,21.9400,21.9700,1.36 M,08/21/15,-0.40000000000000213,-1.7881090746535633
SC,22.7300,22.8600,22.3500,22.3700,594497,08/20/15,-0.46999999999999886,-2.0577933450087516
SC,22.8700,23.0400,22.5900,22.8400,739288,08/19/15,-0.129999999999999,-0.5659555942533696
SC,23.5900,23.5900,22.8900,22.9700,1.02 M,08/18/15,-0.620000000000001,-2.6282323018228104
SC,23.1400,23.6000,23.0700,23.5900,748868,08/17/15,0.33999999999999986,1.4623655913978488
SC,23.3600,23.3800,22.9200,23.2500,645465,08/14/15,0.129999999999999,0.5622837370242171
SC,23.3500,23.4700,23.0900,23.1200,928573,08/13/15,-0.23000000000000043,-0.9850107066381174
SC,22.6600,23.3700,22.3300,23.3500,1.30 M,08/12/15,0.5400000000000027,2.36738272687419
SC,23.2400,23.2400,22.6300,22.8100,1.94 M,08/11/15,-0.6900000000000013,-2.936170212765963
SC,22.9600,23.5600,22.8000,23.5000,1.38 M,08/10/15,0.7100000000000009,3.1154014918824084
SC,22.8700,22.9900,22.3900,22.7900,1.57 M,08/07/15,-0.13000000000000256,-0.5671902268761019
SC,23.5900,23.6700,22.5100,22.9200,2.56 M,08/06/15,-0.629999999999999,-2.6751592356687857
SC,24.0700,24.2700,23.5400,23.5500,1.39 M,08/05/15,-0.17999999999999972,-0.7585335018963325
SC,24.1200,24.2500,23.5800,23.7300,1.78 M,08/04/15,-0.41000000000000014,-1.6984258492129252
SC,24.1800,24.3200,23.9000,24.1400,1.25 M,08/03/15,-0.03999999999999915,-0.16542597187758126
SC,24.6300,24.8300,24.0100,24.1800,1.63 M,07/31/15,-0.370000000000001,-1.5071283095723054
SC,25.0000,25.6000,23.8300,24.5500,2.89 M,07/30/15,-0.5599999999999987,-2.2301871764237307
SC,25.0100,25.2700,24.7400,25.1100,1.89 M,07/29/15,0.14999999999999858,0.6009615384615328
SC,24.2900,25.0500,24.2600,24.9600,1.86 M,07/28/15,0.6700000000000017,2.75833676410046
SC,24.3500,24.4300,23.8500,24.2900,837564,07/27/15,-0.240000000000002,-0.9783938035059192
SC,24.9000,25.1800,24.4800,24.5300,827800,07/24/15,-0.29999999999999716,-1.2082158679017203
SC,25.0700,25.2200,24.6750,24.8300,1.28 M,07/23/15,-0.240000000000002,-0.9573195053849302
SC,24.8400,25.1300,24.6840,25.0700,735582,07/22/15,0.1999999999999993,0.8041817450743839
SC,24.8600,24.9900,24.7500,24.8700,917069,07/21/15,-0.05999999999999872,-0.24067388688326805
SC,24.8600,25.0300,24.7000,24.9300,1.22 M,07/20/15,0.0799999999999983,0.32193158953721646
SC,24.7400,24.8600,24.4000,24.8500,1.34 M,07/17/15,0.08999999999999986,0.36348949919224494
SC,25.0000,25.1100,24.6400,24.7600,1.19 M,07/16/15,-0.0799999999999983,-0.3220611916264022
SC,23.9000,25.1500,23.9000,24.8400,5.88 M,07/15/15,0.8599999999999994,3.5863219349457856
SC,24.0000,24.0900,23.8700,23.9800,2.00 M,07/14/15,-0.019999999999999574,-0.08333333333333155
SC,24.1900,24.2300,23.8500,24.0000,2.28 M,07/13/15,0.019999999999999574,0.0834028356964119
SC,24.0200,24.1492,23.7600,23.9800,1.70 M,07/10/15,0.19000000000000128,0.7986548970155581
SC,23.8900,24.0000,23.4600,23.7900,3.41 M,07/09/15,0.21999999999999886,0.9333899024183235
SC,23.8800,24.1100,23.5600,23.5700,2.82 M,07/08/15,-0.4800000000000004,-1.9958419958419975
SC,24.0700,24.4500,23.7800,24.0500,6.63 M,07/07/15,0.03999999999999915,0.16659725114535254
SC,25.7400,25.7500,23.9200,24.0100,7.91 M,07/06/15,-2.1899999999999977,-8.35877862595419
SC,26.5100,26.6500,26.0200,26.2000,1.80 M,07/02/15,-0.28000000000000114,-1.057401812688826
SC,25.8500,26.6000,25.7700,26.4800,1.90 M,07/01/15,0.9100000000000001,3.5588580367618308
SC,25.5600,25.7700,25.4200,25.5700,1.07 M,06/30/15,0.019999999999999574,0.07827788649706291
SC,25.6000,26.0300,25.1100,25.5500,1.48 M,06/29/15,-0.5599999999999987,-2.1447721179624617
SC,25.7800,26.2050,25.7600,26.1100,1.25 M,06/26/15,0.3099999999999987,1.2015503875968943
SC,26.2300,26.2400,25.6400,25.8000,2.23 M,06/25/15,-0.5399999999999991,-2.0501138952163975
SC,26.5300,26.5600,26.2700,26.3400,544786,06/24/15,-0.17999999999999972,-0.6787330316742071
SC,26.3200,26.6500,26.2300,26.5200,1.33 M,06/23/15,0.05999999999999872,0.22675736961450763
SC,26.6000,26.8300,26.4200,26.4600,1.31 M,06/22/15,0.010000000000001563,0.03780718336484523
SC,26.3300,26.6700,26.2403,26.4500,2.45 M,06/19/15,0.1999999999999993,0.7619047619047592
SC,26.0700,26.4300,25.9600,26.2500,1.87 M,06/18/15,0.35999999999999943,1.3904982618771704
SC,26.0000,26.0000,25.6700,25.8900,712725,06/17/15,-0.08999999999999986,-0.34642032332563455
SC,25.6200,26.2200,25.5460,25.9800,2.51 M,06/16/15,0.3500000000000014,1.3655872024970794
SC,25.2900,25.6750,25.2000,25.6300,1.20 M,06/15/15,0.16999999999999815,0.6677140612725772
SC,25.1200,25.5700,25.0000,25.4600,1.33 M,06/12/15,0.3100000000000023,1.2326043737574643
SC,24.6600,25.5500,24.6600,25.1500,2.17 M,06/11/15,0.5199999999999996,2.1112464474218418
SC,24.5400,24.6900,24.3100,24.6300,2.57 M,06/10/15,0.18999999999999773,0.7774140752864064
SC,24.5900,24.6600,24.1300,24.4400,2.10 M,06/09/15,-0.13999999999999702,-0.5695687550854233
SC,24.5000,24.8300,24.5000,24.5800,2.22 M,06/08/15,0.04999999999999716,0.20383204239705321
SC,24.6600,24.7450,24.4700,24.5300,1.53 M,06/05/15,-0.029999999999997584,-0.12214983713354066
SC,24.8900,24.9000,24.5200,24.5600,2.61 M,06/04/15,-0.26000000000000156,-1.0475423045930763
SC,24.5200,24.9800,24.4300,24.8200,2.33 M,06/03/15,0.28999999999999915,1.1822258459029724
SC,24.6000,24.7400,24.4100,24.5300,990646,06/02/15,-0.00999999999999801,-0.04074979625101064
SC,24.6000,24.6200,24.4000,24.5400,1.42 M,06/01/15,0.03999999999999915,0.1632653061224455
SC,24.6900,24.9200,24.4000,24.5000,1.42 M,05/29/15,-0.19000000000000128,-0.7695423248278707
SC,24.9000,24.9100,24.6800,24.6900,783380,05/28/15,-0.23999999999999844,-0.9626955475330864
SC,24.5700,25.0650,24.5400,24.9300,1.25 M,05/27/15,0.379999999999999,1.5478615071283055
SC,25.0600,25.1100,24.5400,24.5500,992380,05/26/15,-0.5,-1.996007984031936
SC,25.0600,25.1600,24.9759,25.0500,535417,05/22/15,-0.129999999999999,-0.516282764098487
SC,25.4300,25.4709,25.0500,25.1800,1.31 M,05/21/15,-0.21999999999999886,-0.8661417322834601
SC,25.3100,25.5400,25.1900,25.4000,1.17 M,05/20/15,0.14999999999999858,0.5940594059405885
SC,25.1000,25.3900,24.9300,25.2500,2.80 M,05/19/15,0.21000000000000085,0.8386581469648596
SC,24.8400,25.1200,24.7900,25.0400,2.18 M,05/18/15,0.23000000000000043,0.9270455461507474
SC,24.6000,25.2500,24.5800,24.8100,2.61 M,05/15/15,0.4299999999999997,1.7637407711238708
SC,24.7500,24.8500,24.2700,24.3800,1.49 M,05/14/15,-0.21000000000000085,-0.8540056933712926
SC,24.5900,24.8400,24.2810,24.5900,1.82 M,05/13/15,0.0799999999999983,0.32639738882088243
SC,24.2800,24.5400,24.0700,24.5100,1.06 M,05/12/15,0.13000000000000256,0.533223954060716
SC,24.1900,24.5100,24.1800,24.3800,1.53 M,05/11/15,0.129999999999999,0.5360824742268
SC,24.4800,24.5300,24.1250,24.2500,1.56 M,05/08/15,-0.07000000000000028,-0.28782894736842224
SC,24.3100,24.5200,23.9700,24.3200,1.91 M,05/07/15,-0.05000000000000071,-0.2051702913418166
SC,24.4000,24.4600,24.0700,24.3700,1.24 M,05/06/15,0.10000000000000142,0.41203131437989876
SC,24.0300,24.5600,24.0100,24.2700,3.11 M,05/05/15,0.1999999999999993,0.8309098462816755
SC,24.8500,24.8700,23.9500,24.0700,5.20 M,05/04/15,-0.759999999999998,-3.0608135320177126
SC,24.8700,24.9100,24.5800,24.8300,1.96 M,05/01/15,0.13999999999999702,0.5670311867152572
SC,24.0000,24.8900,23.8910,24.6900,6.96 M,04/30/15,0.740000000000002,3.089770354906063
SC,24.0700,24.1400,23.6200,23.9500,6.33 M,04/29/15,-0.05000000000000071,-0.20833333333333628
SC,24.0000,24.0200,23.4600,24.0000,5.85 M,04/28/15,0.9899999999999984,4.302477183833109
SC,23.1600,23.4400,22.9500,23.0100,2.33 M,04/27/15,-0.09999999999999787,-0.43271311120726036
SC,23.0400,23.4700,22.9900,23.1100,1.57 M,04/24/15,0.05999999999999872,0.26030368763556927
SC,22.7000,23.1500,22.7000,23.0500,621725,04/23/15,0.370000000000001,1.6313932980599692
SC,22.6600,22.8100,22.5000,22.6800,809585,04/22/15,0.05000000000000071,0.22094564737074995
SC,22.5900,22.8400,22.4150,22.6300,800802,04/21/15,0.129999999999999,0.5777777777777734
SC,22.7700,22.9000,22.3500,22.5000,667740,04/20/15,-0.19000000000000128,-0.8373732921992123
SC,22.9700,22.9700,22.6200,22.6900,748224,04/17/15,-0.379999999999999,-1.6471608149111356
SC,23.1300,23.1900,22.9400,23.0700,906740,04/16/15,-0.129999999999999,-0.5603448275862026
SC,22.6400,23.3700,22.5500,23.2000,1.55 M,04/15/15,0.07000000000000028,0.3026372676178136
SC,22.5800,23.1400,22.4700,23.1300,951036,04/14/15,0.5700000000000003,2.5265957446808525
SC,22.7100,22.9000,22.2800,22.5600,750519,04/13/15,-0.20000000000000284,-0.8787346221441249
SC,22.4200,22.7850,22.3500,22.7600,783659,04/10/15,0.38000000000000256,1.6979445933869641
SC,22.5400,22.6900,22.1900,22.3800,758028,04/09/15,-0.14000000000000057,-0.6216696269982264
SC,22.6800,22.8500,22.2200,22.5200,1.13 M,04/08/15,-0.16000000000000014,-0.7054673721340394
SC,22.8200,22.9800,22.4650,22.6800,1.29 M,04/07/15,-0.1700000000000017,-0.7439824945295479
SC,22.9400,23.2700,22.7800,22.8500,1.20 M,04/06/15,-0.2699999999999996,-1.1678200692041503
SC,23.3200,23.4299,22.8900,23.1200,1.12 M,04/02/15,-0.21999999999999886,-0.9425878320479815
SC,23.0800,23.5850,23.0700,23.3400,1.75 M,04/01/15,0.1999999999999993,0.8643042350907488
SC,22.6900,23.1800,22.6500,23.1400,1.40 M,03/31/15,0.370000000000001,1.6249451032059772
SC,22.8000,22.9700,22.6800,22.7700,704143,03/30/15,0.10999999999999943,0.485436893203881
SC,22.2800,22.7600,22.0700,22.6600,899235,03/27/15,0.39000000000000057,1.751234845083074
SC,22.2600,22.5800,22.2000,22.2700,768814,03/26/15,-0.28000000000000114,-1.2416851441241734
SC,22.5800,22.7100,22.3900,22.5500,715108,03/25/15,0.05000000000000071,0.22222222222222537
SC,22.8700,22.8700,22.3400,22.5000,1.39 M,03/24/15,-0.370000000000001,-1.6178399650196806
SC,23.1300,23.5100,22.8700,22.8700,1.48 M,03/23/15,-0.1999999999999993,-0.8669267446900706
SC,23.4500,23.6200,23.0400,23.0700,1.55 M,03/20/15,-0.2699999999999996,-1.1568123393316176
SC,23.2100,23.4000,23.1200,23.3400,854822,03/19/15,0.030000000000001137,0.1287001287001336
SC,23.0200,23.4800,22.9100,23.3100,1.06 M,03/18/15,0.259999999999998,1.1279826464208156
SC,22.7700,23.1100,22.6599,23.0500,1.12 M,03/17/15,0.15000000000000213,0.6550218340611447
SC,22.1600,23.1000,22.1600,22.9000,1.82 M,03/16/15,0.8200000000000003,3.7137681159420306
SC,22.1500,22.2100,21.8200,22.0800,770168,03/13/15,-0.07000000000000028,-0.3160270880361187
SC,21.5400,22.2700,21.4900,22.1500,2.21 M,03/12/15,-0.21000000000000085,-0.9391771019678035
SC,22.0300,22.4700,21.9000,22.3600,825172,03/11/15,0.259999999999998,1.176470588235285
SC,22.0600,22.5200,22.0400,22.1000,1.49 M,03/10/15,-0.14999999999999858,-0.6741573033707802
SC,22.5100,22.5100,21.9100,22.2500,1.19 M,03/09/15,-0.17999999999999972,-0.802496656263931
SC,21.5800,22.6550,21.5400,22.4300,3.77 M,03/06/15,0.629999999999999,2.8899082568807293
SC,21.9000,21.9400,21.5500,21.8000,1.08 M,03/05/15,-0.129999999999999,-0.5927952576379344
SC,21.9400,22.0300,21.7400,21.9300,854563,03/04/15,-0.08999999999999986,-0.4087193460490457
SC,21.8800,22.1000,21.4000,22.0200,1.60 M,03/03/15,0.03999999999999915,0.18198362147406344
SC,22.4500,22.6500,21.7000,21.9800,2.41 M,03/02/15,-0.5500000000000007,-2.4411895250776774
SC,22.4200,22.7600,22.1900,22.5300,1.10 M,02/27/15,0.030000000000001137,0.13333333333333838
SC,22.4400,22.7200,22.3620,22.5000,655452,02/26/15,0.019999999999999574,0.08896797153024721
SC,22.5700,22.7500,22.1700,22.4800,1.06 M,02/25/15,-0.07000000000000028,-0.31042128603104335
SC,22.7700,22.8850,22.3800,22.5500,1.55 M,02/24/15,-0.16999999999999815,-0.7482394366197103
SC,22.8900,22.9100,22.3050,22.7200,1.18 M,02/23/15,-0.26000000000000156,-1.1314186248912166
SC,22.4800,23.0950,22.2000,22.9800,2.00 M,02/20/15,0.490000000000002,2.1787461093819567
SC,22.1900,22.5650,22.0980,22.4900,935123,02/19/15,0.23999999999999844,1.0786516853932513
SC,22.3900,22.4300,22.1400,22.2500,880507,02/18/15,-0.17999999999999972,-0.802496656263931
SC,22.1200,22.4800,22.0600,22.4300,1.14 M,02/17/15,0.3200000000000003,1.4473089099954786
SC,21.7400,22.1800,21.7400,22.1100,1.47 M,02/13/15,0.379999999999999,1.7487344684767556
SC,21.5400,21.9200,21.3800,21.7300,1.25 M,02/12/15,0.33999999999999986,1.589527816736792
SC,21.1200,21.5400,21.0400,21.3900,1.89 M,02/11/15,0.28999999999999915,1.3744075829383844
SC,20.8400,21.2500,20.5600,21.1000,2.59 M,02/10/15,0.370000000000001,1.784852870236377
SC,20.8700,20.9250,20.6550,20.7300,1.11 M,02/09/15,-0.09999999999999787,-0.4800768122899562
SC,20.6000,21.0900,20.5500,20.8300,1.48 M,02/06/15,0.31999999999999673,1.5602145294977898
SC,21.2400,21.5500,20.3200,20.5100,4.45 M,02/05/15,-0.4599999999999973,-2.1936099189317946
SC,20.1900,21.5200,20.0000,20.9700,4.28 M,02/04/15,0.9899999999999984,4.954954954954947
SC,19.5300,20.3700,19.2800,19.9800,3.29 M,02/03/15,1.3500000000000014,7.246376811594211
SC,17.9000,18.6700,17.8300,18.6300,2.98 M,02/02/15,0.7799999999999976,4.36974789915965
SC,17.9000,18.1300,17.8100,17.8500,1.21 M,01/30/15,-0.18999999999999773,-1.0532150776053089
SC,18.0500,18.1500,17.7500,18.0400,1.27 M,01/29/15,0.00999999999999801,0.05546311702716589
SC,18.6200,18.6200,18.0100,18.0300,920168,01/28/15,-0.5,-2.698327037236913
SC,18.5000,18.6700,18.2250,18.5300,1.21 M,01/27/15,-0.2099999999999973,-1.1205976520810956
SC,18.5600,18.8100,18.4300,18.7400,1.76 M,01/26/15,0.18999999999999773,1.0242587601078044
SC,18.6500,19.0500,18.4950,18.5500,1.44 M,01/23/15,-0.23999999999999844,-1.2772751463544356
SC,18.7600,18.8700,18.4200,18.7900,1.80 M,01/22/15,0.17999999999999972,0.9672219236969356
SC,18.7800,19.0300,18.5360,18.6100,1.33 M,01/21/15,-0.1700000000000017,-0.9052183173589015
SC,19.3600,19.3600,18.7700,18.7800,2.84 M,01/20/15,-0.5,-2.593360995850622
SC,19.2800,19.4300,18.9800,19.2800,2.15 M,01/16/15,-0.08999999999999986,-0.464636035105833
SC,19.7700,19.9900,19.2700,19.3700,1.98 M,01/15/15,-0.35999999999999943,-1.824632539280281
SC,19.6500,20.0900,19.4300,19.7300,3.29 M,01/14/15,-0.17999999999999972,-0.9040683073832231
SC,19.6000,20.0000,19.3900,19.9100,1.94 M,01/13/15,0.46999999999999886,2.417695473251023
SC,19.4300,19.6000,19.1000,19.4400,1.15 M,01/12/15,0.0,0.0
SC,19.8300,19.8800,19.3300,19.4400,1.16 M,01/09/15,-0.34999999999999787,-1.768569984840818
SC,19.4800,19.9900,19.3400,19.7900,2.00 M,01/08/15,0.4499999999999993,2.3267838676318475
SC,19.1900,19.6700,19.1401,19.3400,1.93 M,01/07/15,0.33999999999999986,1.7894736842105257
SC,19.2800,19.5700,18.9000,19.0000,1.74 M,01/06/15,-0.25,-1.2987012987012987
SC,19.9100,19.9100,19.0850,19.2500,1.48 M,01/05/15,-0.75,-3.75
SC,19.7700,20.2200,19.4175,20.0000,1.57 M,01/02/15,0.39000000000000057,1.9887812340642559
SC,19.8100,19.9200,19.5900,19.6100,587404,12/31/14,-0.19000000000000128,-0.959595959595966
SC,19.8900,20.1500,19.7600,19.8000,472026,12/30/14,-0.120000000000001,-0.6024096385542218
SC,19.8200,20.1200,19.8200,19.9200,662342,12/29/14,0.08000000000000185,0.4032258064516222
SC,20.0700,20.1400,19.7300,19.8400,882622,12/26/14,-0.25,-1.2444001991040319
SC,20.2800,20.4100,20.0100,20.0900,445566,12/24/14,-0.19000000000000128,-0.9368836291913277
SC,19.9900,20.4500,19.9700,20.2800,1.30 M,12/23/14,0.3100000000000023,1.55232849273912
SC,19.9800,20.1300,19.7400,19.9700,1.43 M,12/22/14,0.0,0.0
SC,19.9000,19.9700,19.5000,19.9700,2.60 M,12/19/14,0.23999999999999844,1.2164216928535145
SC,18.8200,19.8700,18.8100,19.7300,2.30 M,12/18/14,1.2100000000000009,6.533477321814259
SC,17.7700,18.6600,17.7700,18.5200,1.89 M,12/17/14,0.759999999999998,4.279279279279268
SC,17.9200,17.9360,17.5800,17.7600,3.05 M,12/16/14,0.0400000000000027,0.22573363431152765
SC,17.8100,17.9100,17.6500,17.7200,2.28 M,12/15/14,0.07000000000000028,0.3966005665722396
SC,18.2300,18.3800,17.5600,17.6500,3.84 M,12/12/14,-0.7100000000000009,-3.867102396514166
SC,18.7000,19.0800,18.3300,18.3600,5.21 M,12/11/14,-0.21999999999999886,-1.1840688912809412
SC,18.4600,19.1000,18.3000,18.5800,3.39 M,12/10/14,-0.030000000000001137,-0.16120365394949562
SC,18.1300,21.5600,18.0900,18.6100,18.29 M,12/09/14,0.3099999999999987,1.6939890710382444
SC,18.4900,18.7700,18.2300,18.3000,1.34 M,12/08/14,-0.18999999999999773,-1.0275824770145903
SC,18.3000,18.6400,18.2800,18.4900,2.46 M,12/05/14,0.23999999999999844,1.3150684931506764
SC,18.3400,18.4100,18.2000,18.2500,1.47 M,12/04/14,-0.0799999999999983,-0.43644298963446976
SC,18.2400,18.6200,18.2300,18.3300,1.58 M,12/03/14,0.09999999999999787,0.5485463521667464
SC,18.3200,18.5300,18.1400,18.2300,2.35 M,12/02/14,-0.03999999999999915,-0.21893814997262806
SC,18.5500,18.7300,18.2400,18.2700,2.90 M,12/01/14,-0.3200000000000003,-1.7213555675094152
SC,18.8300,18.8400,18.4300,18.5900,973320,11/28/14,-0.16000000000000014,-0.853333333333334
SC,18.6000,18.8000,18.5000,18.7500,1.13 M,11/26/14,0.1700000000000017,0.9149623250807413
SC,18.3500,18.6400,18.3400,18.5800,1.60 M,11/25/14,0.22999999999999687,1.2534059945503915
SC,18.3700,18.4900,18.2500,18.3500,2.43 M,11/24/14,0.05000000000000071,0.27322404371585085
SC,18.5000,18.8200,18.2200,18.3000,5.81 M,11/21/14,-0.029999999999997584,-0.16366612111291645
SC,18.0000,18.5700,17.7300,18.3300,4.32 M,11/20/14,-0.3000000000000007,-1.610305958132049
SC,18.4900,18.7100,18.2200,18.6300,2.37 M,11/19/14,0.16999999999999815,0.9209100758396432
SC,19.8600,20.0300,18.4500,18.4600,7.22 M,11/18/14,-1.3999999999999986,-7.049345417925472
SC,19.5100,20.0400,19.3700,19.8600,5.91 M,11/17/14,0.33999999999999986,1.7418032786885238
SC,18.9700,19.7400,18.9700,19.5200,6.42 M,11/14/14,0.5700000000000003,3.0079155672823235
SC,18.5600,19.0650,18.2800,18.9500,6.42 M,11/13/14,0.41999999999999815,2.266594711278997
SC,18.1000,18.5900,17.9333,18.5300,3.83 M,11/12/14,0.35999999999999943,1.9812878370941078
SC,17.3700,18.1900,17.1900,18.1700,3.86 M,11/11/14,0.8000000000000007,4.605641911341397
SC,17.1000,17.4000,17.0200,17.3700,1.48 M,11/10/14,0.16000000000000014,0.9296920395119125
SC,17.1200,17.2700,16.9000,17.2100,2.44 M,11/07/14,0.120000000000001,0.7021650087770684
SC,16.8300,17.2950,16.5200,17.0900,4.11 M,11/06/14,0.23999999999999844,1.4243323442136404
SC,16.6200,17.1500,16.6200,16.8500,3.98 M,11/05/14,-0.4399999999999977,-2.544823597455163
SC,17.3500,17.8900,16.8200,17.2900,7.58 M,11/04/14,-1.2899999999999991,-6.942949407965551
SC,18.6800,18.9200,18.4700,18.5800,2.34 M,11/03/14,0.0799999999999983,0.43243243243242324
SC,18.6100,18.6100,18.1553,18.5000,1.67 M,10/31/14,0.08999999999999986,0.48886474741987973
SC,18.4000,18.5900,18.3600,18.4100,668397,10/30/14,-0.030000000000001137,-0.16268980477224043
SC,18.4700,18.7000,18.3500,18.4400,1.36 M,10/29/14,-0.07000000000000028,-0.37817396002161147
SC,18.1200,18.6200,18.0000,18.5100,1.57 M,10/28/14,0.5300000000000011,2.9477196885428314
SC,17.9500,18.1500,17.9200,17.9800,1.56 M,10/27/14,-0.00999999999999801,-0.05558643690938305
SC,18.0000,18.0750,17.8700,17.9900,977073,10/24/14,-0.010000000000001563,-0.05555555555556424
SC,17.8400,18.2700,17.8400,18.0000,3.70 M,10/23/14,0.3299999999999983,1.867572156196934
SC,18.1300,18.1300,17.6500,17.6700,918183,10/22/14,-0.389999999999997,-2.1594684385381897
SC,17.6100,18.1300,17.6100,18.0600,1.56 M,10/21/14,0.5599999999999987,3.1999999999999926
SC,17.4500,17.6800,17.2200,17.5000,916945,10/20/14,0.010000000000001563,0.05717552887365102
SC,17.5500,17.6700,17.3050,17.4900,1.51 M,10/17/14,0.1999999999999993,1.156737998843258
SC,17.0100,17.5400,16.9900,17.2900,2.27 M,10/16/14,0.05000000000000071,0.29002320185615266
SC,17.1500,17.3800,16.8500,17.2400,2.29 M,10/15/14,-0.23000000000000043,-1.3165426445334885
SC,17.3900,17.6450,17.1400,17.4700,3.20 M,10/14/14,0.11999999999999744,0.6916426512968151
SC,17.7600,17.9400,17.3200,17.3500,1.63 M,10/13/14,-0.34999999999999787,-1.9774011299434908
SC,18.2000,18.3000,17.6600,17.7000,1.68 M,10/10/14,-0.5500000000000007,-3.0136986301369904
SC,18.4900,18.5600,18.1800,18.2500,1.26 M,10/09/14,-0.3200000000000003,-1.7232094776521285
SC,18.0900,18.5700,17.8600,18.5700,2.04 M,10/08/14,0.5700000000000003,3.1666666666666683
SC,18.3200,18.3200,17.9600,18.0000,1.85 M,10/07/14,-0.39000000000000057,-2.120717781402939
SC,17.8200,18.5200,17.7400,18.3900,1.90 M,10/06/14,0.629999999999999,3.5472972972972916
SC,17.6400,17.9100,17.5800,17.7600,787764,10/03/14,0.21000000000000085,1.1965811965812014
SC,17.5100,17.6700,17.3500,17.5500,1.34 M,10/02/14,0.019999999999999574,0.11409013120364844
SC,17.8600,17.8600,17.4600,17.5300,1.34 M,10/01/14,-0.2799999999999976,-1.5721504772599528
SC,17.7400,17.9900,17.5700,17.8100,1.09 M,09/30/14,0.0799999999999983,0.45121263395374106
SC,17.5300,17.8800,17.3500,17.7300,1.09 M,09/29/14,0.08000000000000185,0.45325779036828245
SC,17.7500,17.8300,17.5900,17.6500,1.87 M,09/26/14,-0.08999999999999986,-0.5073280721533251
SC,18.0500,18.1000,17.7300,17.7400,2.77 M,09/25/14,-0.3100000000000023,-1.7174515235457188
SC,17.9800,18.1000,17.8300,18.0500,1.04 M,09/24/14,0.15000000000000213,0.8379888268156545
SC,17.9200,18.1100,17.5800,17.9000,2.02 M,09/23/14,-0.08999999999999986,-0.5002779321845462
SC,18.1000,18.1700,17.8700,17.9900,1.78 M,09/22/14,-0.23000000000000043,-1.2623490669593878
SC,18.5900,18.6700,18.1900,18.2200,2.20 M,09/19/14,-0.28000000000000114,-1.5135135135135196
SC,18.7000,18.7750,18.4550,18.5000,1.16 M,09/18/14,-0.16000000000000014,-0.8574490889603438
SC,18.6600,18.8400,18.4700,18.6600,1.14 M,09/17/14,0.010000000000001563,0.053619302949070045
SC,18.6400,18.8900,18.3900,18.6500,1.85 M,09/16/14,-0.07000000000000028,-0.3739316239316255
SC,19.0000,19.0700,18.6600,18.7200,2.10 M,09/15/14,-0.26000000000000156,-1.3698630136986383
SC,19.2000,19.2600,18.8100,18.9800,1.79 M,09/12/14,-0.259999999999998,-1.351351351351341
SC,19.2300,19.3900,19.0300,19.2400,1.05 M,09/11/14,-0.010000000000001563,-0.05194805194806007
SC,19.4000,19.4000,19.0600,19.2500,1.48 M,09/10/14,-0.10000000000000142,-0.5167958656330822
SC,19.4600,19.5400,18.8900,19.3500,2.31 M,09/09/14,-0.10999999999999943,-0.56526207605344
SC,19.1300,19.5800,19.1300,19.4600,2.40 M,09/08/14,0.3500000000000014,1.831501831501839
SC,19.2000,19.2000,19.0200,19.1100,2.56 M,09/05/14,0.10999999999999943,0.5789473684210497
SC,19.0800,19.1100,18.9400,19.0000,2.24 M,09/04/14,0.010000000000001563,0.05265929436546374
SC,18.6400,19.0800,18.6000,18.9900,7.32 M,09/03/14,-0.370000000000001,-1.9111570247933936
SC,18.7500,19.5200,18.6200,19.3600,2.36 M,09/02/14,0.7399999999999984,3.9742212674543413
SC,18.8500,18.8500,18.6100,18.6200,654994,08/29/14,-0.16999999999999815,-0.9047365620010546
SC,18.7400,18.8500,18.5900,18.7900,479574,08/28/14,0.019999999999999574,0.1065530101225337
SC,18.8500,18.9100,18.6100,18.7700,260182,08/27/14,-0.03999999999999915,-0.21265284423178707
SC,18.8800,19.0200,18.7600,18.8100,593135,08/26/14,-0.05000000000000071,-0.26511134676564535
SC,18.7900,18.8700,18.5200,18.8600,1.13 M,08/25/14,0.120000000000001,0.6403415154749253
SC,18.7700,18.8600,18.5500,18.7400,904730,08/22/14,-0.020000000000003126,-0.10660980810236208
SC,18.9500,18.9500,18.4100,18.7600,1.32 M,08/21/14,0.030000000000001137,0.16017084890550526
SC,18.1300,18.8000,18.0800,18.7300,1.17 M,08/20/14,0.5800000000000018,3.195592286501388
SC,18.0000,18.1800,17.8500,18.1500,1.12 M,08/19/14,0.18999999999999773,1.0579064587973146
SC,17.9700,18.1000,17.8600,17.9600,1.29 M,08/18/14,0.019999999999999574,0.11148272017836997
SC,17.6500,17.9800,17.6000,17.9400,2.13 M,08/15/14,0.33999999999999986,1.9318181818181808
SC,17.9700,17.9800,17.3500,17.6000,3.35 M,08/14/14,-0.389999999999997,-2.1678710394663536
SC,18.0600,18.2500,17.8999,17.9900,1.37 M,08/13/14,0.029999999999997584,0.16703786191535402
SC,17.8700,17.9700,17.6700,17.9600,1.27 M,08/12/14,0.07000000000000028,0.391280044717721
SC,18.0400,18.1200,17.8600,17.8900,812920,08/11/14,-0.05999999999999872,-0.3342618384401043
SC,18.2300,18.2300,17.8400,17.9500,1.74 M,08/08/14,-0.28000000000000114,-1.5359297860669288
SC,18.1500,18.2900,18.0600,18.2300,1.32 M,08/07/14,0.1999999999999993,1.1092623405435345
SC,17.9200,18.1400,17.9000,18.0300,2.04 M,08/06/14,0.05000000000000071,0.2780867630700818
SC,18.7400,18.8500,17.8000,17.9800,9.97 M,08/05/14,-0.8599999999999994,-4.564755838641186
SC,19.1900,19.2600,18.5500,18.8400,2.19 M,08/04/14,-0.26000000000000156,-1.361256544502626
SC,19.1600,19.3200,18.9300,19.1000,2.89 M,08/01/14,-0.07000000000000028,-0.3651538862806483
SC,19.5700,20.1000,18.5300,19.1700,6.06 M,07/31/14,-0.4799999999999969,-2.4427480916030375
SC,19.6300,19.7500,19.4600,19.6500,758265,07/30/14,0.09999999999999787,0.5115089514066387
SC,19.8400,20.0000,19.4400,19.5500,1.65 M,07/29/14,-0.28999999999999915,-1.4616935483870925
SC,19.8400,20.0100,19.7100,19.8400,730815,07/28/14,-0.030000000000001137,-0.1509813789632669
SC,19.8400,20.0100,19.8220,19.8700,1.25 M,07/25/14,-0.0799999999999983,-0.40100250626565564
SC,20.0400,20.0800,19.9400,19.9500,955619,07/24/14,-0.05000000000000071,-0.25000000000000355
SC,20.0400,20.0900,19.9500,20.0000,1.18 M,07/23/14,0.05999999999999872,0.3009027081243667
SC,19.8400,20.0500,19.8400,19.9400,853761,07/22/14,0.13000000000000256,0.6562342251388318
SC,19.8000,19.8400,19.6600,19.8100,413104,07/21/14,-0.0400000000000027,-0.20151133501260804
SC,19.9000,20.1300,19.6700,19.8500,651313,07/18/14,0.020000000000003126,0.10085728693899712
SC,20.1100,20.1300,19.7000,19.8300,702824,07/17/14,-0.2900000000000027,-1.4413518886680055
SC,19.7600,20.1400,19.5800,20.1200,743587,07/16/14,0.4700000000000024,2.3918575063613354
SC,19.3200,19.9900,19.3200,19.6500,1.28 M,07/15/14,0.28999999999999915,1.4979338842975163
SC,19.4800,19.6000,19.3300,19.3600,851046,07/14/14,-0.010000000000001563,-0.05162622612287848
SC,19.4300,19.5700,19.3300,19.3700,692416,07/11/14,-0.16000000000000014,-0.8192524321556587
SC,18.9300,19.6400,18.8100,19.5300,2.88 M,07/10/14,0.28000000000000114,1.4545454545454604
SC,19.0400,19.3500,18.8800,19.2500,2.05 M,07/09/14,0.21000000000000085,1.1029411764705928
SC,19.0100,19.2800,19.0000,19.0400,1.48 M,07/08/14,-0.4299999999999997,-2.208525937339495
SC,19.7000,19.7000,19.3800,19.4700,1.03 M,07/07/14,-0.26000000000000156,-1.3177901672579906
SC,19.8100,19.8700,19.7100,19.7300,717204,07/03/14,0.030000000000001137,0.15228426395939665
SC,19.7200,19.9000,19.6000,19.7000,1.29 M,07/02/14,-0.060000000000002274,-0.30364372469636774
SC,19.5300,19.8200,19.4400,19.7600,3.62 M,07/01/14,0.3200000000000003,1.6460905349794253
SC,19.6400,19.6900,19.3800,19.4400,2.18 M,06/30/14,-0.16000000000000014,-0.8163265306122456
SC,19.4800,19.6700,19.1400,19.6000,2.53 M,06/27/14,0.16000000000000014,0.8230452674897126
SC,19.2600,19.5400,19.0000,19.4400,950039,06/26/14,0.14000000000000057,0.7253886010362723
SC,19.1000,19.3500,18.9800,19.3000,1.18 M,06/25/14,0.21000000000000085,1.1000523834468352
SC,19.2500,19.3300,18.9700,19.0900,2.61 M,06/24/14,-0.28000000000000114,-1.4455343314403775
SC,19.5500,19.5560,19.2000,19.3700,3.35 M,06/23/14,-0.17999999999999972,-0.9207161125319678
SC,19.3900,19.6100,19.2400,19.5500,1.88 M,06/20/14,0.19000000000000128,0.9814049586776926
SC,19.1400,19.4400,19.1000,19.3600,1.52 M,06/19/14,0.23000000000000043,1.2023000522739176
SC,18.8600,19.1700,18.7200,19.1300,2.42 M,06/18/14,0.2699999999999996,1.4316012725344622
SC,19.0500,19.0600,18.4700,18.8600,2.47 M,06/17/14,-0.060000000000002274,-0.31712473572939887
SC,18.8500,19.0700,18.7300,18.9200,1.08 M,06/16/14,0.16000000000000014,0.8528784648187641
SC,18.9300,19.1500,18.3500,18.7600,5.42 M,06/13/14,-0.22999999999999687,-1.2111637704054603
SC,19.3100,19.7310,18.3100,18.9900,7.89 M,06/12/14,-0.26000000000000156,-1.3506493506493589
SC,21.0000,21.1800,18.8500,19.2500,10.56 M,06/11/14,-1.8000000000000007,-8.551068883610453
SC,20.7000,21.0800,20.5300,21.0500,2.51 M,06/10/14,0.4299999999999997,2.0853540252182334
SC,20.5500,20.8200,20.4900,20.6200,2.03 M,06/09/14,0.10000000000000142,0.48732943469786266
SC,20.5000,20.7100,20.4101,20.5200,1.71 M,06/06/14,0.21000000000000085,1.0339734121122641
SC,20.3300,20.8900,20.1800,20.3100,2.81 M,06/05/14,0.03999999999999915,0.1973359644795222
SC,20.1800,20.5700,20.0900,20.2700,1.44 M,06/04/14,0.16999999999999815,0.8457711442785977
SC,19.5800,20.1650,19.5000,20.1000,1.42 M,06/03/14,0.4400000000000013,2.2380467955239127
SC,19.6500,19.7600,19.3900,19.6600,1.99 M,06/02/14,0.010000000000001563,0.050890585241738236
SC,19.8800,19.9700,19.5800,19.6500,3.40 M,05/30/14,-0.11000000000000298,-0.5566801619433349
SC,20.6000,20.7900,19.5100,19.7600,10.24 M,05/29/14,-0.9599999999999973,-4.63320463320462
SC,21.1900,21.2000,20.6900,20.7200,1.37 M,05/28/14,-0.490000000000002,-2.3102310231023195
SC,21.2400,21.5700,21.1900,21.2100,458127,05/27/14,-0.00999999999999801,-0.047125353440141425
SC,21.5000,21.6300,21.1800,21.2200,748443,05/23/14,-0.28000000000000114,-1.302325581395354
SC,21.6700,21.7300,21.1300,21.5000,820713,05/22/14,-0.120000000000001,-0.5550416281221138
SC,21.2400,21.7500,21.2000,21.6200,521736,05/21/14,0.370000000000001,1.74117647058824
SC,21.1200,21.3300,20.9500,21.2500,454559,05/20/14,0.03999999999999915,0.18859028760018456
SC,21.0800,21.3600,20.9900,21.2100,270190,05/19/14,0.13000000000000256,0.6166982922201261
SC,21.2400,21.3500,20.8200,21.0800,538921,05/16/14,-0.15000000000000213,-0.706547338671701
SC,21.4900,21.6499,20.7600,21.2300,950635,05/15/14,-0.3200000000000003,-1.4849187935034815
SC,21.6900,21.7500,21.5400,21.5500,223901,05/14/14,-0.120000000000001,-0.553760959852335
SC,21.8000,21.9800,21.5900,21.6700,623450,05/13/14,-0.14999999999999858,-0.6874427131072346
SC,21.9300,22.2100,21.4600,21.8200,1.13 M,05/12/14,-0.00999999999999801,-0.04580852038478246
SC,22.1000,22.1100,21.5000,21.8300,1.44 M,05/09/14,-0.28000000000000114,-1.2663952962460476
SC,21.8300,22.2500,21.8300,22.1100,759581,05/08/14,0.07000000000000028,0.3176043557168797
SC,22.6400,22.6600,21.9700,22.0400,622224,05/07/14,-0.490000000000002,-2.174877940523755
SC,22.6800,22.8400,22.4400,22.5300,502924,05/06/14,-0.1999999999999993,-0.8798944126704764
SC,23.0600,23.0600,22.5100,22.7300,1.05 M,05/05/14,0.23000000000000043,1.0222222222222241
SC,22.4900,22.6200,22.0400,22.5000,802599,05/02/14,-0.03999999999999915,-0.17746228926352772
SC,22.6100,23.2000,22.0000,22.5400,2.58 M,05/01/14,-0.1999999999999993,-0.8795074758135414
SC,22.8400,22.8500,22.3100,22.7400,1.23 M,04/30/14,-0.10000000000000142,-0.4378283712784651
SC,22.5200,23.1700,22.3800,22.8400,472002,04/29/14,0.3999999999999986,1.7825311942958937
SC,22.7900,23.0100,22.2200,22.4400,756867,04/28/14,-0.3299999999999983,-1.449275362318833
SC,22.7200,23.1400,22.5500,22.7700,536574,04/25/14,-0.10000000000000142,-0.43725404459991873
SC,23.0300,23.1900,22.7900,22.8700,472630,04/24/14,-0.05000000000000071,-0.21815008726003798
SC,23.0000,23.1300,22.8600,22.9200,1.31 M,04/23/14,-0.13999999999999702,-0.6071118820468214
SC,22.8500,23.1600,22.7200,23.0600,862185,04/22/14,0.18999999999999773,0.8307826847398239
SC,23.0600,23.1200,22.5700,22.8700,367359,04/21/14,-0.05999999999999872,-0.2616659398168283
SC,22.9600,23.0550,22.7300,22.9300,897710,04/17/14,-0.08999999999999986,-0.39096437880104196
SC,23.5000,23.6500,22.8800,23.0200,1.42 M,04/16/14,0.3200000000000003,1.4096916299559483
SC,22.4500,22.7800,22.2500,22.7000,2.58 M,04/15/14,0.46999999999999886,2.1142600089968457
SC,22.5000,22.5600,21.9900,22.2300,1.27 M,04/14/14,-0.05999999999999872,-0.26917900403767936
SC,22.6200,22.6900,21.9500,22.2900,1.42 M,04/11/14,-0.4200000000000017,-1.849405548216652
SC,22.7400,23.1900,22.6100,22.7100,1.07 M,04/10/14,-0.08999999999999986,-0.3947368421052625
SC,22.4900,23.0100,22.4750,22.8000,1.31 M,04/09/14,0.21000000000000085,0.9296148738379851
SC,22.4300,22.8000,22.3100,22.5900,1.97 M,04/08/14,0.10999999999999943,0.4893238434163676
SC,22.8900,23.1000,22.3300,22.4800,1.36 M,04/07/14,-0.509999999999998,-2.2183558068725446
SC,23.8400,23.8400,22.9350,22.9900,1.12 M,04/04/14,-0.7900000000000027,-3.322119428090844
SC,24.0200,24.1900,23.4200,23.7800,2.28 M,04/03/14,-0.3299999999999983,-1.368726669431764
SC,24.0000,24.2200,23.9700,24.1100,1.05 M,04/02/14,0.10999999999999943,0.458333333333331
SC,24.1900,24.2500,23.8900,24.0000,1.23 M,04/01/14,-0.0799999999999983,-0.3322259136212554
SC,23.6500,24.0800,23.6300,24.0800,6.32 M,03/31/14,0.5799999999999983,2.4680851063829716
SC,23.1600,23.7600,23.1600,23.5000,1.27 M,03/28/14,0.39000000000000057,1.687581133708354
SC,22.9100,23.4100,22.8042,23.1100,1.02 M,03/27/14,-0.030000000000001137,-0.1296456352636177
SC,23.2000,23.9600,22.9600,23.1400,992462,03/26/14,-0.019999999999999574,-0.08635578583764929
SC,23.3300,23.7000,22.4500,23.1600,3.86 M,03/25/14,-0.0799999999999983,-0.3442340791738309
SC,24.0500,24.3800,23.1000,23.2400,2.14 M,03/24/14,-0.7900000000000027,-3.287557220141501
SC,24.5100,24.6150,23.8700,24.0300,4.62 M,03/21/14,-0.33999999999999986,-1.3951579811243326
SC,24.6700,24.8950,24.2500,24.3700,1.48 M,03/20/14,-0.33999999999999986,-1.3759611493322534
SC,25.1000,25.2000,24.5100,24.7100,1.35 M,03/19/14,-0.05000000000000071,-0.2019386106623615
SC,24.1700,25.0950,23.8100,24.7600,1.28 M,03/18/14,0.7000000000000028,2.9093931837074103
SC,24.6000,24.6900,23.3400,24.0600,2.88 M,03/17/14,0.879999999999999,3.796376186367554
SC,22.8700,23.3300,22.1400,23.1800,2.64 M,03/14/14,0.3200000000000003,1.3998250218722672
SC,23.7800,23.9500,22.6500,22.8600,3.24 M,03/13/14,-1.0,-4.191114836546522
SC,23.7900,24.1000,23.5500,23.8600,1.65 M,03/12/14,-0.08000000000000185,-0.3341687552213945
SC,24.5000,24.5250,23.4200,23.9400,2.24 M,03/11/14,-0.4399999999999977,-1.8047579983593016
SC,24.5100,24.7000,24.2700,24.3800,1.07 M,03/10/14,-0.060000000000002274,-0.24549918166940374
SC,24.9000,24.9600,24.4400,24.4400,1.77 M,03/07/14,-0.28999999999999915,-1.1726647796198915
SC,24.9500,25.1100,24.3800,24.7300,2.15 M,03/06/14,-0.2699999999999996,-1.0799999999999983
SC,25.4600,25.8400,24.6500,25.0000,1.37 M,03/05/14,-0.5100000000000016,-1.9992159937279559
SC,26.2300,26.3700,25.4600,25.5100,1.29 M,03/04/14,-0.389999999999997,-1.5057915057914943
SC,25.2600,25.9600,24.9200,25.9000,925206,03/03/14,0.5700000000000003,2.250296091591
SC,24.9300,25.6400,24.9300,25.3300,754785,02/28/14,0.4499999999999993,1.8086816720257206
SC,24.8400,25.1300,24.4200,24.8800,763777,02/27/14,0.019999999999999574,0.08045052292839733
SC,25.0800,25.1700,24.7500,24.8600,488844,02/26/14,-0.1999999999999993,-0.7980845969672757
SC,25.2500,25.4800,24.9500,25.0600,1.88 M,02/25/14,-0.22000000000000242,-0.8702531645569715
SC,25.3200,25.5300,25.0900,25.2800,546803,02/24/14,-0.07000000000000028,-0.2761341222879696
SC,25.8000,25.8000,25.2700,25.3500,472661,02/21/14,-0.0799999999999983,-0.31458906802987924
SC,25.2700,25.5400,25.1600,25.4300,587026,02/20/14,0.07000000000000028,0.27602523659306105
SC,25.7400,25.7430,25.1800,25.3600,306712,02/19/14,-0.14000000000000057,-0.5490196078431395
SC,25.4200,25.6900,25.2700,25.5000,477201,02/18/14,0.08999999999999986,0.3541912632821718
SC,25.4700,25.5900,25.2315,25.4100,546075,02/14/14,-0.0799999999999983,-0.3138485680659015
SC,25.0000,25.5100,24.8300,25.4900,704841,02/13/14,0.22999999999999687,0.9105304829770263
SC,25.3100,25.4200,25.0500,25.2600,313103,02/12/14,-0.11999999999999744,-0.4728132387706755
SC,25.0400,25.4400,24.9500,25.3800,344064,02/11/14,0.16000000000000014,0.6344171292624907
SC,25.1000,25.2200,24.7600,25.2200,660686,02/10/14,0.14000000000000057,0.5582137161084553
SC,24.5500,25.0900,24.3000,25.0800,838084,02/07/14,0.35999999999999943,1.4563106796116483
SC,25.4000,25.4000,24.6200,24.7200,1.15 M,02/06/14,-0.5600000000000023,-2.21518987341773
SC,25.1000,25.5000,24.9700,25.2800,775497,02/05/14,0.10000000000000142,0.39714058776807554
SC,25.2000,25.4600,24.7600,25.1800,961453,02/04/14,-0.07000000000000028,-0.27722772277227836
SC,25.9600,25.9600,25.2400,25.2500,1.11 M,02/03/14,-0.379999999999999,-1.4826375341396762
SC,25.3500,25.8800,25.1100,25.6300,678763,01/31/14,-0.14000000000000057,-0.5432673651532812
SC,25.7200,26.1000,25.5600,25.7700,1.12 M,01/30/14,0.14999999999999858,0.5854800936768094
SC,25.2900,25.8000,25.0900,25.6200,2.95 M,01/29/14,-0.07000000000000028,-0.27247956403269863
SC,24.6400,25.7300,24.4300,25.6900,2.77 M,01/28/14,0.8900000000000006,3.588709677419357
SC,24.2300,24.9900,24.1900,24.8000,3.54 M,01/27/14,0.5899999999999999,2.4370095002065257
SC,25.2800,25.2800,24.0000,24.2100,8.04 M,01/24/14,-0.9899999999999984,-3.9285714285714226