SQ,46.8000,46.9000,43.7200,44.7500,16.09 M,04/25/18,-1.259999999999998,-2.738535101064982
SQ,50.3500,50.3500,45.3100,46.0100,18.38 M,04/24/18,-4.340000000000003,-8.619662363455816
SQ,51.8000,51.9900,50.1200,50.3500,7.09 M,04/23/18,-1.1099999999999994,-2.1570151574038077
SQ,50.8900,52.4999,50.6600,51.4600,9.08 M,04/20/18,0.8299999999999983,1.6393442622950785
SQ,51.1300,51.5800,50.0900,50.6300,8.93 M,04/19/18,-0.75,-1.4597119501751654
SQ,49.3400,51.6800,48.7600,51.3800,11.15 M,04/18/18,2.25,4.579686545898636
SQ,47.9300,49.6900,47.8700,49.1300,8.25 M,04/17/18,2.1000000000000014,4.4652349564108045
SQ,47.7800,47.9000,46.3700,47.0300,7.41 M,04/16/18,-0.46999999999999886,-0.989473684210524
SQ,50.3400,50.4200,47.2100,47.5000,11.29 M,04/13/18,-2.1899999999999977,-4.407325417589048
SQ,48.4500,50.1400,48.1500,49.6900,10.48 M,04/12/18,1.9299999999999997,4.041038525963149
SQ,47.6700,48.9900,47.4600,47.7600,7.83 M,04/11/18,-0.03999999999999915,-0.08368200836819906
SQ,46.9900,47.8800,46.5015,47.8000,8.74 M,04/10/18,1.9099999999999966,4.162126825016336
SQ,46.1300,47.1901,45.8300,45.8900,8.45 M,04/09/18,0.020000000000003126,0.04360148245041013
SQ,47.5000,47.6500,44.9400,45.8700,14.18 M,04/06/18,-2.1500000000000057,-4.477301124531457
SQ,48.3000,48.8800,47.5700,48.0200,9.38 M,04/05/18,0.3500000000000014,0.7342143906020587
SQ,45.4600,47.8400,45.1600,47.6700,10.54 M,04/04/18,0.09000000000000341,0.18915510718790124
SQ,48.7000,48.8700,46.7500,47.5800,9.79 M,04/03/18,-0.10000000000000142,-0.20973154362416405
SQ,48.8800,49.3700,47.0200,47.6800,11.92 M,04/02/18,-1.5200000000000031,-3.0894308943089492
SQ,47.8500,49.7900,47.6500,49.2000,18.35 M,03/29/18,1.8100000000000023,3.8193711753534547
SQ,50.4000,50.4000,46.1400,47.3900,27.55 M,03/28/18,-3.6700000000000017,-7.1876224050137125
SQ,54.8600,55.1500,50.3500,51.0600,13.51 M,03/27/18,-2.489999999999995,-4.649859943977582
SQ,53.0500,53.6600,51.1100,53.5500,11.33 M,03/26/18,1.8799999999999955,3.638474937100823
SQ,54.0600,54.6300,51.1200,51.6700,20.52 M,03/23/18,-3.489999999999995,-6.327048585931826
SQ,56.7700,56.7700,54.2700,55.1600,15.70 M,03/22/18,-1.9300000000000068,-3.380627080049057
SQ,57.8100,58.4600,56.5200,57.0900,13.53 M,03/21/18,-0.5999999999999943,-1.0400416016640568
SQ,54.3900,58.0686,54.3000,57.6900,17.24 M,03/20/18,3.1099999999999994,5.6980578966654445
SQ,54.7800,55.8855,53.1500,54.5800,16.60 M,03/19/18,-0.3100000000000023,-0.5647658954272222
SQ,54.5200,55.0500,53.9000,54.8900,10.82 M,03/16/18,0.04999999999999716,0.09117432530998752
SQ,55.1000,55.5400,54.0900,54.8400,13.42 M,03/15/18,0.23000000000000398,0.4211682841970408
SQ,53.2000,54.8400,53.2000,54.6100,22.04 M,03/14/18,2.780000000000001,5.363688983214357
SQ,53.4000,53.6472,50.7600,51.8300,13.50 M,03/13/18,-1.3599999999999994,-2.5568715924045864
SQ,52.6200,53.7900,52.1000,53.1900,12.48 M,03/12/18,0.6999999999999957,1.333587349971415
SQ,52.7000,53.2200,52.1500,52.4900,11.52 M,03/09/18,0.240000000000002,0.45933014354067364
SQ,50.7200,52.9700,50.7000,52.2500,16.96 M,03/08/18,1.5300000000000011,3.016561514195586
SQ,48.7000,51.8900,48.5500,50.7200,18.32 M,03/07/18,1.1199999999999974,2.258064516129027
SQ,49.5500,50.0100,47.8100,49.6000,20.83 M,03/06/18,-0.8200000000000003,-1.6263387544625154
SQ,45.4600,50.5000,45.4400,50.4200,30.62 M,03/05/18,4.399999999999999,9.561060408518033
SQ,45.3400,46.1200,45.0100,46.0200,11.01 M,03/02/18,0.010000000000005116,0.021734405564018944
SQ,46.0000,46.2500,44.2900,46.0100,17.57 M,03/01/18,-0.03999999999999915,-0.0868621064060785
SQ,45.9000,48.0000,45.5500,46.0500,24.02 M,02/28/18,0.14000000000000057,0.3049444565454162
SQ,46.5600,47.1100,45.4100,45.9100,19.45 M,02/27/18,-0.6400000000000006,-1.3748657357679928
SQ,45.5000,46.8500,45.2500,46.5500,13.62 M,02/26/18,1.6899999999999977,3.7672759696834546
SQ,45.0200,45.4600,44.2200,44.8600,7.90 M,02/23/18,-0.03999999999999915,-0.08908685968819409
SQ,44.3700,45.0000,44.0100,44.9000,7.08 M,02/22/18,0.7999999999999972,1.8140589569160932
SQ,45.8500,45.9000,43.8000,44.1000,11.37 M,02/21/18,-0.8299999999999983,-1.8473180503004636
SQ,44.5600,46.4400,44.3600,44.9300,15.75 M,02/20/18,0.8200000000000003,1.8589888914078447
SQ,44.0300,45.1900,43.5400,44.1100,10.39 M,02/16/18,-0.17999999999999972,-0.40641228268232044
SQ,42.3000,45.0400,42.2200,44.2900,19.64 M,02/15/18,2.4399999999999977,5.83034647550776
SQ,41.8100,42.4900,40.7200,41.8500,16.19 M,02/14/18,-0.259999999999998,-0.6174305390643505
SQ,39.8500,42.6800,39.7400,42.1100,13.29 M,02/13/18,2.1899999999999977,5.48597194388777
SQ,39.8100,40.4600,38.8000,39.9200,9.91 M,02/12/18,0.3500000000000014,0.8845084660096069
SQ,39.9700,40.5700,36.7600,39.5700,18.78 M,02/09/18,0.07000000000000028,0.17721518987341844
SQ,42.8500,42.8500,39.5000,39.5000,16.51 M,02/08/18,-2.1700000000000017,-5.207583393328537
SQ,42.0100,42.7900,41.5000,41.6700,11.06 M,02/07/18,0.060000000000002274,0.14419610670512442
SQ,39.9200,41.9800,39.1000,41.6100,20.30 M,02/06/18,0.5899999999999963,1.4383227693807807
SQ,42.0400,44.2300,40.1200,41.0200,16.63 M,02/05/18,-2.5899999999999963,-5.9390048154093025
SQ,43.9000,45.3500,43.3500,43.6100,14.28 M,02/02/18,-0.8400000000000034,-1.8897637795275666
SQ,45.7500,46.7100,44.0200,44.4500,15.93 M,02/01/18,-2.4599999999999937,-5.244084416968651
SQ,45.9688,47.5000,45.8000,46.9100,15.33 M,01/31/18,1.3899999999999935,3.053602811950776
SQ,44.4200,45.9400,42.5600,45.5200,10.23 M,01/30/18,0.09000000000000341,0.19810697776800223
SQ,46.0800,46.2490,44.9000,45.4300,7.64 M,01/29/18,-0.5399999999999991,-1.17467913856863
SQ,45.5000,46.2500,44.8500,45.9700,11.11 M,01/26/18,0.8500000000000014,1.8838652482269536
SQ,44.8300,45.4900,44.0300,45.1200,9.05 M,01/25/18,0.7999999999999972,1.8050541516245424
SQ,45.2200,45.8200,43.0400,44.3200,13.96 M,01/24/18,-0.6899999999999977,-1.5329926682959292
SQ,45.0600,45.6700,43.5000,45.0100,20.00 M,01/23/18,-0.28000000000000114,-0.6182380216383333
SQ,42.8000,45.4400,42.7600,45.2900,27.20 M,01/22/18,2.729999999999997,6.414473684210518
SQ,42.1700,42.9800,41.6600,42.5600,24.14 M,01/19/18,2.289999999999999,5.686615346411719
SQ,40.2900,41.1300,40.0200,40.2700,9.84 M,01/18/18,0.21000000000000085,0.5242136794807809
SQ,39.3200,40.3100,39.2200,40.0600,10.95 M,01/17/18,0.740000000000002,1.8819938962360172
SQ,41.1500,41.2500,38.6700,39.3200,17.33 M,01/16/18,-1.9299999999999997,-4.678787878787878
SQ,42.3700,42.5000,41.0100,41.2500,13.85 M,01/12/18,-1.0499999999999972,-2.482269503546093
SQ,41.0300,43.0800,41.0300,42.3000,21.02 M,01/11/18,1.4599999999999937,3.574926542605273
SQ,40.6200,41.2000,40.0000,40.8400,11.27 M,01/10/18,-0.03999999999999915,-0.09784735812132864
SQ,40.4500,41.4814,39.2200,40.8800,14.71 M,01/09/18,0.12000000000000455,0.2944062806673321
SQ,41.0000,41.9100,39.8100,40.7600,26.63 M,01/08/18,-0.38000000000000256,-0.9236752552260635
SQ,38.3900,41.1500,38.1900,41.1400,31.10 M,01/05/18,3.039999999999999,7.979002624671913
SQ,38.3000,38.6600,37.4000,38.1000,20.47 M,01/04/18,0.7899999999999991,2.117394800321627
SQ,36.4300,37.3600,36.0500,37.3100,11.62 M,01/03/18,1.1400000000000006,3.1517832457838
SQ,34.7000,36.2400,34.6800,36.1700,11.24 M,01/02/18,1.5,4.326507066628209
SQ,34.7900,35.0800,34.3800,34.6700,10.46 M,12/29/17,-0.46000000000000085,-1.3094221463136944
SQ,35.9200,36.1000,34.9600,35.1300,8.22 M,12/28/17,-0.6199999999999974,-1.734265734265727
SQ,35.0100,36.0900,35.0100,35.7500,9.56 M,12/27/17,0.7000000000000028,1.9971469329529328
SQ,35.0000,35.5000,34.7200,35.0500,7.13 M,12/26/17,-0.09000000000000341,-0.25611838360843314
SQ,35.0700,35.3300,34.1400,35.1400,14.38 M,12/22/17,-0.7299999999999969,-2.035126846947301
SQ,35.6800,36.4699,35.6600,35.8700,9.67 M,12/21/17,0.21000000000000085,0.5888951205832891
SQ,36.9800,37.0400,35.5800,35.6600,14.01 M,12/20/17,-1.2600000000000051,-3.4127843986999054
SQ,38.1000,38.1000,36.5200,36.9200,12.02 M,12/19/17,-0.8299999999999983,-2.1986754966887374
SQ,37.4100,38.0000,37.2200,37.7500,11.90 M,12/18/17,0.7199999999999989,1.9443694301917334
SQ,37.3000,37.6525,36.8700,37.0300,12.93 M,12/15/17,0.020000000000003126,0.054039448797630715
SQ,35.8500,37.5400,35.8000,37.0100,20.94 M,12/14/17,0.8200000000000003,2.265819287095884
SQ,38.1700,38.4500,36.0700,36.1900,25.38 M,12/13/17,-1.8900000000000006,-4.9632352941176485
SQ,38.0700,39.6400,37.9300,38.0800,18.83 M,12/12/17,-0.21999999999999886,-0.5744125326370728
SQ,38.0100,38.6800,37.7000,38.3000,15.78 M,12/11/17,0.20999999999999375,0.5513258072984871
SQ,39.6100,39.7900,37.9400,38.0900,20.92 M,12/08/17,-0.6399999999999935,-1.6524657887941996
SQ,37.9700,39.4600,37.9600,38.7300,23.72 M,12/07/17,1.1199999999999974,2.9779314012230724
SQ,38.4700,39.7700,37.2700,37.6100,28.82 M,12/06/17,0.00999999999999801,0.026595744680845773
SQ,36.7500,38.5900,36.7400,37.6000,21.28 M,12/05/17,0.730000000000004,1.979929481963667
SQ,38.4100,38.6900,35.9000,36.8700,29.57 M,12/04/17,-1.3500000000000014,-3.532182103610679
SQ,39.3400,39.5500,36.7200,38.2200,25.39 M,12/01/17,-1.0,-2.5497195308516063
SQ,39.2700,40.7800,38.8200,39.2200,39.35 M,11/30/17,0.0899999999999963,0.23000255558394148
SQ,43.2000,43.3900,37.1800,39.1300,52.07 M,11/29/17,-3.4199999999999946,-8.037602820211504
SQ,39.8900,44.0500,39.5000,42.5500,56.52 M,11/28/17,1.529999999999994,3.7298878595806775
SQ,47.2100,47.4000,40.3700,41.0200,76.44 M,11/27/17,-7.839999999999996,-16.045845272206297
SQ,49.4000,49.5600,48.1100,48.8600,16.56 M,11/24/17,0.04999999999999716,0.10243802499487227
SQ,46.8610,49.5500,46.1000,48.8100,44.56 M,11/22/17,0.75,1.5605493133583022
SQ,46.0000,48.2400,45.7025,48.0600,28.90 M,11/21/17,2.8500000000000014,6.303915063039153
SQ,44.9900,46.0600,44.5800,45.2100,28.65 M,11/20/17,1.0300000000000011,2.3313716613852447
SQ,42.4900,45.7400,42.4400,44.1800,39.21 M,11/17/17,2.280000000000001,5.441527446300719
SQ,40.9500,41.9700,40.5200,41.9000,19.90 M,11/16/17,1.240000000000002,3.049680275454998
SQ,41.1500,41.8000,40.1700,40.6600,20.68 M,11/15/17,0.9199999999999946,2.3150478107699914
SQ,39.9800,40.5000,39.5100,39.7400,11.57 M,11/14/17,-0.23999999999999488,-0.6003001500750248
SQ,39.1300,40.1900,38.3100,39.9800,14.40 M,11/13/17,0.769999999999996,1.9637847487885642
SQ,37.6500,39.7312,37.3900,39.2100,19.47 M,11/10/17,1.25,3.292939936775553
SQ,36.4500,38.0100,34.8300,37.9600,23.51 M,11/09/17,1.25,3.4050667393080905
SQ,36.9400,37.1590,36.0000,36.7100,13.49 M,11/08/17,-0.04999999999999716,-0.13601741022850153
SQ,37.6900,37.6900,36.2900,36.7600,10.54 M,11/07/17,-0.4200000000000017,-1.1296395911780572
SQ,37.3100,37.7500,36.8000,37.1800,8.50 M,11/06/17,0.28999999999999915,0.78612089997289
SQ,36.2300,36.9800,35.9110,36.8900,6.62 M,11/03/17,0.8200000000000003,2.2733573606875526
SQ,35.8700,36.3600,34.7500,36.0700,8.88 M,11/02/17,-0.3999999999999986,-1.0967918837400565
SQ,37.4800,37.5200,35.8700,36.4700,10.59 M,11/01/17,-0.7199999999999989,-1.9360043022317799
SQ,35.8200,37.4400,35.8200,37.1900,13.08 M,10/31/17,1.4399999999999977,4.027972027972021
SQ,35.8000,35.8100,34.6600,35.7500,10.32 M,10/30/17,0.5499999999999972,1.5624999999999918
SQ,34.6900,35.2900,34.2150,35.2000,10.18 M,10/27/17,1.0900000000000034,3.1955438287892215
SQ,33.0000,34.7500,32.8200,34.1100,14.74 M,10/26/17,1.2100000000000009,3.6778115501519784
SQ,32.9900,32.9900,32.2000,32.9000,6.20 M,10/25/17,0.18999999999999773,0.5808621216753217
SQ,32.8000,32.8425,32.5000,32.7100,3.85 M,10/24/17,0.17999999999999972,0.5533353827236388
SQ,32.7400,32.9757,32.4600,32.5300,4.89 M,10/23/17,0.030000000000001137,0.09230769230769581
SQ,32.6100,32.7500,32.2000,32.5000,5.93 M,10/20/17,0.38000000000000256,1.1830635118306432
SQ,32.0900,32.2600,31.4410,32.1200,6.98 M,10/19/17,-0.4000000000000057,-1.2300123001230185
SQ,33.0200,33.0600,32.3410,32.5200,5.48 M,10/18/17,-0.1699999999999946,-0.5200367084735228
SQ,33.2500,33.3050,32.1300,32.6900,10.86 M,10/17/17,-0.5300000000000011,-1.5954244431065658
SQ,32.9500,33.2954,32.5800,33.2200,6.30 M,10/16/17,0.4099999999999966,1.2496190185918823
SQ,33.2200,33.2200,32.4100,32.8100,7.14 M,10/13/17,0.0,0.0
SQ,32.3500,33.1611,32.2100,32.8100,10.51 M,10/12/17,0.8100000000000023,2.531250000000007
SQ,31.3400,32.0000,31.2100,32.0000,6.90 M,10/11/17,0.6799999999999997,2.1711366538952737
SQ,31.4400,31.4400,30.6500,31.3200,5.77 M,10/10/17,0.25,0.804634695848085
SQ,30.7700,31.5200,30.7600,31.0700,5.89 M,10/09/17,0.3099999999999987,1.0078023407022065
SQ,30.5500,30.8800,30.5000,30.7600,4.01 M,10/06/17,0.0,0.0
SQ,30.1800,30.9000,30.0000,30.7600,7.51 M,10/05/17,0.610000000000003,2.023217247097854
SQ,30.0300,30.3990,29.5600,30.1500,7.43 M,10/04/17,0.2099999999999973,0.7014028056112134
SQ,29.4500,30.0250,29.3700,29.9400,8.84 M,10/03/17,0.5500000000000007,1.8713848247703324
SQ,28.8000,29.5500,28.7800,29.3900,6.34 M,10/02/17,0.5800000000000018,2.013189864630343
SQ,28.5100,28.8750,28.2700,28.8100,5.71 M,09/29/17,0.3200000000000003,1.1232011232011243
SQ,28.4500,28.5700,27.9600,28.4900,5.88 M,09/28/17,0.41999999999999815,1.496259351620941
SQ,28.4600,28.5500,27.8145,28.0700,4.85 M,09/27/17,0.46000000000000085,1.6660630206446971
SQ,27.8800,28.4800,27.3800,27.6100,5.85 M,09/26/17,0.16000000000000014,0.5828779599271408
SQ,28.7500,28.7600,27.2100,27.4500,9.48 M,09/25/17,-1.3000000000000007,-4.521739130434785
SQ,28.4000,28.9400,28.3100,28.7500,4.84 M,09/22/17,0.3500000000000014,1.2323943661971881
SQ,28.3800,28.5000,28.0700,28.4000,3.98 M,09/21/17,-0.07000000000000028,-0.24587284861257566
SQ,28.5300,28.6700,28.2200,28.4700,4.33 M,09/20/17,-0.08999999999999986,-0.31512605042016756
SQ,28.7000,28.8500,28.3500,28.5600,5.89 M,09/19/17,-0.13000000000000256,-0.4531195538515251
SQ,28.5900,29.0000,28.5000,28.6900,9.37 M,09/18/17,0.19000000000000128,0.6666666666666712
SQ,28.2300,28.7300,28.0100,28.5000,19.50 M,09/15/17,-0.14000000000000057,-0.48882681564246006
SQ,27.4700,28.8000,27.2800,28.6400,16.23 M,09/14/17,1.1500000000000021,4.183339396144061
SQ,27.4000,27.5000,26.6710,27.4900,6.27 M,09/13/17,0.21999999999999886,0.8067473414008026
SQ,27.6000,27.6400,26.8000,27.2700,6.13 M,09/12/17,-0.3000000000000007,-1.0881392818280766
SQ,26.8000,27.6600,26.7800,27.5700,8.61 M,09/11/17,1.0399999999999991,3.9200904636260803
SQ,26.4700,26.9900,26.4000,26.5300,5.93 M,09/08/17,0.23000000000000043,0.8745247148288989
SQ,26.1200,26.6900,25.8600,26.3000,7.86 M,09/07/17,0.25,0.9596928982725528
SQ,25.9000,26.1700,25.7200,26.0500,6.50 M,09/06/17,0.28000000000000114,1.0865347303065624
SQ,25.7500,25.8200,25.2400,25.7700,4.97 M,09/05/17,-0.16000000000000014,-0.6170458927882767
SQ,26.1000,26.2500,25.6600,25.9300,3.26 M,09/01/17,-0.17999999999999972,-0.689391037916506
SQ,25.9000,26.4900,25.8700,26.1100,5.35 M,08/31/17,0.34999999999999787,1.3586956521739046
SQ,25.4300,25.9100,25.1800,25.7600,4.45 M,08/30/17,0.7200000000000024,2.875399361022374
SQ,24.7600,25.1000,24.6400,25.0400,3.64 M,08/29/17,0.129999999999999,0.5218787635487716
SQ,25.1100,25.1500,24.8000,24.9100,3.56 M,08/28/17,-0.0799999999999983,-0.3201280512204814
SQ,25.8500,25.8800,24.9200,24.9900,5.62 M,08/25/17,-0.6700000000000017,-2.611067809820739
SQ,25.7000,25.8500,25.3500,25.6600,4.73 M,08/24/17,0.17999999999999972,0.7064364207221339
SQ,25.3000,25.8800,25.2000,25.4800,6.01 M,08/23/17,0.14000000000000057,0.5524861878453061
SQ,24.7200,25.3400,24.7000,25.3400,7.07 M,08/22/17,0.879999999999999,3.5977105478331928
SQ,24.9200,25.0000,24.2200,24.4600,5.87 M,08/21/17,-0.36999999999999744,-1.490132903745459
SQ,24.7800,25.0800,24.6350,24.8300,5.33 M,08/18/17,0.28999999999999915,1.1817440912795403
SQ,25.0000,25.4700,24.5100,24.5400,5.35 M,08/17/17,-0.4499999999999993,-1.8007202881152433
SQ,25.0800,25.1800,24.8650,24.9900,4.17 M,08/16/17,0.16000000000000014,0.6443817962142576
SQ,25.3600,25.3800,24.8000,24.8300,5.05 M,08/15/17,-0.370000000000001,-1.4682539682539721
SQ,25.2500,25.4700,25.0300,25.2000,4.26 M,08/14/17,0.379999999999999,1.531023368251406
SQ,24.4100,25.0900,24.3600,24.8200,5.27 M,08/11/17,0.1700000000000017,0.6896551724138
SQ,25.4900,25.5000,24.5800,24.6500,8.55 M,08/10/17,-0.9400000000000013,-3.6733098866744873
SQ,25.8000,25.8600,25.3700,25.5900,5.72 M,08/09/17,-0.4299999999999997,-1.6525749423520357
SQ,25.9000,26.2700,25.4700,26.0200,7.23 M,08/08/17,0.33999999999999986,1.3239875389408093
SQ,25.3400,25.8500,25.3000,25.6800,5.92 M,08/07/17,0.46999999999999886,1.864339547798488
SQ,25.2700,25.7700,25.0000,25.2100,8.21 M,08/04/17,-0.00999999999999801,-0.039651070578897746
SQ,25.4000,25.8400,24.7000,25.2200,15.87 M,08/03/17,-1.240000000000002,-4.686318972033265
SQ,27.2500,27.3000,25.6000,26.4600,16.15 M,08/02/17,-0.34999999999999787,-1.3054830287206187
SQ,26.5800,26.9000,26.3900,26.8100,7.00 M,08/01/17,0.4599999999999973,1.7457305502846197
SQ,26.4700,26.8400,26.0300,26.3500,6.47 M,07/31/17,0.15000000000000213,0.5725190839694738
SQ,26.1000,26.5800,25.6000,26.2000,7.79 M,07/28/17,0.2799999999999976,1.0802469135802375
SQ,27.9400,27.9700,25.2000,25.9200,14.48 M,07/27/17,-1.389999999999997,-5.0897107286708065
SQ,26.9300,27.6800,26.8500,27.3100,7.89 M,07/26/17,0.41999999999999815,1.5619189289698703
SQ,26.8500,26.9200,26.3500,26.8900,4.22 M,07/25/17,0.14000000000000057,0.5233644859813106
SQ,26.8500,26.9950,26.2200,26.7500,9.10 M,07/24/17,-0.10000000000000142,-0.37243947858473525
SQ,26.5400,27.1100,26.3700,26.8500,5.70 M,07/21/17,0.46000000000000085,1.7430845017051946
SQ,26.4400,26.5500,26.2200,26.3900,4.15 M,07/20/17,0.030000000000001137,0.11380880121396486
SQ,26.7500,26.7720,26.2000,26.3600,4.57 M,07/19/17,-0.23000000000000043,-0.8649868371568274
SQ,26.3000,26.7900,26.1700,26.5900,7.66 M,07/18/17,0.3999999999999986,1.5273004963726557
SQ,26.4900,26.6200,26.0600,26.1900,4.23 M,07/17/17,-0.13999999999999702,-0.5317128750474631
SQ,26.0300,26.6500,25.9700,26.3300,6.82 M,07/14/17,0.34999999999999787,1.3471901462663505
SQ,26.1800,26.5000,25.6600,25.9800,8.41 M,07/13/17,-0.23000000000000043,-0.8775276611980176
SQ,25.6100,26.4350,25.1600,26.2100,15.32 M,07/12/17,0.7699999999999996,3.026729559748426
SQ,24.0000,25.5600,23.8100,25.4400,17.67 M,07/11/17,1.5,6.265664160401002
SQ,23.5800,24.1300,23.4397,23.9400,4.66 M,07/10/17,0.3500000000000014,1.4836795252225579
SQ,23.4300,23.8200,23.3910,23.5900,3.42 M,07/07/17,0.370000000000001,1.5934539190353187
SQ,23.7200,23.9000,23.1900,23.2200,5.14 M,07/06/17,-0.5400000000000027,-2.272727272727284
SQ,23.3000,24.1600,23.0500,23.7600,9.20 M,07/05/17,0.9300000000000033,4.073587385019725
SQ,23.5500,23.6000,22.6600,22.8300,3.58 M,07/03/17,-0.6300000000000026,-2.6854219948849214
SQ,23.4500,23.6700,23.3032,23.4600,4.26 M,06/30/17,0.060000000000002274,0.25641025641026616
SQ,24.2700,24.3000,23.2300,23.4000,7.14 M,06/29/17,-0.9000000000000021,-3.703703703703712
SQ,23.6400,24.3400,23.4000,24.3000,6.96 M,06/28/17,0.9800000000000004,4.2024013722126945
SQ,23.9300,24.2400,23.2100,23.3200,5.75 M,06/27/17,-0.6099999999999994,-2.5491015461763453
SQ,24.3300,24.5000,23.8400,23.9300,5.21 M,06/26/17,-0.240000000000002,-0.9929664873810591
SQ,24.3300,24.4200,23.8800,24.1700,15.01 M,06/23/17,-0.10999999999999943,-0.45304777594727935
SQ,24.2300,24.3500,23.9300,24.2800,5.18 M,06/22/17,0.120000000000001,0.4966887417218584
SQ,24.0400,24.3400,23.9600,24.1600,4.20 M,06/21/17,0.3099999999999987,1.2997903563941244
SQ,24.2500,24.4600,23.5800,23.8500,7.16 M,06/20/17,-0.34999999999999787,-1.4462809917355284
SQ,23.6200,24.2250,23.5600,24.2000,8.15 M,06/19/17,0.6400000000000006,2.716468590831921
SQ,23.5800,23.9900,23.3100,23.5600,9.81 M,06/16/17,-0.4299999999999997,-1.7924135056273436
SQ,23.1200,24.1700,22.4500,23.9900,8.94 M,06/15/17,0.5199999999999996,2.2155943757988905
SQ,23.5900,23.6700,23.0300,23.4700,6.89 M,06/14/17,-0.010000000000001563,-0.04258943781942744
SQ,24.1100,24.2000,23.3400,23.4800,6.79 M,06/13/17,-0.120000000000001,-0.5084745762711906
SQ,22.7000,23.7400,22.4100,23.6000,16.38 M,06/12/17,0.5700000000000003,2.4750325662179775
SQ,24.7200,24.9700,22.4134,23.0300,16.32 M,06/09/17,-1.75,-7.062146892655367
SQ,24.3100,24.8300,24.0700,24.7800,6.94 M,06/08/17,0.490000000000002,2.017291066282429
SQ,24.4500,24.5000,23.7000,24.2900,9.84 M,06/07/17,0.0799999999999983,0.3304419661296914
SQ,23.5000,24.4400,23.4900,24.2100,14.67 M,06/06/17,0.8200000000000003,3.5057716973065425
SQ,23.1100,23.7300,22.8500,23.3900,7.82 M,06/05/17,0.19000000000000128,0.8189655172413849
SQ,23.1974,23.2300,22.5500,23.2000,8.16 M,06/02/17,-0.030000000000001137,-0.12914334911752534
SQ,23.0500,23.2350,22.7410,23.2300,5.88 M,06/01/17,0.240000000000002,1.043932144410622
SQ,23.0700,23.5699,22.8100,22.9900,10.84 M,05/31/17,0.25,1.0993843447669307
SQ,22.3700,22.8600,22.2800,22.7400,7.03 M,05/30/17,0.41000000000000014,1.8360949395432162
SQ,22.3400,22.6100,22.2200,22.3300,6.40 M,05/26/17,0.0,0.0
SQ,21.9700,22.7300,21.9300,22.3300,9.84 M,05/25/17,0.4099999999999966,1.8704379562043638
SQ,21.6400,21.9800,21.4200,21.9200,6.63 M,05/24/17,0.28000000000000114,1.2939001848428888
SQ,20.9800,21.7500,20.9000,21.6400,12.89 M,05/23/17,0.6900000000000013,3.2935560859188606
SQ,19.9800,21.0000,19.9800,20.9500,9.84 M,05/22/17,1.0399999999999991,5.22350577599196
SQ,19.8800,20.0000,19.7250,19.9100,5.09 M,05/19/17,0.23000000000000043,1.1686991869918721
SQ,19.5300,19.9399,19.4500,19.6800,5.82 M,05/18/17,0.120000000000001,0.6134969325153425
SQ,19.8700,20.1600,19.5300,19.5600,12.44 M,05/17/17,-0.7800000000000011,-3.8348082595870263
SQ,20.2500,20.6900,20.1250,20.3400,8.38 M,05/16/17,0.08999999999999986,0.44444444444444375
SQ,20.1900,20.3850,20.1200,20.2500,4.50 M,05/15/17,0.1700000000000017,0.8466135458167416
SQ,19.7500,20.5000,19.7500,20.0800,7.81 M,05/12/17,0.36999999999999744,1.8772196854388505
SQ,19.9500,19.9900,19.5500,19.7100,4.44 M,05/11/17,-0.23999999999999844,-1.2030075187969846
SQ,19.7300,19.9700,19.6500,19.9500,5.78 M,05/10/17,0.14999999999999858,0.7575757575757504
SQ,19.6400,20.0500,19.5200,19.8000,8.10 M,05/09/17,0.240000000000002,1.226993865030685
SQ,19.7300,19.8400,19.4700,19.5600,6.36 M,05/08/17,-0.22000000000000242,-1.1122345803842386
SQ,19.7500,19.9000,19.3500,19.7800,9.61 M,05/05/17,-0.11999999999999744,-0.6030150753768716
SQ,19.2300,20.4200,19.1800,19.9000,26.53 M,05/04/17,1.6199999999999974,8.862144420131276
SQ,18.9000,18.9000,18.0800,18.2800,14.72 M,05/03/17,-0.5299999999999976,-2.817650186071226
SQ,18.9700,19.0300,18.4700,18.8100,9.13 M,05/02/17,0.1999999999999993,1.0746910263299263
SQ,18.3300,18.7950,18.1500,18.6100,5.87 M,05/01/17,0.370000000000001,2.0285087719298303
SQ,18.3200,18.4000,17.9450,18.2400,4.64 M,04/28/17,0.00999999999999801,0.05485463521666489
SQ,18.1800,18.4550,18.1505,18.2300,5.68 M,04/27/17,0.15000000000000213,0.8296460176991269
SQ,18.2500,18.2500,17.9200,18.0800,4.50 M,04/26/17,-0.14000000000000057,-0.7683863885839768
SQ,17.9700,18.3000,17.8150,18.2200,7.97 M,04/25/17,0.36999999999999744,2.0728291316526466
SQ,17.7500,17.9350,17.5848,17.8500,5.38 M,04/24/17,0.360000000000003,2.058319039451132
SQ,17.8300,17.8300,17.3200,17.4900,5.18 M,04/21/17,-0.22000000000000242,-1.2422360248447342
SQ,17.3100,17.7500,17.3000,17.7100,4.90 M,04/20/17,0.5100000000000016,2.9651162790697767
SQ,17.0000,17.4273,16.9800,17.2000,3.80 M,04/19/17,0.21999999999999886,1.2956419316843277
SQ,17.0100,17.0400,16.8700,16.9800,3.28 M,04/18/17,-0.09999999999999787,-0.5854800936768025
SQ,16.9200,17.1000,16.8201,17.0800,2.20 M,04/17/17,0.1599999999999966,0.9456264775413509
SQ,17.2700,17.3700,16.7500,16.9200,5.29 M,04/13/17,-0.379999999999999,-2.1965317919075087
SQ,16.8800,17.5100,16.7800,17.3000,11.16 M,04/12/17,0.379999999999999,2.24586288416075
SQ,16.9300,16.9900,16.6600,16.9200,3.20 M,04/11/17,-0.06999999999999673,-0.4120070629782033
SQ,16.7800,17.1000,16.7775,16.9900,3.78 M,04/10/17,0.29999999999999716,1.797483523067688
SQ,17.0000,17.0000,16.6900,16.6900,4.32 M,04/07/17,-0.3099999999999987,-1.8235294117646983
SQ,16.8400,17.0100,16.6900,17.0000,4.80 M,04/06/17,0.25,1.492537313432836
SQ,17.0500,17.0800,16.7400,16.7500,5.39 M,04/05/17,-0.28999999999999915,-1.7018779342722956
SQ,16.9700,17.1800,16.9300,17.0400,5.98 M,04/04/17,0.00999999999999801,0.058719906048138634
SQ,17.2400,17.3000,16.6900,17.0300,8.71 M,04/03/17,-0.25,-1.446759259259259
SQ,17.3200,17.4200,17.2200,17.2800,2.36 M,03/31/17,-0.03999999999999915,-0.23094688221708515
SQ,17.2500,17.3950,17.1200,17.3200,4.58 M,03/30/17,0.10000000000000142,0.5807200929152232
SQ,17.2200,17.5900,17.1900,17.2200,5.38 M,03/29/17,-0.010000000000001563,-0.058038305281494854
SQ,17.3800,17.5000,16.9200,17.2300,7.39 M,03/28/17,-0.019999999999999574,-0.11594202898550478
SQ,16.3700,17.2700,16.2200,17.2500,6.94 M,03/27/17,0.6600000000000001,3.9783001808318272
SQ,16.7500,16.9400,16.4700,16.5900,4.01 M,03/24/17,-0.019999999999999574,-0.12040939193256818
SQ,16.4000,17.0300,16.4000,16.6100,6.41 M,03/23/17,0.1999999999999993,1.2187690432662968
SQ,16.4600,16.5650,16.1100,16.4100,5.05 M,03/22/17,-0.10000000000000142,-0.6056935190793544
SQ,17.2500,17.2800,16.4000,16.5100,6.53 M,03/21/17,-0.7299999999999969,-4.23433874709975
SQ,17.2800,17.3700,17.1701,17.2400,4.60 M,03/20/17,-0.0400000000000027,-0.23148148148149708
SQ,17.1800,17.3400,17.0600,17.2800,5.69 M,03/17/17,0.07000000000000028,0.406740267286463
SQ,17.0000,17.2800,17.0000,17.2100,8.84 M,03/16/17,0.26000000000000156,1.5339233038348175
SQ,16.8000,17.0000,16.7400,16.9500,4.55 M,03/15/17,0.17999999999999972,1.0733452593917694
SQ,16.9500,16.9500,16.6400,16.7700,3.95 M,03/14/17,-0.16000000000000014,-0.9450679267572365
SQ,16.9100,17.0916,16.8300,16.9300,3.72 M,03/13/17,0.019999999999999574,0.11827321111767933
SQ,17.1400,17.1800,16.8300,16.9100,4.87 M,03/10/17,-0.16000000000000014,-0.9373169302870541
SQ,16.8500,17.2050,16.7000,17.0700,5.69 M,03/09/17,0.240000000000002,1.4260249554367321
SQ,16.7600,17.0000,16.7000,16.8300,3.87 M,03/08/17,0.06999999999999673,0.4176610978520091
SQ,16.9000,16.9000,16.5000,16.7600,5.76 M,03/07/17,-0.09999999999999787,-0.5931198102016482
SQ,16.9100,17.1550,16.7100,16.8600,6.01 M,03/06/17,-0.030000000000001137,-0.17761989342807066
SQ,16.8300,17.2000,16.5700,16.8900,13.05 M,03/03/17,-0.09999999999999787,-0.5885815185403054
SQ,17.2000,17.3500,16.9800,16.9900,7.29 M,03/02/17,-0.23000000000000043,-1.3356562137049968
SQ,17.5300,17.6400,17.0600,17.2200,13.03 M,03/01/17,-0.10000000000000142,-0.5773672055427334
SQ,17.7900,17.7900,17.2700,17.3200,12.77 M,02/28/17,-0.6099999999999994,-3.4021193530395952
SQ,17.4200,18.1700,17.3100,17.9300,12.65 M,02/27/17,0.5,2.8686173264486516
SQ,16.9500,17.6300,16.9000,17.4300,15.89 M,02/24/17,0.28000000000000114,1.6326530612244965
SQ,16.6700,17.7500,16.3200,17.1500,43.95 M,02/23/17,2.1099999999999994,14.029255319148934
SQ,14.7500,15.2150,14.6000,15.0400,12.33 M,02/22/17,0.40999999999999837,2.802460697197528
SQ,14.6300,14.6600,14.3400,14.6300,6.04 M,02/21/17,0.16000000000000014,1.105736005528681
SQ,14.0200,14.6000,13.9900,14.4700,7.73 M,02/17/17,0.5800000000000001,4.175665946724262
SQ,14.3000,14.3500,13.8400,13.8900,5.93 M,02/16/17,-0.41999999999999993,-2.9350104821802927
SQ,14.3100,14.4100,14.2100,14.3100,4.07 M,02/15/17,-0.019999999999999574,-0.13956734124214637
SQ,14.4700,14.5200,14.0300,14.3300,5.90 M,02/14/17,-0.16999999999999993,-1.1724137931034477
SQ,14.6500,15.0400,14.4500,14.5000,7.22 M,02/13/17,-0.10999999999999943,-0.752908966461324
SQ,14.7400,14.7400,14.5300,14.6100,2.16 M,02/10/17,-0.120000000000001,-0.8146639511201696
SQ,14.5000,14.7450,14.4700,14.7300,2.55 M,02/09/17,0.2599999999999998,1.7968210089841035
SQ,14.4400,14.5550,14.3500,14.4700,2.59 M,02/08/17,0.07000000000000028,0.48611111111111305
SQ,14.3800,14.5000,14.2600,14.4000,3.09 M,02/07/17,0.0,0.0
SQ,14.2900,14.5000,14.0300,14.4000,3.16 M,02/06/17,0.120000000000001,0.8403361344537885
SQ,14.2900,14.4400,14.1100,14.2800,3.63 M,02/03/17,-0.08000000000000007,-0.5571030640668528
SQ,14.2500,14.5000,14.1900,14.3600,2.38 M,02/02/17,0.0,0.0
SQ,14.4900,14.5650,14.1800,14.3600,4.68 M,02/01/17,-0.2599999999999998,-1.7783857729138153
SQ,14.4000,14.7700,14.3650,14.6200,3.12 M,01/31/17,0.16999999999999993,1.1764705882352937
SQ,14.4600,14.4900,14.1800,14.4500,2.42 M,01/30/17,-0.08000000000000007,-0.5505849965588443
SQ,14.4700,14.5500,14.2650,14.5300,2.32 M,01/27/17,0.11999999999999922,0.8327550312283082
SQ,14.5000,14.6300,14.1300,14.4100,4.31 M,01/26/17,-0.1899999999999995,-1.3013698630136952
SQ,14.6900,14.9900,14.5200,14.6000,3.23 M,01/25/17,-0.0600000000000005,-0.4092769440654877
SQ,14.6100,14.7500,14.4300,14.6600,3.65 M,01/24/17,0.05000000000000071,0.34223134839151753
SQ,14.9000,14.9600,14.5700,14.6100,3.88 M,01/23/17,-0.28000000000000114,-1.8804566823371467
SQ,14.7500,15.0000,14.7150,14.8900,3.15 M,01/20/17,0.16000000000000014,1.0862186014935515
SQ,14.6400,14.8900,14.6000,14.7300,2.51 M,01/19/17,0.08999999999999986,0.6147540983606548
SQ,14.8000,14.8400,14.6200,14.6400,8.08 M,01/18/17,-0.049999999999998934,-0.3403675970047579
SQ,14.6900,14.7700,14.5400,14.6900,3.20 M,01/17/17,-0.0600000000000005,-0.4067796610169525
SQ,14.7900,14.9200,14.6900,14.7500,1.92 M,01/13/17,0.009999999999999787,0.06784260515603655
SQ,14.8400,14.8800,14.5450,14.7400,2.32 M,01/12/17,-0.16000000000000014,-1.0738255033557056
SQ,14.9500,14.9900,14.7100,14.9000,3.95 M,01/11/17,-0.009999999999999787,-0.06706908115358677
SQ,15.0900,15.4900,14.7000,14.9100,6.74 M,01/10/17,-0.15000000000000036,-0.9960159362549824
SQ,14.9800,15.1950,14.8500,15.0600,4.96 M,01/09/17,0.0600000000000005,0.4000000000000033
SQ,14.5600,15.0747,14.5300,15.0000,6.38 M,01/06/17,0.4399999999999995,3.0219780219780183
SQ,14.2500,14.6100,14.0100,14.5600,5.78 M,01/05/17,0.3100000000000005,2.1754385964912317
SQ,13.8600,14.2600,13.7250,14.2500,4.98 M,01/04/17,0.4399999999999995,3.1860970311368537
SQ,13.8200,14.0150,13.6600,13.8100,3.36 M,01/03/17,0.17999999999999972,1.3206162876008782
SQ,13.7100,13.7700,13.5300,13.6300,2.99 M,12/30/16,-0.09999999999999964,-0.728332119446465
SQ,13.9400,14.1100,13.6400,13.7300,2.98 M,12/29/16,-0.21999999999999886,-1.5770609318996336
SQ,14.0800,14.1200,13.8500,13.9500,2.39 M,12/28/16,-0.05000000000000071,-0.3571428571428622
SQ,14.1200,14.2463,14.0000,14.0000,2.71 M,12/27/16,-0.07000000000000028,-0.4975124378109473
SQ,13.9400,14.2400,13.8800,14.0700,1.61 M,12/23/16,0.019999999999999574,0.14234875444839554
SQ,14.3300,14.3400,13.9301,14.0500,4.09 M,12/22/16,-0.33000000000000007,-2.294853963838665
SQ,14.4500,14.5400,14.2701,14.3800,4.28 M,12/21/16,-0.09999999999999964,-0.6906077348066274
SQ,14.7300,14.8200,14.4100,14.4800,5.82 M,12/20/16,0.120000000000001,0.8356545961002855
SQ,14.3500,14.6000,14.3000,14.3600,4.17 M,12/19/16,-0.02000000000000135,-0.1390820584144739
SQ,14.2900,14.4700,14.2300,14.3800,7.37 M,12/16/16,0.25,1.7692852087756545
SQ,13.7800,14.3700,13.7500,14.1300,4.52 M,12/15/16,0.3000000000000007,2.1691973969631286
SQ,13.9300,14.1900,13.8000,13.8300,3.07 M,12/14/16,-0.2400000000000002,-1.7057569296375281
SQ,13.7400,14.1100,13.7300,14.0700,5.39 M,12/13/16,0.22000000000000064,1.5884476534296075
SQ,13.9300,14.0900,13.6500,13.8500,4.71 M,12/12/16,-0.040000000000000924,-0.2879769618430592
SQ,13.9800,13.9900,13.7300,13.8900,3.72 M,12/09/16,-0.049999999999998934,-0.35868005738880154
SQ,14.1200,14.1700,13.7000,13.9400,5.54 M,12/08/16,-0.17999999999999972,-1.274787535410763
SQ,13.4900,14.1600,13.4000,14.1200,11.38 M,12/07/16,0.8499999999999996,6.4054257724189885
SQ,13.2100,13.3300,13.0300,13.2700,3.09 M,12/06/16,0.07000000000000028,0.5303030303030325
SQ,13.1800,13.3950,13.0800,13.2000,4.76 M,12/05/16,0.1399999999999988,1.0719754977029003
SQ,12.9300,13.2750,12.9300,13.0600,7.33 M,12/02/16,0.34999999999999964,2.7537372147915
SQ,12.7400,12.8800,12.4600,12.7100,9.37 M,12/01/16,-0.22999999999999865,-1.7774343122101905
SQ,12.4700,13.0000,12.4600,12.9400,7.81 M,11/30/16,0.47999999999999865,3.852327447833055
SQ,12.5300,12.6900,12.3800,12.4600,5.07 M,11/29/16,-0.06999999999999851,-0.5586592178770831
SQ,12.6500,12.8400,12.5100,12.5300,4.20 M,11/28/16,-0.22000000000000064,-1.7254901960784363
SQ,12.5100,12.7700,12.4900,12.7500,2.31 M,11/25/16,0.3200000000000003,2.5744167337087713
SQ,12.4000,12.5000,12.3200,12.4300,3.05 M,11/23/16,-0.030000000000001137,-0.24077046548957573
SQ,12.2500,12.5100,12.2500,12.4600,4.48 M,11/22/16,0.2400000000000002,1.963993453355157
SQ,12.2400,12.3600,12.0800,12.2200,3.76 M,11/21/16,0.0600000000000005,0.49342105263158303
SQ,12.2600,12.4700,12.1450,12.1600,2.94 M,11/18/16,-0.0600000000000005,-0.49099836333879293
SQ,11.8800,12.3600,11.8800,12.2200,4.80 M,11/17/16,0.1800000000000015,1.4950166112956935
SQ,12.0000,12.0500,11.7600,12.0400,4.30 M,11/16/16,0.009999999999999787,0.08312551953449532
SQ,12.3200,12.4900,12.0200,12.0300,4.55 M,11/15/16,-0.3200000000000003,-2.591093117408909
SQ,12.1200,12.6200,12.1200,12.3500,19.71 M,11/14/16,0.46999999999999886,3.9562289562289465
SQ,11.6300,11.9500,11.4300,11.8800,4.77 M,11/11/16,0.23000000000000043,1.9742489270386303
SQ,12.0500,12.1100,11.5813,11.6500,5.72 M,11/10/16,-0.34999999999999964,-2.916666666666664
SQ,11.6900,12.1900,11.6700,12.0000,6.21 M,11/09/16,-0.33999999999999986,-2.7552674230145855
SQ,12.1600,12.3950,12.1200,12.3400,4.05 M,11/08/16,0.11999999999999922,0.9819967266775713
SQ,12.2600,12.4400,12.1900,12.2200,5.57 M,11/07/16,0.040000000000000924,0.3284072249589567
SQ,11.9600,12.3000,11.9400,12.1800,13.46 M,11/04/16,0.1899999999999995,1.5846538782318558
SQ,11.6900,12.0500,11.6700,11.9900,7.37 M,11/03/16,0.21000000000000085,1.7826825127334538
SQ,11.4500,11.8900,11.2900,11.7800,19.53 M,11/02/16,0.7099999999999991,6.4137308039746985
SQ,11.2000,11.3500,11.0000,11.0700,8.19 M,11/01/16,-0.129999999999999,-1.160714285714277
SQ,11.1400,11.2500,11.0600,11.2000,2.96 M,10/31/16,0.05999999999999872,0.5385996409335612
SQ,11.1500,11.3200,11.0500,11.1400,3.15 M,10/28/16,-0.009999999999999787,-0.0896860986547066
SQ,11.2500,11.2500,11.0800,11.1500,1.91 M,10/27/16,-0.0600000000000005,-0.5352363960749374
SQ,11.0500,11.2100,11.0000,11.2100,2.45 M,10/26/16,0.14000000000000057,1.2646793134598064
SQ,11.3100,11.3200,11.0100,11.0700,2.85 M,10/25/16,-0.27999999999999936,-2.466960352422902
SQ,11.3600,11.5000,11.2200,11.3500,2.17 M,10/24/16,0.02999999999999936,0.2650176678445173
SQ,11.1400,11.3400,11.0400,11.3200,2.96 M,10/21/16,0.13000000000000078,1.1617515638963432
SQ,11.3000,11.3800,11.1000,11.1900,2.02 M,10/20/16,-0.11000000000000121,-0.9734513274336389
SQ,11.2800,11.3400,11.1600,11.3000,2.55 M,10/19/16,-0.03999999999999915,-0.3527336860670119
SQ,11.0100,11.3800,11.0100,11.3400,6.32 M,10/18/16,0.41000000000000014,3.751143641354073
SQ,11.0200,11.1400,10.8800,10.9300,2.45 M,10/17/16,-0.1899999999999995,-1.7086330935251755
SQ,11.2400,11.3500,11.0700,11.1200,1.90 M,10/14/16,-0.07000000000000028,-0.625558534405722
SQ,11.1600,11.3300,11.0600,11.1900,2.60 M,10/13/16,-0.08000000000000007,-0.7098491570541267
SQ,11.1500,11.2800,11.0650,11.2700,2.51 M,10/12/16,0.08999999999999986,0.805008944543827
SQ,11.4200,11.5000,11.1400,11.1800,2.35 M,10/11/16,-0.2900000000000009,-2.5283347863993106
SQ,11.5400,11.7300,11.4400,11.4700,1.58 M,10/10/16,-0.009999999999999787,-0.08710801393728038
SQ,11.4000,11.4900,11.2800,11.4800,1.66 M,10/07/16,-0.03999999999999915,-0.3472222222222148
SQ,11.5500,11.6400,11.2900,11.5200,2.37 M,10/06/16,-0.16999999999999993,-1.4542343883661244
SQ,11.6500,11.7550,11.5500,11.6900,1.68 M,10/05/16,0.05999999999999872,0.5159071367153802
SQ,11.6300,11.8500,11.5800,11.6300,2.13 M,10/04/16,-0.03999999999999915,-0.3427592116538059
SQ,11.6100,11.8200,11.5200,11.6700,2.48 M,10/03/16,0.009999999999999787,0.08576329331046129
SQ,11.6900,11.7400,11.5900,11.6600,3.56 M,09/30/16,0.019999999999999574,0.17182130584192074
SQ,11.8000,11.8100,11.5900,11.6400,2.71 M,09/29/16,-0.1899999999999995,-1.6060862214708327
SQ,11.9300,12.0200,11.5600,11.8300,3.75 M,09/28/16,0.05000000000000071,0.4244482173174933
SQ,11.5200,11.8200,11.5100,11.7800,2.31 M,09/27/16,0.22999999999999865,1.9913419913419794
SQ,11.8300,11.8300,11.5100,11.5500,4.61 M,09/26/16,-0.27999999999999936,-2.3668639053254386
SQ,11.7400,11.9400,11.5500,11.8300,2.78 M,09/23/16,0.15000000000000036,1.2842465753424688
SQ,11.9000,11.9690,11.6600,11.6800,3.11 M,09/22/16,-0.22000000000000064,-1.8487394957983248
SQ,11.6600,11.9000,11.5800,11.9000,2.30 M,09/21/16,0.2400000000000002,2.0583190394511166
SQ,11.5500,11.7100,11.5001,11.6600,2.80 M,09/20/16,0.10999999999999943,0.9523809523809474
SQ,11.4600,11.6100,11.3550,11.5500,2.93 M,09/19/16,0.1800000000000015,1.5831134564643932
SQ,11.3500,11.5600,11.3000,11.3700,5.55 M,09/16/16,-0.010000000000001563,-0.08787346221442498
SQ,11.2500,11.3800,11.1400,11.3800,2.88 M,09/15/16,0.10000000000000142,0.8865248226950481
SQ,11.2800,11.3500,11.0200,11.2800,3.42 M,09/14/16,0.049999999999998934,0.44523597506677587
SQ,11.3000,11.4000,11.1131,11.2300,3.39 M,09/13/16,-0.09999999999999964,-0.8826125330979668
SQ,11.1500,11.3500,11.0210,11.3300,3.02 M,09/12/16,0.0600000000000005,0.532386867790599
SQ,11.6700,11.6750,11.1600,11.2700,5.31 M,09/09/16,-0.5099999999999998,-4.329371816638369
SQ,11.9000,11.9100,11.7400,11.7800,2.03 M,09/08/16,-0.15000000000000036,-1.2573344509639595
SQ,11.8300,11.9700,11.8300,11.9300,2.58 M,09/07/16,0.09999999999999964,0.8453085376162269
SQ,12.0500,12.1600,11.7900,11.8300,4.34 M,09/06/16,-0.22000000000000064,-1.8257261410788435
SQ,12.0500,12.0700,11.9000,12.0500,3.36 M,09/02/16,0.05000000000000071,0.41666666666667257
SQ,12.2100,12.2400,11.9900,12.0000,6.01 M,09/01/16,-0.1899999999999995,-1.5586546349466737
SQ,12.0400,12.2200,12.0200,12.1900,5.46 M,08/31/16,0.11999999999999922,0.994200497100242
SQ,11.9800,12.0900,11.9700,12.0700,3.75 M,08/30/16,0.0600000000000005,0.4995836802664488
SQ,11.8400,12.3200,11.7900,12.0100,4.37 M,08/29/16,-0.02999999999999936,-0.24916943521594154
SQ,12.3100,12.3200,11.9100,12.0400,6.47 M,08/26/16,-0.27000000000000135,-2.1933387489845764
SQ,12.1800,12.4100,12.1150,12.3100,6.61 M,08/25/16,0.15000000000000036,1.2335526315789502
SQ,12.4000,12.4000,12.1100,12.1600,6.77 M,08/24/16,-0.23000000000000043,-1.8563357546408428
SQ,12.3500,12.5400,12.1500,12.3900,19.08 M,08/23/16,0.5700000000000003,4.822335025380713
SQ,11.7800,11.8600,11.5900,11.8200,3.20 M,08/22/16,0.019999999999999574,0.1694915254237252
SQ,11.9300,12.0000,11.7800,11.8000,5.88 M,08/19/16,0.05000000000000071,0.4255319148936231
SQ,11.3800,11.8450,11.3700,11.7500,7.22 M,08/18/16,0.34999999999999964,3.070175438596488
SQ,11.5400,11.6100,11.3300,11.4000,4.81 M,08/17/16,-0.2400000000000002,-2.0618556701030943
SQ,11.5400,11.7500,11.5000,11.6400,3.51 M,08/16/16,0.16000000000000014,1.3937282229965169
SQ,11.6200,11.6600,11.2500,11.4800,5.91 M,08/15/16,-0.17999999999999972,-1.5437392795883338
SQ,11.3300,11.7400,11.2300,11.6600,5.72 M,08/12/16,0.2900000000000009,2.5505716798592872
SQ,11.0800,11.4500,11.0800,11.3700,6.81 M,08/11/16,0.29999999999999893,2.710027100270993
SQ,11.2600,11.2600,10.9800,11.0700,3.38 M,08/10/16,-0.23000000000000043,-2.035398230088499
SQ,11.2700,11.4261,11.1900,11.3000,4.70 M,08/09/16,0.040000000000000924,0.3552397868561361
SQ,11.1300,11.4500,11.0400,11.2600,5.23 M,08/08/16,0.10999999999999943,0.9865470852017886
SQ,11.3200,11.4700,10.8500,11.1500,12.88 M,08/05/16,-0.16999999999999993,-1.5017667844522962
SQ,12.0900,12.2800,11.2600,11.3200,30.31 M,08/04/16,0.8800000000000008,8.429118773946369
SQ,10.0500,10.4700,10.0100,10.4400,8.04 M,08/03/16,0.3899999999999988,3.880597014925361
SQ,9.9100,10.2300,9.8500,10.0500,2.98 M,08/02/16,-0.1399999999999988,-1.3738959764474858
SQ,10.0200,10.3200,10.0200,10.1900,2.79 M,08/01/16,0.11999999999999922,1.191658391261164
SQ,10.1300,10.1500,9.9000,10.0700,2.72 M,07/29/16,-0.049999999999998934,-0.4940711462450488
SQ,10.1000,10.2800,10.0700,10.1200,2.13 M,07/28/16,-0.010000000000001563,-0.0987166831194626
SQ,10.2000,10.3000,10.0200,10.1300,3.08 M,07/27/16,0.030000000000001137,0.2970297029703083
SQ,9.7700,10.1800,9.7500,10.1000,2.82 M,07/26/16,0.25,2.5380710659898478
SQ,9.7100,10.1799,9.6501,9.8500,5.62 M,07/25/16,0.11999999999999922,1.2332990750256856
SQ,9.5000,9.7900,9.5000,9.7300,1.74 M,07/22/16,0.2699999999999996,2.854122621564477
SQ,9.5900,9.8910,9.4200,9.4600,2.69 M,07/21/16,-0.11999999999999922,-1.252609603340284
SQ,9.3400,9.6500,9.3100,9.5800,2.61 M,07/20/16,0.23000000000000043,2.4598930481283467
SQ,9.2400,9.4400,9.2200,9.3500,1.48 M,07/19/16,0.08000000000000007,0.8629989212513492
SQ,9.1200,9.3400,9.1000,9.2700,1.54 M,07/18/16,0.09999999999999964,1.0905125408942165
SQ,9.3300,9.3400,9.1000,9.1700,2.34 M,07/15/16,-0.1999999999999993,-2.134471718249726
SQ,9.3100,9.5000,9.3000,9.3700,1.85 M,07/14/16,0.08000000000000007,0.8611410118406898
SQ,9.4000,9.5000,9.2100,9.2900,1.83 M,07/13/16,-0.11000000000000121,-1.1702127659574597
SQ,9.2500,9.4000,9.2200,9.4000,1.61 M,07/12/16,0.16000000000000014,1.7316017316017331
SQ,9.3500,9.4500,9.1600,9.2400,2.61 M,07/11/16,-0.0600000000000005,-0.645161290322586
SQ,9.4000,9.4000,9.1700,9.3000,3.18 M,07/08/16,0.22000000000000064,2.422907488986791
SQ,9.0200,9.2000,8.9100,9.0800,2.74 M,07/07/16,0.08000000000000007,0.8888888888888897
SQ,8.8500,9.0500,8.7800,9.0000,1.18 M,07/06/16,0.0600000000000005,0.671140939597321
SQ,9.2000,9.2000,8.9100,8.9400,3.41 M,07/05/16,-0.33000000000000007,-3.559870550161813
SQ,9.2000,9.4200,9.0900,9.2700,4.21 M,07/01/16,0.21999999999999886,2.430939226519324
SQ,9.2400,9.2400,9.0000,9.0500,3.59 M,06/30/16,-0.25,-2.6881720430107525
SQ,9.0000,9.3200,8.9100,9.3000,3.37 M,06/29/16,0.40000000000000036,4.494382022471914
SQ,8.7500,9.0300,8.7100,8.9000,2.37 M,06/28/16,0.28000000000000114,3.2482598607888766
SQ,8.7200,8.7200,8.4200,8.6200,3.96 M,06/27/16,-0.15000000000000036,-1.7103762827822162
SQ,8.6800,8.8950,8.5200,8.7700,4.91 M,06/24/16,-0.3600000000000012,-3.9430449069003415
SQ,9.0500,9.1600,8.8500,9.1300,3.79 M,06/23/16,0.3500000000000014,3.9863325740319073
SQ,9.2800,9.4200,8.7500,8.7800,6.10 M,06/22/16,-0.5700000000000003,-6.096256684491982
SQ,9.2000,9.3800,9.1200,9.3500,2.59 M,06/21/16,0.15000000000000036,1.6304347826086996
SQ,8.9900,9.2800,8.8200,9.2000,4.26 M,06/20/16,0.16000000000000014,1.7699115044247804
SQ,8.9400,9.3234,8.9100,9.0400,4.08 M,06/17/16,-0.010000000000001563,-0.11049723756907803
SQ,8.6500,9.1100,8.6400,9.0500,2.88 M,06/16/16,-0.009999999999999787,-0.11037527593818748
SQ,8.8900,9.1400,8.6800,9.0600,3.24 M,06/15/16,0.16999999999999993,1.9122609673790767
SQ,8.9800,9.0600,8.8000,8.8900,3.51 M,06/14/16,-0.02999999999999936,-0.33632286995514976
SQ,9.1200,9.2600,8.8700,8.9200,3.51 M,06/13/16,-0.22000000000000064,-2.407002188183814
SQ,9.2700,9.4400,9.0450,9.1400,3.93 M,06/10/16,-0.1999999999999993,-2.141327623126331
SQ,9.4800,9.5900,9.3000,9.3400,2.50 M,06/09/16,-0.21000000000000085,-2.1989528795811606
SQ,9.5900,9.6700,9.3500,9.5500,2.95 M,06/08/16,-0.019999999999999574,-0.20898641588296316
SQ,9.4900,9.5900,9.4100,9.5700,2.52 M,06/07/16,0.0600000000000005,0.630914826498428
SQ,9.4200,9.5300,9.3500,9.5100,1.87 M,06/06/16,0.049999999999998934,0.5285412262156335
SQ,9.5700,9.5800,9.3300,9.4600,3.08 M,06/03/16,-0.1899999999999995,-1.9689119170984404
SQ,9.5000,9.6800,9.4000,9.6500,2.33 M,06/02/16,0.05000000000000071,0.5208333333333408
SQ,9.5000,9.6500,9.3500,9.6000,2.17 M,06/01/16,0.07000000000000028,0.7345225603357848
SQ,9.7000,9.7300,9.4600,9.5300,3.82 M,05/31/16,-0.10000000000000142,-1.0384215991692773
SQ,9.8800,9.9300,9.5000,9.6300,2.40 M,05/27/16,-0.11999999999999922,-1.2307692307692228
SQ,10.0000,10.1400,9.7500,9.7500,2.58 M,05/26/16,-0.25,-2.5
SQ,10.1300,10.1500,9.8100,10.0000,4.93 M,05/25/16,-0.14000000000000057,-1.3806706114398477
SQ,9.6300,10.2200,9.4800,10.1400,7.87 M,05/24/16,0.6799999999999997,7.188160676532766
SQ,9.6000,9.6800,9.4000,9.4600,4.96 M,05/23/16,0.07000000000000028,0.7454739084132085
SQ,9.6100,9.6600,9.2500,9.3900,4.17 M,05/20/16,-0.20999999999999908,-2.1874999999999907
SQ,9.3600,9.6500,9.2450,9.6000,3.79 M,05/19/16,0.1999999999999993,2.1276595744680775
SQ,9.1100,9.9900,9.1100,9.4000,5.26 M,05/18/16,0.22000000000000064,2.3965141612200505
SQ,8.9800,9.5627,8.6300,9.1800,13.09 M,05/17/16,0.019999999999999574,0.21834061135370714
SQ,9.3000,9.5600,8.9100,9.1600,5.49 M,05/16/16,-0.1999999999999993,-2.136752136752129
SQ,9.3000,9.6847,9.2800,9.3600,1.97 M,05/13/16,0.08000000000000007,0.8620689655172422
SQ,9.7800,9.8200,9.2000,9.2800,2.70 M,05/12/16,-0.40000000000000036,-4.132231404958682
SQ,10.2000,10.2000,9.6400,9.6800,2.43 M,05/11/16,-0.3200000000000003,-3.200000000000003
SQ,9.9500,10.1600,9.8000,10.0000,3.07 M,05/10/16,0.15000000000000036,1.5228426395939123
SQ,10.1700,10.4200,9.5685,9.8500,4.88 M,05/09/16,-0.370000000000001,-3.6203522504892462
SQ,10.8900,11.1900,10.1525,10.2200,13.72 M,05/06/16,-2.83,-21.685823754789272
SQ,13.5000,13.5800,12.8600,13.0500,4.97 M,05/05/16,-0.33999999999999986,-2.5392083644510817
SQ,13.4500,13.7400,12.9000,13.3900,3.14 M,05/04/16,-0.05999999999999872,-0.44609665427508344
SQ,13.8700,13.8700,13.2140,13.4500,2.26 M,05/03/16,-0.5500000000000007,-3.9285714285714337
SQ,14.9000,15.0000,13.7200,14.0000,2.55 M,05/02/16,-0.8900000000000006,-5.977165883143052
SQ,15.4200,15.5000,14.5200,14.8900,1.82 M,04/29/16,-0.4599999999999991,-2.996742671009766
SQ,14.6900,15.6700,14.5200,15.3500,3.02 M,04/28/16,0.6600000000000001,4.492852280462901
SQ,14.0000,14.8500,14.0000,14.6900,1.67 M,04/27/16,0.5099999999999998,3.596614950634695
SQ,13.6300,14.2880,13.6000,14.1800,1.70 M,04/26/16,0.5899999999999999,4.341427520235467
SQ,13.5500,14.2300,13.4100,13.5900,1.96 M,04/25/16,0.25,1.8740629685157422
SQ,13.2000,13.7900,13.1900,13.3400,1.59 M,04/22/16,0.09999999999999964,0.7552870090634414
SQ,13.6800,13.8300,13.0000,13.2400,2.09 M,04/21/16,-0.39000000000000057,-2.8613352898019118
SQ,14.0000,14.3500,13.3700,13.6300,4.21 M,04/20/16,-0.4599999999999991,-3.264726756564933
SQ,14.5900,14.7400,13.6300,14.0900,2.54 M,04/19/16,-0.41999999999999993,-2.8945554789800134
SQ,14.2000,14.7100,14.1300,14.5100,1.39 M,04/18/16,0.17999999999999972,1.2561060711793421
SQ,14.8500,14.8700,14.1800,14.3300,2.41 M,04/15/16,-0.4900000000000002,-3.306342780026992
SQ,15.1000,15.2500,14.6000,14.8200,1.75 M,04/14/16,-0.1899999999999995,-1.2658227848101233
SQ,15.5200,15.6800,14.7840,15.0100,2.65 M,04/13/16,-0.47000000000000064,-3.0361757105943195
SQ,15.5500,15.8100,15.0500,15.4800,2.36 M,04/12/16,0.120000000000001,0.7812500000000066
SQ,15.1500,15.8700,15.1300,15.3600,3.10 M,04/11/16,0.22999999999999865,1.520158625247843
SQ,15.0100,15.5000,14.7500,15.1300,1.87 M,04/08/16,0.3200000000000003,2.160702228224175
SQ,15.0000,15.2900,14.5100,14.8100,1.76 M,04/07/16,-0.16000000000000014,-1.0688042752171019
SQ,14.3900,15.2893,14.2750,14.9700,3.04 M,04/06/16,0.7100000000000009,4.978962131837314
SQ,14.0600,14.6300,13.8500,14.2600,1.89 M,04/05/16,-0.019999999999999574,-0.14005602240896062
SQ,14.2800,14.4000,13.7400,14.2800,2.24 M,04/04/16,0.05999999999999872,0.42194092827003316
SQ,15.2300,15.7600,14.0320,14.2200,4.78 M,04/01/16,-1.0599999999999987,-6.937172774869102
SQ,14.7500,15.9099,14.3700,15.2800,5.63 M,03/31/16,0.2599999999999998,1.7310252996005313
SQ,14.0300,15.1325,13.8000,15.0200,5.11 M,03/30/16,1.2799999999999994,9.315866084425032
SQ,13.3800,14.1800,13.1500,13.7400,3.61 M,03/29/16,0.33999999999999986,2.53731343283582
SQ,13.1100,13.7300,12.7710,13.4000,3.37 M,03/28/16,0.5199999999999996,4.037267080745338
SQ,12.3500,12.9900,12.3011,12.8800,1.77 M,03/24/16,0.2900000000000009,2.303415409054813
SQ,13.1900,13.8000,12.0600,12.5900,5.39 M,03/23/16,-0.47000000000000064,-3.5987748851454873
SQ,13.2500,13.4300,12.9500,13.0600,2.76 M,03/22/16,-0.33999999999999986,-2.53731343283582
SQ,12.0500,13.4800,12.0499,13.4000,5.10 M,03/21/16,1.3600000000000012,11.295681063122935
SQ,12.0000,12.0900,11.7500,12.0400,3.16 M,03/18/16,0.08999999999999986,0.7531380753138064
SQ,11.8300,12.0500,11.7501,11.9500,1.31 M,03/17/16,0.08000000000000007,0.6739679865206409
SQ,11.9500,12.0600,11.7260,11.8700,976980,03/16/16,-0.08000000000000007,-0.6694560669456073
SQ,11.6300,12.0000,11.2500,11.9500,1.76 M,03/15/16,0.33999999999999986,2.9285099052540904
SQ,11.1400,11.8300,11.0100,11.6100,3.55 M,03/14/16,0.5099999999999998,4.594594594594593
SQ,11.3900,11.4800,11.0100,11.1000,2.34 M,03/11/16,-0.20000000000000107,-1.7699115044247882
SQ,12.3800,12.4300,10.9000,11.3000,9.80 M,03/10/16,-0.7299999999999986,-6.068162926018276
SQ,11.7800,12.2000,11.2300,12.0300,5.85 M,03/09/16,0.5499999999999989,4.790940766550513
SQ,12.1600,12.2200,11.2300,11.4800,1.82 M,03/08/16,-0.7799999999999994,-6.362153344208805
SQ,12.0000,12.6450,11.9900,12.2600,2.09 M,03/07/16,0.25,2.0815986677768525
SQ,12.2500,12.4699,11.9101,12.0100,1.96 M,03/04/16,-0.2400000000000002,-1.9591836734693895
SQ,12.0300,12.6500,11.8700,12.2500,2.69 M,03/03/16,0.27999999999999936,2.339181286549702
SQ,10.8200,12.0000,10.8000,11.9700,2.66 M,03/02/16,1.25,11.66044776119403
SQ,10.6000,10.8500,10.2400,10.7200,905128,03/01/16,0.28000000000000114,2.681992337164762
SQ,10.3600,10.8800,10.3100,10.4400,1.07 M,02/29/16,0.11999999999999922,1.162790697674411
SQ,10.2500,10.5500,10.1510,10.3200,1.08 M,02/26/16,0.0600000000000005,0.5847953216374318
SQ,9.8500,10.3000,9.6300,10.2600,861134,02/25/16,0.3699999999999992,3.741152679474208
SQ,9.5800,9.9400,9.3201,9.8900,623011,02/24/16,0.17999999999999972,1.8537590113285243
SQ,10.3900,10.4050,9.4600,9.7100,1.00 M,02/23/16,-0.6699999999999999,-6.454720616570327
SQ,10.1540,10.5000,10.0700,10.3800,1.22 M,02/22/16,0.41000000000000014,4.112337011033101
SQ,10.1100,10.1100,9.7500,9.9700,1.04 M,02/19/16,-0.009999999999999787,-0.10020040080160107
SQ,9.8100,10.1000,9.8100,9.9800,954537,02/18/16,0.14000000000000057,1.4227642276422823
SQ,10.0500,10.1400,9.6900,9.8400,2.05 M,02/17/16,-0.08999999999999986,-0.9063444108761315
SQ,9.7500,10.2500,9.5200,9.9300,3.49 M,02/16/16,0.629999999999999,6.774193548387085
SQ,9.7000,9.8399,8.7100,9.3000,8.31 M,02/12/16,0.6800000000000015,7.888631090487256
SQ,8.4000,8.8100,8.3200,8.6200,1.10 M,02/11/16,-0.26000000000000156,-2.927927927927945
SQ,8.7600,9.0600,8.6300,8.8800,1.41 M,02/10/16,0.26000000000000156,3.016241299303963
SQ,8.2700,8.7200,8.2200,8.6200,1.80 M,02/09/16,0.25,2.9868578255675033
SQ,8.5000,8.6100,8.3396,8.3700,1.14 M,02/08/16,-0.26000000000000156,-3.012746234067225
SQ,8.9500,9.0000,8.5600,8.6300,1.87 M,02/05/16,-0.2699999999999996,-3.0337078651685343
SQ,8.4300,8.9770,8.3300,8.9000,1.04 M,02/04/16,0.47000000000000064,5.575326215895618
SQ,8.4000,8.6000,8.0610,8.4300,1.24 M,02/03/16,-0.040000000000000924,-0.472255017709574
SQ,8.6700,8.7300,8.4500,8.4700,663241,02/02/16,-0.28999999999999915,-3.3105022831050133
SQ,8.7900,8.8600,8.6000,8.7600,865385,02/01/16,-0.009999999999999787,-0.11402508551881171
SQ,8.7000,9.0100,8.5800,8.7700,1.99 M,01/29/16,0.02999999999999936,0.3432494279176128
SQ,9.1300,9.2600,8.6500,8.7400,1.20 M,01/28/16,-0.3100000000000005,-3.425414364640889
SQ,9.4100,9.5000,8.8800,9.0500,1.35 M,01/27/16,-0.48999999999999844,-5.136268343815498
SQ,9.7800,9.9000,9.5400,9.5400,756604,01/26/16,-0.27000000000000135,-2.752293577981665
SQ,9.8700,10.0800,9.7000,9.8100,737467,01/25/16,-0.03999999999999915,-0.40609137055836697
SQ,10.3500,10.6499,9.7500,9.8500,1.13 M,01/22/16,-0.16999999999999993,-1.696606786427145
SQ,9.5700,10.1760,9.4300,10.0200,1.38 M,01/21/16,0.5299999999999994,5.584826132771331
SQ,9.1900,9.5700,8.2650,9.4900,3.75 M,01/20/16,0.019999999999999574,0.21119324181625737
SQ,10.3300,10.4700,9.0500,9.4700,2.74 M,01/19/16,-0.7999999999999989,-7.789678675754614
SQ,10.6200,10.8000,10.1000,10.2700,1.20 M,01/15/16,-0.5500000000000007,-5.083179297597049
SQ,11.5100,11.6450,10.7900,10.8200,1.60 M,01/14/16,-0.7899999999999991,-6.804478897502146
SQ,12.0600,12.1700,11.0800,11.6100,2.10 M,01/13/16,-0.4800000000000004,-3.9702233250620385
SQ,11.9400,12.2251,11.7100,12.0900,2.14 M,01/12/16,0.25,2.1114864864864864
SQ,11.4300,11.8700,11.4000,11.8400,1.68 M,01/11/16,0.5299999999999994,4.686118479221921
SQ,11.2500,11.5400,11.2000,11.3100,587311,01/08/16,0.15000000000000036,1.3440860215053796
SQ,11.1300,11.3700,11.0000,11.1600,1.64 M,01/07/16,-0.35999999999999943,-3.124999999999995
SQ,11.5000,11.6400,11.0150,11.5200,1.85 M,01/06/16,0.009999999999999787,0.0868809730668965
SQ,12.2000,12.3400,11.5000,11.5100,2.35 M,01/05/16,-0.6500000000000004,-5.345394736842108
SQ,12.7500,12.9000,12.0500,12.1600,2.75 M,01/04/16,-0.9299999999999997,-7.104660045836514
SQ,12.7000,13.5000,12.6500,13.0900,2.46 M,12/31/15,0.3100000000000005,2.4256651017214437
SQ,12.6600,12.8300,12.5300,12.7800,939321,12/30/15,0.03999999999999915,0.3139717425431644
SQ,12.8300,12.8300,12.5000,12.7400,852340,12/29/15,-0.08999999999999986,-0.701480904130942
SQ,12.6000,12.8400,12.4900,12.8300,1.62 M,12/28/15,0.23000000000000043,1.825396825396829
SQ,12.5900,12.6000,12.4500,12.6000,318490,12/24/15,0.09999999999999964,0.7999999999999972
SQ,12.4100,12.6600,12.3100,12.5000,512322,12/23/15,0.03999999999999915,0.32102728731941527
SQ,12.3200,12.4600,12.1200,12.4600,502437,12/22/15,0.22000000000000064,1.7973856209150378
SQ,12.3700,12.4800,12.0200,12.2400,704399,12/21/15,-0.09999999999999964,-0.8103727714748755
SQ,12.4000,12.5800,12.1000,12.3400,1.61 M,12/18/15,0.019999999999999574,0.16233766233765887
SQ,12.3000,12.5000,12.2600,12.3200,618856,12/17/15,0.05000000000000071,0.40749796251019327
SQ,12.5500,12.8000,12.1300,12.2700,1.59 M,12/16/15,-0.20000000000000107,-1.6038492381716203
SQ,12.5000,12.7000,12.3050,12.4700,1.26 M,12/15/15,0.14000000000000057,1.1354420113544248
SQ,12.2000,12.4000,11.8700,12.3300,2.16 M,12/14/15,0.3800000000000008,3.1799163179916383
SQ,12.0000,12.0200,11.9000,11.9500,882507,12/11/15,-0.10000000000000142,-0.8298755186722109
SQ,12.0000,12.1300,11.9100,12.0500,711304,12/10/15,0.0600000000000005,0.5004170141784862
SQ,12.0000,12.2400,11.9000,11.9900,1.08 M,12/09/15,-0.129999999999999,-1.0726072607260644
SQ,12.3600,12.4400,12.0300,12.1200,1.05 M,12/08/15,-0.2400000000000002,-1.9417475728155358
SQ,12.1400,12.6000,12.1000,12.3600,2.66 M,12/07/15,0.3200000000000003,2.6578073089701024
SQ,11.9500,12.0400,11.8000,12.0400,1.33 M,12/04/15,0.11999999999999922,1.0067114093959666
SQ,12.0400,12.2500,11.9100,11.9200,1.43 M,12/03/15,-0.009999999999999787,-0.08382229673092864
SQ,11.9700,12.1550,11.9000,11.9300,1.71 M,12/02/15,0.019999999999999574,0.1679261125104918
SQ,12.1200,12.1800,11.8900,11.9100,1.26 M,12/01/15,-0.129999999999999,-1.0797342192690949
SQ,12.2800,12.3500,11.9000,12.0400,2.00 M,11/30/15,-0.010000000000001563,-0.08298755186723289
SQ,12.0500,12.3100,11.9000,12.0500,942319,11/27/15,0.15000000000000036,1.2605042016806751
SQ,12.1200,12.4000,11.8500,11.9000,3.58 M,11/25/15,-0.11999999999999922,-0.9983361064891783
SQ,12.0000,12.2300,11.5200,12.0200,4.71 M,11/24/15,-0.09999999999999964,-0.8250825082508222
SQ,13.0000,13.1500,12.1000,12.1200,5.17 M,11/23/15,-0.7300000000000004,-5.680933852140082
SQ,13.9200,14.0500,12.5000,12.8500,16.55 M,11/20/15,-0.22000000000000064,-1.6832440703902114