TRUE,9.6600,9.9000,9.4800,9.8500,1.55 M,04/26/18,0.20999999999999908,2.1784232365145133
TRUE,9.5800,9.7100,9.4600,9.6400,952545,04/25/18,0.040000000000000924,0.4166666666666763
TRUE,9.6200,9.7600,9.4800,9.6000,510101,04/24/18,-0.009999999999999787,-0.10405827263267209
TRUE,9.6500,9.7100,9.5200,9.6100,440761,04/23/18,-0.030000000000001137,-0.31120331950208646
TRUE,9.6100,9.7750,9.6000,9.6400,580578,04/20/18,-0.02999999999999936,-0.3102378490175735
TRUE,9.8300,9.8600,9.5500,9.6700,784052,04/19/18,-0.17999999999999972,-1.8274111675126876
TRUE,9.8000,9.9000,9.6200,9.8500,835431,04/18/18,0.09999999999999964,1.025641025641022
TRUE,9.6200,9.7800,9.5400,9.7500,892806,04/17/18,0.25,2.6315789473684212
TRUE,9.3700,9.5300,9.2200,9.5000,652121,04/16/18,0.22000000000000064,2.370689655172421
TRUE,9.4100,9.4500,9.1900,9.2800,505757,04/13/18,-0.08999999999999986,-0.9605122732123785
TRUE,9.3400,9.4600,9.2800,9.3700,493311,04/12/18,0.05999999999999872,0.6444683136412322
TRUE,9.1700,9.3300,9.1000,9.3100,573298,04/11/18,0.120000000000001,1.3057671381936997
TRUE,9.3700,9.4000,9.1700,9.1900,1.05 M,04/10/18,-0.05000000000000071,-0.5411255411255488
TRUE,9.3100,9.4500,9.2300,9.2400,652510,04/09/18,-0.03999999999999915,-0.43103448275861156
TRUE,9.3100,9.5200,9.2500,9.2800,916068,04/06/18,-0.05000000000000071,-0.5359056806002219
TRUE,9.5600,9.6400,9.2800,9.3300,1.39 M,04/05/18,-0.1899999999999995,-1.995798319327726
TRUE,9.2300,9.5600,9.1400,9.5200,2.09 M,04/04/18,0.11999999999999922,1.2765957446808427
TRUE,9.2900,9.4100,9.1050,9.4000,1.35 M,04/03/18,0.16000000000000014,1.7316017316017331
TRUE,9.4200,9.5700,9.2000,9.2400,1.33 M,04/02/18,-0.22000000000000064,-2.3255813953488436
TRUE,9.2500,9.4600,9.1200,9.4600,1.39 M,03/29/18,0.28000000000000114,3.050108932461886
TRUE,8.9800,9.3200,8.8800,9.1800,1.92 M,03/28/18,0.16000000000000014,1.7738359201773852
TRUE,9.3000,9.4800,8.9700,9.0200,1.99 M,03/27/18,-0.2400000000000002,-2.5917926565874754
TRUE,9.4400,9.6100,8.9800,9.2600,4.17 M,03/26/18,-0.0600000000000005,-0.6437768240343401
TRUE,9.7600,9.8500,9.3100,9.3200,1.76 M,03/23/18,-0.4800000000000004,-4.897959183673473
TRUE,9.5500,9.9500,9.5000,9.8000,3.05 M,03/22/18,-0.129999999999999,-1.309164149043293
TRUE,9.9500,10.0600,9.7800,9.9300,1.61 M,03/21/18,-0.009999999999999787,-0.10060362173038015
TRUE,10.1400,10.2200,9.6300,9.9400,3.63 M,03/20/18,-0.25,-2.4533856722276743
TRUE,10.7100,10.7100,10.0600,10.1900,2.21 M,03/19/18,-0.6100000000000012,-5.648148148148159
TRUE,10.8000,10.8600,10.6600,10.8000,1.37 M,03/16/18,0.010000000000001563,0.09267840593143248
TRUE,10.8500,10.9400,10.6450,10.7900,1.63 M,03/15/18,-0.07000000000000028,-0.6445672191528572
TRUE,11.0000,11.1100,10.7900,10.8600,1.28 M,03/14/18,-0.13000000000000078,-1.1828935395814448
TRUE,11.0200,11.2000,10.9100,10.9900,1.19 M,03/13/18,-0.03999999999999915,-0.3626473254759669
TRUE,11.1500,11.1800,10.9700,11.0300,918377,03/12/18,-0.07000000000000028,-0.6306306306306332
TRUE,11.1600,11.2100,11.0000,11.1000,1.33 M,03/09/18,0.009999999999999787,0.0901713255184832
TRUE,10.6900,11.1800,10.6900,11.0900,2.50 M,03/08/18,0.39000000000000057,3.6448598130841177
TRUE,10.6300,10.8900,10.5800,10.7000,1.58 M,03/07/18,0.02999999999999936,0.28116213683223396
TRUE,10.9000,10.9300,10.5600,10.6700,3.42 M,03/06/18,-0.21000000000000085,-1.9301470588235372
TRUE,10.8400,11.0900,10.7600,10.8800,1.92 M,03/05/18,-0.05999999999999872,-0.5484460694698238
TRUE,10.9000,10.9700,10.6350,10.9400,3.34 M,03/02/18,0.0,0.0
TRUE,11.0600,11.2000,10.9000,10.9400,2.60 M,03/01/18,-0.15000000000000036,-1.35256988277728
TRUE,11.1900,11.2138,10.9700,11.0900,1.91 M,02/28/18,-0.009999999999999787,-0.09009009009008817
TRUE,11.4100,11.4400,11.0900,11.1000,1.95 M,02/27/18,-0.3800000000000008,-3.3101045296167313
TRUE,11.6750,11.6750,11.2800,11.4800,1.49 M,02/26/18,0.09999999999999964,0.8787346221441092
TRUE,11.4000,11.7800,11.2600,11.3800,4.97 M,02/23/18,0.040000000000000924,0.35273368606702754
TRUE,11.1700,11.5900,11.1200,11.3400,1.16 M,02/22/18,0.2599999999999998,2.3465703971119116
TRUE,11.7000,11.8400,11.0550,11.0800,3.37 M,02/21/18,-0.6300000000000008,-5.380017079419306
TRUE,11.1900,12.0700,11.1100,11.7100,2.81 M,02/20/18,0.5300000000000011,4.740608228980332
TRUE,11.3600,11.3900,10.8500,11.1800,8.45 M,02/16/18,-0.7300000000000004,-6.129303106633085
TRUE,11.2800,12.0900,11.2300,11.9100,4.33 M,02/15/18,0.6600000000000001,5.866666666666668
TRUE,10.9700,11.3600,10.9000,11.2500,3.57 M,02/14/18,0.27500000000000036,2.505694760820049
TRUE,11.0000,11.1900,10.9000,10.9750,1.27 M,02/13/18,-0.11500000000000021,-1.036970243462581
TRUE,11.0600,11.1700,10.9000,11.0900,1.86 M,02/12/18,0.09999999999999964,0.9099181073703334
TRUE,11.1700,11.3300,10.9300,10.9900,1.99 M,02/09/18,-0.07000000000000028,-0.6329113924050659
TRUE,11.2500,11.3000,11.0100,11.0600,1.19 M,02/08/18,-0.09999999999999964,-0.8960573476702477
TRUE,10.9400,11.1650,10.9400,11.1600,1.08 M,02/07/18,0.14000000000000057,1.270417422867519
TRUE,10.7700,11.0300,10.7700,11.0200,2.27 M,02/06/18,0.03999999999999915,0.36429872495445487
TRUE,11.1200,11.4000,10.9700,10.9800,2.35 M,02/05/18,-0.2699999999999996,-2.3999999999999964
TRUE,10.9800,11.4600,10.7100,11.2500,2.45 M,02/02/18,-0.5,-4.25531914893617
TRUE,11.6800,11.9000,11.5000,11.7500,998238,02/01/18,-0.03999999999999915,-0.3392705682781947
TRUE,11.9500,12.0000,11.7600,11.7900,472501,01/31/18,-0.09000000000000163,-0.7575757575757713
TRUE,11.9600,12.0800,11.8400,11.8800,996387,01/30/18,-0.1899999999999995,-1.5741507870753895
TRUE,12.2000,12.3400,11.9200,12.0700,1.86 M,01/29/18,-0.1999999999999993,-1.629991850040744
TRUE,12.1100,12.3700,12.0900,12.2700,2.47 M,01/26/18,0.1999999999999993,1.6570008285004083
TRUE,12.4300,12.4950,12.0300,12.0700,1.14 M,01/25/18,-0.20999999999999908,-1.7100977198696994
TRUE,12.0200,12.6400,11.9500,12.2800,2.58 M,01/24/18,0.3699999999999992,3.106633081444158
TRUE,11.7100,11.9500,11.7001,11.9100,1.44 M,01/23/18,0.14000000000000057,1.1894647408666148
TRUE,11.6200,11.9500,11.4400,11.7700,1.11 M,01/22/18,0.07000000000000028,0.5982905982906007
TRUE,11.7700,11.8100,11.4900,11.7000,843240,01/19/18,-0.010000000000001563,-0.08539709649873238
TRUE,11.8500,12.1450,11.6900,11.7100,1.63 M,01/18/18,-0.1899999999999995,-1.5966386554621808
TRUE,11.8900,11.9200,11.7900,11.9000,415015,01/17/18,0.08999999999999986,0.7620660457239615
TRUE,11.7800,12.0100,11.6900,11.8100,1.00 M,01/16/18,0.07000000000000028,0.5962521294718934
TRUE,12.2300,12.2300,11.5800,11.7400,1.68 M,01/12/18,-0.4399999999999995,-3.612479474548436
TRUE,11.7200,12.2000,11.6631,12.1800,1.42 M,01/11/18,0.5299999999999994,4.54935622317596
TRUE,11.6300,11.7400,11.5400,11.6500,1.53 M,01/10/18,-0.02999999999999936,-0.2568493150684877
TRUE,11.5000,11.7100,11.3700,11.6800,1.01 M,01/09/18,0.16000000000000014,1.3888888888888902
TRUE,11.6800,11.7099,11.4400,11.5200,734273,01/08/18,-0.20000000000000107,-1.7064846416382342
TRUE,11.6600,11.8300,11.5900,11.7200,781330,01/05/18,0.120000000000001,1.0344827586206982
TRUE,11.4700,11.6400,11.3800,11.6000,650719,01/04/18,0.20999999999999908,1.8437225636523185
TRUE,11.3800,11.4700,11.2900,11.3900,1.28 M,01/03/18,0.009999999999999787,0.08787346221440936
TRUE,11.2900,11.4900,11.1950,11.3800,962230,01/02/18,0.1800000000000015,1.6071428571428705
TRUE,11.0100,11.2600,10.9300,11.2000,875403,12/29/17,0.22999999999999865,2.0966271649954296
TRUE,10.9900,11.0700,10.7700,10.9700,711497,12/28/17,0.02000000000000135,0.18264840182649636
TRUE,11.1000,11.1800,10.7600,10.9500,1.02 M,12/27/17,-0.15000000000000036,-1.3513513513513546
TRUE,11.2000,11.2700,11.0600,11.1000,617808,12/26/17,-0.17999999999999972,-1.5957446808510614
TRUE,11.2700,11.4600,11.1900,11.2800,992228,12/22/17,-0.0600000000000005,-0.5291005291005335
TRUE,11.5300,11.5400,11.2700,11.3400,1.19 M,12/21/17,-0.09999999999999964,-0.8741258741258711
TRUE,11.4800,11.6500,11.2500,11.4400,6.38 M,12/20/17,0.09999999999999964,0.8818342151675453
TRUE,11.4800,11.6400,11.3200,11.3400,1.12 M,12/19/17,-0.13000000000000078,-1.1333914559721079
TRUE,11.2800,11.4700,11.1700,11.4700,1.08 M,12/18/17,0.3200000000000003,2.869955156950675
TRUE,11.1800,11.3200,10.9500,11.1500,8.74 M,12/15/17,0.030000000000001137,0.26978417266188076
TRUE,11.3100,11.3300,11.0700,11.1200,1.78 M,12/14/17,-0.23000000000000043,-2.0264317180616778
TRUE,11.0400,11.4800,11.0200,11.3500,1.44 M,12/13/17,0.34999999999999964,3.1818181818181785
TRUE,11.0500,11.2100,10.9121,11.0000,1.14 M,12/12/17,-0.05000000000000071,-0.4524886877828118
TRUE,11.5600,11.5600,10.9400,11.0500,2.81 M,12/11/17,-0.6799999999999997,-5.79710144927536
TRUE,11.9000,12.0600,11.6500,11.7300,552295,12/08/17,-0.05999999999999872,-0.508905852417292
TRUE,11.3000,11.8100,11.2400,11.7900,586049,12/07/17,0.47999999999999865,4.244031830238715
TRUE,11.2500,11.5100,11.1900,11.3100,971130,12/06/17,0.02000000000000135,0.17714791851196945
TRUE,11.4900,11.5700,11.1850,11.2900,1.46 M,12/05/17,-0.22000000000000064,-1.9113814074717692
TRUE,12.1900,12.1900,11.4000,11.5100,1.31 M,12/04/17,-0.5600000000000005,-4.639602319801164
TRUE,12.2000,12.2200,11.7900,12.0700,1.13 M,12/01/17,-0.11999999999999922,-0.9844134536505269
TRUE,12.3000,12.3000,12.0700,12.1900,1.14 M,11/30/17,0.009999999999999787,0.08210180623973552
TRUE,12.1400,12.3200,11.9400,12.1800,1.12 M,11/29/17,0.10999999999999943,0.9113504556752231
TRUE,11.9000,12.1200,11.8200,12.0700,1.71 M,11/28/17,0.22000000000000064,1.8565400843881912
TRUE,11.7200,11.9000,11.6900,11.8500,2.26 M,11/27/17,0.11500000000000021,0.9799744354495119
TRUE,11.7500,11.9198,11.6800,11.7350,368898,11/24/17,0.04499999999999993,0.38494439692044424
TRUE,11.7800,11.8700,11.5400,11.6900,1.17 M,11/22/17,-0.05000000000000071,-0.4258943781942139
TRUE,11.4600,11.8800,11.4200,11.7400,1.40 M,11/21/17,0.45000000000000107,3.9858281665190534
TRUE,11.1100,11.3200,11.1100,11.2900,995445,11/20/17,0.1399999999999988,1.2556053811659085
TRUE,11.3400,11.4400,11.1000,11.1500,936694,11/17/17,-0.17999999999999972,-1.5887025595763435
TRUE,11.3200,11.5000,11.1800,11.3300,2.00 M,11/16/17,0.02999999999999936,0.2654867256637111
TRUE,11.0100,11.3800,11.0100,11.3000,1.53 M,11/15/17,0.19000000000000128,1.7101710171017217
TRUE,10.9500,11.3300,10.9100,11.1100,1.42 M,11/14/17,0.129999999999999,1.1839708561019946
TRUE,11.1400,11.1800,10.9510,10.9800,907410,11/13/17,-0.2400000000000002,-2.139037433155082
TRUE,10.9000,11.3200,10.9000,11.2200,1.43 M,11/10/17,0.3000000000000007,2.747252747252754
TRUE,10.3100,10.9900,10.1600,10.9200,2.05 M,11/09/17,0.5299999999999994,5.101058710298357
TRUE,10.5200,10.8400,10.3800,10.3900,4.87 M,11/08/17,-0.1899999999999995,-1.795841209829863
TRUE,11.4000,11.8900,10.4500,10.5800,18.25 M,11/07/17,-5.76,-35.250917992656056
TRUE,16.1000,16.4200,15.9400,16.3400,3.49 M,11/06/17,0.25,1.5537600994406464
TRUE,16.2700,16.4300,16.0900,16.0900,1.41 M,11/03/17,-0.19000000000000128,-1.167076167076175
TRUE,16.1500,16.4500,15.9300,16.2800,975634,11/02/17,0.19000000000000128,1.1808576755748992
TRUE,16.2100,16.2400,15.8400,16.0900,1.16 M,11/01/17,-0.08999999999999986,-0.5562422744128545
TRUE,16.0000,16.2000,15.8400,16.1800,1.04 M,10/31/17,0.07000000000000028,0.4345127250155201
TRUE,15.4300,16.1200,15.3000,16.1100,2.19 M,10/30/17,0.3849999999999998,2.4483306836247998
TRUE,15.3600,15.7300,15.2400,15.7250,917022,10/27/17,0.40499999999999936,2.6436031331592647
TRUE,14.6900,15.3600,14.4800,15.3200,2.16 M,10/26/17,0.33999999999999986,2.26969292389853
TRUE,15.5000,15.5300,14.8500,14.9800,1.64 M,10/25/17,-0.5399999999999991,-3.479381443298964
TRUE,15.5200,15.6900,15.2400,15.5200,890822,10/24/17,0.1999999999999993,1.305483028720622
TRUE,16.0200,16.0300,15.2000,15.3200,1.02 M,10/23/17,-0.6799999999999997,-4.249999999999998
TRUE,15.8200,16.1900,15.6300,16.0000,1.05 M,10/20/17,0.3100000000000005,1.9757807520713864
TRUE,15.5900,15.8000,15.5050,15.6900,778200,10/19/17,-0.02000000000000135,-0.1273074474856865
TRUE,15.2000,15.8700,15.2000,15.7100,1.22 M,10/18/17,0.6400000000000006,4.246848042468484
TRUE,15.0600,15.2700,14.9600,15.0700,940749,10/17/17,-0.08000000000000007,-0.5280528052805286
TRUE,15.5000,15.6200,15.0450,15.1500,1.68 M,10/16/17,-0.1999999999999993,-1.3029315960912007
TRUE,15.5500,15.7300,15.3300,15.3500,745959,10/13/17,-0.13000000000000078,-0.8397932816537518
TRUE,15.2100,15.6300,15.1301,15.4800,1.60 M,10/12/17,0.21000000000000085,1.3752455795677856
TRUE,15.4200,15.5500,15.2250,15.2700,1.33 M,10/11/17,-0.07000000000000028,-0.45632333767927175
TRUE,16.1400,16.1800,15.0700,15.3400,2.66 M,10/10/17,-0.6700000000000017,-4.184884447220497
TRUE,16.1100,16.3300,15.9700,16.0100,1.29 M,10/09/17,-0.09999999999999787,-0.6207324643078701
TRUE,16.2000,16.3750,15.8800,16.1100,2.48 M,10/06/17,-0.16000000000000014,-0.9834050399508306
TRUE,16.0600,16.3600,15.6600,16.2700,1.69 M,10/05/17,0.21999999999999886,1.3707165109034196
TRUE,15.9300,16.0950,15.8000,16.0500,1.18 M,10/04/17,0.08999999999999986,0.5639097744360893
TRUE,15.8700,16.0500,15.7500,15.9600,727200,10/03/17,0.14000000000000057,0.884955752212393
TRUE,16.2700,16.2700,15.6000,15.8200,1.66 M,10/02/17,0.030000000000001137,0.18999366687777794
TRUE,14.9300,15.8700,14.8800,15.7900,2.54 M,09/29/17,0.75,4.986702127659575
TRUE,14.6900,15.1500,14.4500,15.0400,1.84 M,09/28/17,0.3299999999999983,2.243371855880342
TRUE,14.8900,15.0300,14.6100,14.7100,1.66 M,09/27/17,-0.03999999999999915,-0.2711864406779603
TRUE,15.2300,15.4860,14.7000,14.7500,3.22 M,09/26/17,-0.3699999999999992,-2.447089947089942
TRUE,15.3400,15.4800,15.0400,15.1200,1.27 M,09/25/17,-0.2900000000000009,-1.881894873458799
TRUE,15.7700,15.8600,15.3800,15.4100,2.45 M,09/22/17,-0.4499999999999993,-2.8373266078184067
TRUE,16.2800,16.3400,15.8200,15.8600,1.32 M,09/21/17,-0.490000000000002,-2.996941896024477
TRUE,16.6200,16.6600,16.3300,16.3500,597211,09/20/17,-0.2799999999999976,-1.6837041491280673
TRUE,16.5400,16.7400,16.3700,16.6300,509729,09/19/17,0.08999999999999986,0.5441354292623933
TRUE,16.8300,16.8300,16.4300,16.5400,940159,09/18/17,-0.17999999999999972,-1.0765550239234434
TRUE,17.0700,17.1300,16.6700,16.7200,1.98 M,09/15/17,-0.3200000000000003,-1.8779342723004713
TRUE,17.0600,17.1100,16.9150,17.0400,542286,09/14/17,0.0,0.0
TRUE,16.8000,17.0900,16.7300,17.0400,1.79 M,09/13/17,0.34999999999999787,2.0970641102456433
TRUE,16.8900,17.0750,16.6500,16.6900,928406,09/12/17,-0.259999999999998,-1.5339233038347966
TRUE,17.0100,17.1800,16.8350,16.9500,640483,09/11/17,0.14000000000000057,0.8328375966686531
TRUE,16.9300,17.0300,16.7100,16.8100,558655,09/08/17,-0.14000000000000057,-0.8259587020649002
TRUE,17.0500,17.2400,16.8900,16.9500,1.22 M,09/07/17,-0.030000000000001137,-0.17667844522968867
TRUE,17.0000,17.1500,16.8400,16.9800,1.11 M,09/06/17,0.019999999999999574,0.11792452830188427
TRUE,16.8500,17.0500,16.7600,16.9600,983467,09/05/17,0.019999999999999574,0.11806375442738827
TRUE,16.9600,17.2200,16.7300,16.9400,771288,09/01/17,-0.00999999999999801,-0.05899705014748089
TRUE,16.7700,17.0000,16.7700,16.9500,805250,08/31/17,0.2699999999999996,1.6187050359712205
TRUE,16.7300,16.8800,16.5800,16.6800,693779,08/30/17,-0.05999999999999872,-0.35842293906809275
TRUE,16.3100,16.8800,16.3100,16.7400,480394,08/29/17,0.18999999999999773,1.1480362537764213
TRUE,16.4200,16.7000,16.3200,16.5500,755502,08/28/17,0.240000000000002,1.4714898835070631
TRUE,16.5200,16.5650,16.2500,16.3100,471631,08/25/17,-0.1700000000000017,-1.0315533980582627
TRUE,16.4500,16.8000,16.3300,16.4800,549367,08/24/17,0.14000000000000057,0.8567931456548382
TRUE,16.5700,16.5900,16.2900,16.3400,824907,08/23/17,-0.33000000000000185,-1.979604079184174
TRUE,16.5600,16.9900,16.5200,16.6700,1.36 M,08/22/17,0.120000000000001,0.7250755287009123
TRUE,16.6500,16.8300,16.3400,16.5500,995440,08/21/17,-0.120000000000001,-0.719856028794247
TRUE,16.2500,16.7500,16.1300,16.6700,837509,08/18/17,0.3200000000000003,1.9571865443425092
TRUE,16.5500,16.8000,16.3350,16.3500,1.03 M,08/17/17,-0.2699999999999996,-1.6245487364620912
TRUE,16.6200,16.8800,16.5500,16.6200,1.08 M,08/16/17,0.15000000000000213,0.9107468123861696
TRUE,16.0700,16.5950,15.9900,16.4700,1.52 M,08/15/17,0.4299999999999997,2.6807980049875297
TRUE,16.1300,16.2700,16.0000,16.0400,1.27 M,08/14/17,0.09999999999999964,0.6273525721455436
TRUE,15.7000,16.0000,15.6400,15.9400,1.79 M,08/11/17,0.1999999999999993,1.2706480304955483
TRUE,16.5200,16.6900,15.6700,15.7400,4.65 M,08/10/17,-0.9900000000000002,-5.917513448894203
TRUE,17.2600,17.5000,16.3500,16.7300,8.84 M,08/09/17,-2.780000000000001,-14.249103024090214
TRUE,19.6800,19.7100,19.3100,19.5100,2.26 M,08/08/17,-0.16999999999999815,-0.8638211382113727
TRUE,19.3000,19.7400,19.1600,19.6800,1.10 M,08/07/17,0.5300000000000011,2.7676240208877347
TRUE,18.8700,19.1800,18.8700,19.1500,1.43 M,08/04/17,0.34999999999999787,1.861702127659563
TRUE,18.3600,19.0400,18.1800,18.8000,1.64 M,08/03/17,0.4499999999999993,2.4523160762942737
TRUE,18.7900,18.8108,18.0400,18.3500,2.25 M,08/02/17,-0.389999999999997,-2.081109925293474
TRUE,19.0800,19.0900,18.7100,18.7400,1.19 M,08/01/17,-0.19000000000000128,-1.0036978341257332
TRUE,19.0400,19.0400,18.5450,18.9300,1.16 M,07/31/17,-0.08999999999999986,-0.4731861198738163
TRUE,18.6400,19.1000,18.5100,19.0200,1.03 M,07/28/17,0.25,1.3319126265316996
TRUE,19.6600,19.7790,18.1600,18.7700,3.41 M,07/27/17,-0.7899999999999991,-4.0388548057259674
TRUE,20.6400,20.7500,19.4850,19.5600,2.69 M,07/26/17,-1.25,-6.00672753483902
TRUE,20.1700,20.8800,20.0000,20.8100,1.06 M,07/25/17,0.8200000000000003,4.1020510255127585
TRUE,19.9500,20.0320,19.6900,19.9900,1.18 M,07/24/17,0.029999999999997584,0.1503006012023927
TRUE,20.4600,20.5200,19.8100,19.9600,1.02 M,07/21/17,-0.46000000000000085,-2.2526934378060766
TRUE,21.3600,21.3600,20.3750,20.4200,1.60 M,07/20/17,-0.8099999999999987,-3.8153556288271253
TRUE,21.1100,21.4400,21.1100,21.2300,725447,07/19/17,0.129999999999999,0.6161137440758246
TRUE,20.9300,21.2700,20.9200,21.1000,717634,07/18/17,0.10000000000000142,0.47619047619048294
TRUE,21.6700,21.7500,20.9600,21.0000,875802,07/17/17,-0.5599999999999987,-2.5974025974025916
TRUE,21.4700,21.7300,21.3300,21.5600,932358,07/14/17,0.16000000000000014,0.7476635514018699
TRUE,21.2400,21.5000,21.0100,21.4000,1.34 M,07/13/17,0.16000000000000014,0.7532956685499066
TRUE,21.1500,21.4900,21.1100,21.2400,1.42 M,07/12/17,0.33999999999999986,1.6267942583732051
TRUE,20.7300,21.0800,20.4900,20.9000,1.16 M,07/11/17,0.2099999999999973,1.01498308361526
TRUE,20.4300,20.7600,20.3900,20.6900,950094,07/10/17,0.3100000000000023,1.5210991167811692
TRUE,20.0500,20.5100,19.9800,20.3800,1.11 M,07/07/17,0.4499999999999993,2.257902659307573
TRUE,19.9200,20.1400,19.6822,19.9300,1.05 M,07/06/17,-0.16000000000000014,-0.7964161274265811
TRUE,19.9600,20.4100,19.9100,20.0900,1.32 M,07/05/17,0.16000000000000014,0.8028098344204724
TRUE,19.9000,20.2200,19.6300,19.9300,1.22 M,07/03/17,0.0,0.0
TRUE,19.0700,19.9600,19.0000,19.9300,2.22 M,06/30/17,0.8900000000000006,4.674369747899163
TRUE,19.1800,19.4313,18.5700,19.0400,952947,06/29/17,-0.23000000000000043,-1.1935651271406353
TRUE,18.4300,19.2900,18.2441,19.2700,1.12 M,06/28/17,0.9600000000000009,5.24303659202622
TRUE,18.3700,18.8000,18.0851,18.3100,934230,06/27/17,-0.15000000000000213,-0.8125677139761762
TRUE,18.3500,18.4800,17.7800,18.4600,1.17 M,06/26/17,0.16000000000000014,0.8743169398907111
TRUE,18.3600,18.4350,18.2000,18.3000,2.06 M,06/23/17,-0.029999999999997584,-0.16366612111291645
TRUE,18.5200,18.6000,18.1700,18.3300,1.42 M,06/22/17,-0.19000000000000128,-1.0259179265658818
TRUE,18.1900,18.5550,18.0660,18.5200,787473,06/21/17,0.4400000000000013,2.433628318584078
TRUE,18.8400,18.9300,18.0500,18.0800,723623,06/20/17,-0.8200000000000003,-4.33862433862434
TRUE,18.9800,19.0400,18.7100,18.9000,908660,06/19/17,0.04999999999999716,0.26525198938990535
TRUE,18.6600,18.8900,18.5200,18.8500,2.11 M,06/16/17,0.10000000000000142,0.5333333333333409
TRUE,18.2600,18.7800,18.0520,18.7500,995071,06/15/17,0.28999999999999915,1.5709642470205805
TRUE,18.7400,18.8900,18.3600,18.4600,917507,06/14/17,-0.3200000000000003,-1.7039403620873284
TRUE,18.6800,18.9363,18.5100,18.7800,1.43 M,06/13/17,0.1700000000000017,0.9134873723804499
TRUE,18.7300,18.8200,18.0300,18.6100,1.45 M,06/12/17,-0.3000000000000007,-1.586462189317825
TRUE,19.2500,19.6300,18.5600,18.9100,1.84 M,06/09/17,-0.35999999999999943,-1.868188894654901
TRUE,19.1300,19.3100,19.0700,19.2700,984450,06/08/17,0.120000000000001,0.626631853785906
TRUE,19.4200,19.6400,18.9900,19.1500,1.52 M,06/07/17,-0.10000000000000142,-0.5194805194805269
TRUE,18.5200,19.4700,18.5100,19.2500,2.93 M,06/06/17,0.7300000000000004,3.9416846652267843
TRUE,17.9100,18.6100,17.8300,18.5200,3.01 M,06/05/17,0.6099999999999994,3.4059184812953625
TRUE,17.8500,17.9700,17.6600,17.9100,1.38 M,06/02/17,0.07000000000000028,0.39237668161435135
TRUE,17.6000,17.8850,17.5100,17.8400,728877,06/01/17,0.26000000000000156,1.478953356086471
TRUE,17.5100,17.6300,17.0700,17.5800,1.06 M,05/31/17,0.16999999999999815,0.9764503159103857
TRUE,17.6500,17.8500,17.3300,17.4100,1.07 M,05/30/17,-0.41000000000000014,-2.3007856341189683
TRUE,17.7300,17.9700,17.6600,17.8200,1.46 M,05/26/17,0.03999999999999915,0.2249718785151808
TRUE,17.5100,17.8400,17.3970,17.7800,1.03 M,05/25/17,0.370000000000001,2.1252153934520446
TRUE,17.5900,17.6200,17.4000,17.4100,927234,05/24/17,-0.10000000000000142,-0.5711022272986945
TRUE,17.6500,17.7450,17.4000,17.5100,1.52 M,05/23/17,-0.06999999999999673,-0.39817974971556735
TRUE,17.5300,17.6400,17.3400,17.5800,1.85 M,05/22/17,0.06999999999999673,0.3997715591090618
TRUE,17.6500,17.8300,17.4700,17.5100,1.65 M,05/19/17,-0.029999999999997584,-0.17103762827820745
TRUE,16.8400,17.5700,16.7850,17.5400,2.19 M,05/18/17,0.6600000000000001,3.909952606635072
TRUE,17.9100,18.0200,16.8700,16.8800,3.08 M,05/17/17,-1.240000000000002,-6.843267108167781
TRUE,17.6800,18.2250,17.6600,18.1200,3.71 M,05/16/17,0.5400000000000027,3.071672354948821
TRUE,17.5000,17.6800,17.3400,17.5800,2.66 M,05/15/17,0.3099999999999987,1.7950202663578385
TRUE,17.2000,17.5800,16.9900,17.2700,2.44 M,05/12/17,-0.010000000000001563,-0.05787037037037941
TRUE,17.6800,17.6900,17.1100,17.2800,2.45 M,05/11/17,-0.5199999999999996,-2.921348314606739
TRUE,18.0000,18.7600,17.6900,17.8000,4.21 M,05/10/17,0.490000000000002,2.8307336799537954
TRUE,17.2300,17.3800,16.9700,17.3100,2.38 M,05/09/17,0.09999999999999787,0.5810575246949324
TRUE,17.3500,17.4200,17.1200,17.2100,1.84 M,05/08/17,-0.1999999999999993,-1.1487650775416387
TRUE,17.2500,17.5000,16.9700,17.4100,3.08 M,05/05/17,0.21000000000000085,1.2209302325581446
TRUE,17.2300,17.3700,16.9550,17.2000,1.02 M,05/04/17,0.0,0.0
TRUE,17.4000,17.4000,17.0300,17.2000,1.28 M,05/03/17,-0.3000000000000007,-1.7142857142857184
TRUE,17.8300,17.8500,17.3000,17.5000,1.60 M,05/02/17,-0.1700000000000017,-0.9620826259196473
TRUE,17.5900,17.8300,17.2700,17.6700,2.83 M,05/01/17,0.15000000000000213,0.856164383561656
TRUE,17.4600,17.6000,17.1000,17.5200,3.61 M,04/28/17,-0.05000000000000071,-0.2845759817871412
TRUE,17.1000,17.8600,16.9450,17.5700,9.37 M,04/27/17,0.8300000000000018,4.958183990442066
TRUE,16.5100,17.0900,16.5000,16.7400,3.31 M,04/26/17,0.2699999999999996,1.6393442622950796
TRUE,15.9000,16.5497,15.8600,16.4700,2.99 M,04/25/17,0.6199999999999992,3.911671924290216
TRUE,15.0600,15.8700,15.0150,15.8500,1.77 M,04/24/17,0.5899999999999999,3.866317169069462
TRUE,15.3500,15.4800,15.1900,15.2600,1.51 M,04/21/17,-0.0600000000000005,-0.3916449086161912
TRUE,15.2800,15.4700,15.1200,15.3200,1.18 M,04/20/17,0.10999999999999943,0.723208415516104
TRUE,14.6000,15.3000,14.6000,15.2100,1.41 M,04/19/17,0.5400000000000009,3.680981595092031
TRUE,14.4500,14.6700,14.3000,14.6700,1.17 M,04/18/17,0.1899999999999995,1.3121546961325932
TRUE,14.1700,14.5000,13.9100,14.4800,2.21 M,04/17/17,0.28000000000000114,1.971830985915501
TRUE,14.2500,14.3710,13.9700,14.2000,1.37 M,04/13/17,-0.11000000000000121,-0.7686932215234186
TRUE,14.4700,14.6400,14.1300,14.3100,1.11 M,04/12/17,-0.1899999999999995,-1.3103448275862035
TRUE,14.3400,14.5900,14.3100,14.5000,1.11 M,04/11/17,0.09999999999999964,0.694444444444442
TRUE,14.4700,14.6800,14.3000,14.4000,1.22 M,04/10/17,-0.07000000000000028,-0.48375950241879945
TRUE,14.4900,14.6100,14.2100,14.4700,2.04 M,04/07/17,-0.08000000000000007,-0.5498281786941586
TRUE,14.6700,14.8250,14.4800,14.5500,2.32 M,04/06/17,-0.08999999999999986,-0.6147540983606548
TRUE,14.9800,15.1450,14.5800,14.6400,2.40 M,04/05/17,-0.2699999999999996,-1.8108651911468785
TRUE,14.9600,15.0006,14.4500,14.9100,2.10 M,04/04/17,-0.07000000000000028,-0.4672897196261701
TRUE,15.5100,15.6000,14.8700,14.9800,2.48 M,04/03/17,-0.4900000000000002,-3.167420814479639
TRUE,15.6100,15.7800,15.3000,15.4700,1.58 M,03/31/17,-0.129999999999999,-0.8333333333333269
TRUE,15.6900,15.7500,15.3300,15.6000,1.78 M,03/30/17,-0.08000000000000007,-0.5102040816326535
TRUE,15.8000,15.9600,15.6600,15.6800,1.54 M,03/29/17,-0.15000000000000036,-0.947567909033483
TRUE,15.4600,15.9500,15.4400,15.8300,2.48 M,03/28/17,0.3800000000000008,2.459546925566348
TRUE,15.2200,15.5600,15.0200,15.4500,1.83 M,03/27/17,0.20999999999999908,1.3779527559055058
TRUE,15.2000,15.3500,15.0000,15.2400,1.45 M,03/24/17,0.10999999999999943,0.7270323859880993
TRUE,14.8600,15.4400,14.7300,15.1300,1.75 M,03/23/17,0.21000000000000085,1.4075067024128745
TRUE,14.6100,14.9600,14.3700,14.9200,1.12 M,03/22/17,0.28999999999999915,1.9822282980177657
TRUE,14.9800,15.0100,14.5400,14.6300,1.30 M,03/21/17,-0.2699999999999996,-1.8120805369127488
TRUE,14.9500,14.9600,14.7200,14.9000,363994,03/20/17,-0.02999999999999936,-0.2009377093101096
TRUE,14.8800,15.0400,14.6700,14.9300,968812,03/17/17,-0.0600000000000005,-0.40026684456304534
TRUE,14.9900,15.0300,14.7800,14.9900,511054,03/16/17,0.08999999999999986,0.6040268456375829
TRUE,14.5400,15.1350,14.5101,14.9000,2.08 M,03/15/17,0.40000000000000036,2.758620689655175
TRUE,14.4800,14.5600,14.1600,14.5000,703618,03/14/17,0.11999999999999922,0.8344923504867817
TRUE,14.4600,14.5100,14.3400,14.3800,616939,03/13/17,-0.10999999999999943,-0.7591442374051031
TRUE,14.5900,14.6400,14.3500,14.4900,553990,03/10/17,0.0,0.0
TRUE,14.6800,14.6900,14.4000,14.4900,685991,03/09/17,-0.20999999999999908,-1.4285714285714224
TRUE,14.9000,14.9200,14.6600,14.7000,505124,03/08/17,-0.08500000000000085,-0.5749070003381863
TRUE,14.8500,14.9650,14.7600,14.7850,635893,03/07/17,-0.07499999999999929,-0.5047106325706547
TRUE,14.6600,14.9200,14.5100,14.8600,1.31 M,03/06/17,0.019999999999999574,0.13477088948786775
TRUE,14.8000,14.8500,14.5100,14.8400,1.09 M,03/03/17,0.09999999999999964,0.6784260515603775
TRUE,14.5400,14.8700,14.4500,14.7400,1.74 M,03/02/17,0.13000000000000078,0.8898015058179383
TRUE,14.5600,14.6900,14.1501,14.6100,1.90 M,03/01/17,0.5499999999999989,3.911806543385483
TRUE,14.3400,14.4700,14.0600,14.0600,908978,02/28/17,-0.34999999999999964,-2.428868841082579
TRUE,14.2800,14.7300,14.2500,14.4100,1.71 M,02/27/17,0.13000000000000078,0.9103641456582688
TRUE,13.9500,14.3900,13.9400,14.2800,1.19 M,02/24/17,0.17999999999999972,1.2765957446808491
TRUE,14.2500,14.4000,13.9700,14.1000,1.32 M,02/23/17,-0.11000000000000121,-0.7741027445461027
TRUE,14.1700,14.3100,14.0300,14.2100,874067,02/22/17,-0.05999999999999872,-0.42046250875962665
TRUE,14.5600,14.7100,14.0800,14.2700,1.81 M,02/21/17,-0.11000000000000121,-0.7649513212795633
TRUE,15.2200,15.2600,14.1100,14.3800,4.78 M,02/17/17,1.1300000000000008,8.528301886792459
TRUE,13.4200,13.5299,12.9900,13.2500,2.15 M,02/16/17,-0.08999999999999986,-0.6746626686656662
TRUE,13.1600,13.5100,13.1600,13.3400,1.33 M,02/15/17,0.10999999999999943,0.8314436885865414
TRUE,13.1300,13.2700,13.0551,13.2300,613479,02/14/17,0.09999999999999964,0.7616146230007589
TRUE,13.3900,13.4800,13.0950,13.1300,532152,02/13/17,-0.1399999999999988,-1.0550113036925306
TRUE,13.0600,13.3600,13.0000,13.2700,477874,02/10/17,0.2599999999999998,1.998462720983857
TRUE,13.1900,13.2500,12.9200,13.0100,520681,02/09/17,-0.120000000000001,-0.9139375476009215
TRUE,13.2500,13.2890,12.9900,13.1300,428918,02/08/17,-0.16999999999999993,-1.2781954887218039
TRUE,13.4400,13.4800,13.2400,13.3000,543166,02/07/17,-0.16999999999999993,-1.262063845582776
TRUE,13.6500,13.8500,13.3100,13.4700,1.83 M,02/06/17,0.2400000000000002,1.8140589569161014
TRUE,13.2500,13.3300,13.1000,13.2300,551291,02/03/17,0.08000000000000007,0.6083650190114074
TRUE,13.1300,13.2500,12.9600,13.1500,581670,02/02/17,-0.0600000000000005,-0.45420136260409155
TRUE,13.2600,13.4400,13.0800,13.2100,624142,02/01/17,0.0600000000000005,0.4562737642585589
TRUE,13.0200,13.3400,12.9100,13.1500,986535,01/31/17,0.08000000000000007,0.6120887528691665
TRUE,12.8200,13.1300,12.5800,13.0700,720321,01/30/17,0.17999999999999972,1.3964313421256767
TRUE,12.9200,13.0050,12.8400,12.8900,326677,01/27/17,-0.03999999999999915,-0.3093580819798851
TRUE,12.7900,12.9800,12.7000,12.9300,280245,01/26/17,0.10999999999999943,0.8580343213728504
TRUE,13.0000,13.1200,12.7800,12.8200,345599,01/25/17,-0.129999999999999,-1.0038610038609963
TRUE,12.6000,13.0000,12.6000,12.9500,406043,01/24/17,0.34999999999999964,2.777777777777775
TRUE,12.7400,12.8800,12.4000,12.6000,402272,01/23/17,-0.14000000000000057,-1.0989010989011034
TRUE,13.0700,13.0700,12.7200,12.7400,434093,01/20/17,-0.379999999999999,-2.8963414634146267
TRUE,12.8800,13.2100,12.8500,13.1200,641640,01/19/17,0.25,1.9425019425019425
TRUE,12.8700,12.9600,12.7500,12.8700,213189,01/18/17,0.08000000000000007,0.6254886630179834
TRUE,12.8400,12.9300,12.7100,12.7900,687466,01/17/17,-0.20000000000000107,-1.5396458814472753
TRUE,13.0000,13.2900,12.9026,12.9900,628089,01/13/17,0.02999999999999936,0.23148148148147654
TRUE,12.9400,13.0000,12.7600,12.9600,299774,01/12/17,-0.02999999999999936,-0.23094688221708515
TRUE,13.0200,13.0200,12.7800,12.9900,272243,01/11/17,-0.03999999999999915,-0.3069838833461178
TRUE,12.9800,13.0787,12.5800,13.0300,558962,01/10/17,0.08999999999999986,0.695517774343121
TRUE,13.5900,13.9100,12.8200,12.9400,1.36 M,01/09/17,0.02999999999999936,0.23237800154918173
TRUE,13.0500,13.0500,12.7200,12.9100,798115,01/06/17,-0.08000000000000007,-0.6158583525789074
TRUE,12.7800,13.0900,12.7800,12.9900,927386,01/05/17,0.13000000000000078,1.0108864696734121
TRUE,12.5800,12.9200,12.5500,12.8600,1.04 M,01/04/17,0.34999999999999964,2.7977617905675434
TRUE,12.4200,12.9200,12.4200,12.5100,446171,01/03/17,0.009999999999999787,0.0799999999999983
TRUE,12.4800,12.5600,12.2900,12.5000,551657,12/30/16,0.02999999999999936,0.24057738572573664
TRUE,12.6000,12.7000,12.3700,12.4700,337021,12/29/16,-0.06999999999999851,-0.5582137161084411
TRUE,12.7800,12.8600,12.4950,12.5400,259400,12/28/16,-0.27000000000000135,-2.1077283372365443
TRUE,12.6800,12.8900,12.5400,12.8100,230843,12/27/16,0.19000000000000128,1.5055467511885998
TRUE,12.4800,12.6800,12.4400,12.6200,345585,12/23/16,0.129999999999999,1.0408326661328984
TRUE,12.7700,12.8200,12.4500,12.4900,524430,12/22/16,-0.2400000000000002,-1.8853102906520047
TRUE,13.0200,13.0600,12.6900,12.7300,404718,12/21/16,-0.33000000000000007,-2.526799387442573
TRUE,12.9600,13.1200,12.7410,13.0600,376821,12/20/16,0.120000000000001,0.9273570324575039
TRUE,12.6800,13.1000,12.6200,12.9400,553391,12/19/16,0.3699999999999992,2.9435163086714335
TRUE,12.5900,13.1400,12.4500,12.5700,1.41 M,12/16/16,0.030000000000001137,0.23923444976077463
TRUE,12.3100,12.7600,12.2350,12.5400,871136,12/15/16,0.25,2.0341741253051264
TRUE,12.4800,12.6600,12.2200,12.2900,445410,12/14/16,-0.21000000000000085,-1.6800000000000068
TRUE,12.3600,12.7300,12.2900,12.5000,498007,12/13/16,0.16999999999999993,1.3787510137875096
TRUE,12.9200,12.9200,12.2500,12.3300,690099,12/12/16,-0.6199999999999992,-4.787644787644782
TRUE,13.1500,13.2896,12.8501,12.9500,463016,12/09/16,-0.16000000000000014,-1.2204424103737617
TRUE,12.5600,13.1100,12.5100,13.1100,1.22 M,12/08/16,0.5599999999999987,4.462151394422301
TRUE,12.7500,12.8100,12.4400,12.5500,579548,12/07/16,0.11000000000000121,0.8842443729903634
TRUE,12.4400,12.5300,12.2300,12.4400,513984,12/06/16,0.019999999999999574,0.1610305958132011
TRUE,12.2600,12.6200,12.2600,12.4200,614883,12/05/16,0.16000000000000014,1.305057096247962
TRUE,12.0000,12.3400,11.8500,12.2600,472575,12/02/16,0.22000000000000064,1.827242524916949
TRUE,12.4400,12.5700,11.8350,12.0400,808137,12/01/16,-0.34000000000000163,-2.7463651050080906
TRUE,12.1700,12.5100,12.0200,12.3800,589408,11/30/16,0.27000000000000135,2.2295623451692927
TRUE,12.3600,12.3700,12.0600,12.1100,550140,11/29/16,-0.25,-2.022653721682848
TRUE,12.4800,12.5700,12.3400,12.3600,368637,11/28/16,-0.21000000000000085,-1.6706443914081213
TRUE,12.6800,12.7600,12.4500,12.5700,200496,11/25/16,-0.049999999999998934,-0.39619651347067303
TRUE,12.6300,12.7300,12.3300,12.6200,353338,11/23/16,-0.030000000000001137,-0.23715415019763744
TRUE,12.7700,12.8500,12.5600,12.6500,926014,11/22/16,-0.10999999999999943,-0.8620689655172369
TRUE,12.7000,12.9800,12.6000,12.7600,896597,11/21/16,0.08000000000000007,0.6309148264984233
TRUE,12.6500,12.6900,12.3800,12.6800,688479,11/18/16,0.049999999999998934,0.39588281868566055
TRUE,12.5000,13.0700,12.4800,12.6300,1.21 M,11/17/16,0.16999999999999993,1.3643659711075435
TRUE,12.0000,12.4900,11.9220,12.4600,857001,11/16/16,0.3600000000000012,2.975206611570258
TRUE,11.8500,12.4400,11.7700,12.1000,1.15 M,11/15/16,0.33999999999999986,2.891156462585033
TRUE,12.0000,12.0000,11.6100,11.7600,759015,11/14/16,-0.1899999999999995,-1.5899581589958118
TRUE,11.2700,11.9700,11.1600,11.9500,1.26 M,11/11/16,0.6699999999999999,5.939716312056738
TRUE,11.2200,11.6400,10.9300,11.2800,1.15 M,11/10/16,0.21999999999999886,1.9891500904159027
TRUE,10.3700,11.2300,10.3700,11.0600,1.03 M,11/09/16,-0.07000000000000028,-0.6289308176100654
TRUE,10.8700,11.2400,10.7700,11.1300,925925,11/08/16,0.16000000000000014,1.4585232452142218
TRUE,10.8100,11.2100,10.7801,10.9700,1.29 M,11/07/16,0.41999999999999993,3.981042654028435
TRUE,10.9000,11.1200,10.3700,10.5500,3.67 M,11/04/16,1.290000000000001,13.930885529157678
TRUE,9.5300,9.5500,9.1600,9.2600,745243,11/03/16,-0.2599999999999998,-2.7310924369747878
TRUE,9.7500,9.7600,9.4200,9.5200,456011,11/02/16,-0.22000000000000064,-2.25872689938399
TRUE,9.7000,9.8950,9.6500,9.7400,917798,11/01/16,0.08999999999999986,0.9326424870466307
TRUE,9.5800,9.7750,9.5500,9.6500,283877,10/31/16,0.0600000000000005,0.6256517205422367
TRUE,9.8900,10.0500,9.5600,9.5900,310143,10/28/16,-0.3200000000000003,-3.2290615539858756
TRUE,10.1100,10.2300,9.7800,9.9100,453774,10/27/16,-0.16000000000000014,-1.5888778550148972
TRUE,10.3500,10.3900,9.8500,10.0700,643540,10/26/16,-0.35999999999999943,-3.451581975071903
TRUE,10.4500,10.7000,10.4100,10.4300,644543,10/25/16,0.0,0.0
TRUE,10.0800,10.5500,9.9700,10.4300,1.94 M,10/24/16,0.6199999999999992,6.320081549439339
TRUE,9.4500,9.8400,9.4500,9.8100,269028,10/21/16,0.25,2.615062761506276
TRUE,9.4800,9.6100,9.3900,9.5600,231723,10/20/16,0.009999999999999787,0.10471204188481452
TRUE,9.4700,9.5700,9.4000,9.5500,300170,10/19/16,0.14000000000000057,1.487778958554735
TRUE,9.4500,9.6700,9.3200,9.4100,521351,10/18/16,0.10999999999999943,1.182795698924725
TRUE,9.0900,9.3100,9.0400,9.3000,447410,10/17/16,0.1800000000000015,1.9736842105263324
TRUE,9.1800,9.3500,8.6927,9.1200,182749,10/14/16,-0.030000000000001137,-0.3278688524590288
TRUE,9.1000,9.2300,8.9100,9.1500,306188,10/13/16,-0.019999999999999574,-0.21810250817883942
TRUE,9.1400,9.2800,9.0600,9.1700,281648,10/12/16,-0.009999999999999787,-0.10893246187363602
TRUE,9.2800,9.3600,9.0150,9.1800,481887,10/11/16,-0.1899999999999995,-2.0277481323372415
TRUE,9.2300,9.4600,9.2300,9.3700,172122,10/10/16,0.08000000000000007,0.8611410118406898
TRUE,9.5400,9.5400,8.4700,9.2900,834502,10/07/16,-0.21000000000000085,-2.2105263157894828
TRUE,9.5000,9.5300,9.3200,9.5000,487088,10/06/16,0.0,0.0
TRUE,9.6300,9.6500,9.4200,9.5000,429215,10/05/16,-0.0600000000000005,-0.6276150627615115
TRUE,9.5100,9.6300,9.4200,9.5600,550841,10/04/16,0.030000000000001137,0.31479538300106125
TRUE,9.3300,9.6450,9.2200,9.5300,473724,10/03/16,0.08999999999999986,0.9533898305084731
TRUE,9.3800,9.4900,9.1402,9.4400,773348,09/30/16,0.09999999999999964,1.0706638115631655
TRUE,9.2900,9.4300,9.1600,9.3400,707629,09/29/16,0.07000000000000028,0.7551240560949329
TRUE,9.0800,9.3000,9.0000,9.2700,491387,09/28/16,0.23000000000000043,2.5442477876106246
TRUE,8.8200,9.2000,8.6000,9.0400,459903,09/27/16,0.16999999999999993,1.9165727170236746
TRUE,8.9700,8.9700,8.7800,8.8700,331567,09/26/16,-0.120000000000001,-1.3348164627363848
TRUE,8.9500,9.0900,8.6500,8.9900,355525,09/23/16,-0.03999999999999915,-0.44296788482834054
TRUE,8.9200,9.0600,8.8950,9.0300,387293,09/22/16,0.20999999999999908,2.3809523809523703
TRUE,8.7500,8.9300,8.6300,8.8200,401368,09/21/16,0.120000000000001,1.3793103448275978
TRUE,8.8100,8.8100,8.6200,8.7000,529477,09/20/16,-0.10000000000000142,-1.1363636363636525
TRUE,8.4200,8.8600,8.2300,8.8000,1.47 M,09/19/16,0.41000000000000014,4.886769964243148
TRUE,8.4500,8.5100,8.3100,8.3900,1.78 M,09/16/16,-0.08999999999999986,-1.0613207547169794
TRUE,8.4700,8.5100,8.3000,8.4800,505761,09/15/16,-0.019999999999999574,-0.2352941176470538
TRUE,8.4700,8.5600,8.4300,8.5000,566008,09/14/16,-0.009999999999999787,-0.11750881316098458
TRUE,8.5200,8.5300,8.3300,8.5100,942698,09/13/16,-0.09999999999999964,-1.1614401858304257
TRUE,8.4200,8.6500,8.0900,8.6100,2.02 M,09/12/16,-0.22000000000000064,-2.491506228765579
TRUE,9.1900,9.3100,8.8300,8.8300,748156,09/09/16,-0.41999999999999993,-4.5405405405405395
TRUE,9.3700,9.4000,9.2200,9.2500,542409,09/08/16,-0.10999999999999943,-1.1752136752136693
TRUE,9.5300,9.6800,9.2600,9.3600,774402,09/07/16,-0.120000000000001,-1.265822784810137
TRUE,9.7400,9.8198,9.4500,9.4800,932546,09/06/16,-0.1899999999999995,-1.964839710444669
TRUE,9.8700,9.9400,9.6500,9.6700,584279,09/02/16,-0.16000000000000014,-1.6276703967446606
TRUE,9.6500,9.9200,9.6500,9.8300,939917,09/01/16,0.17999999999999972,1.8652849740932613
TRUE,9.6800,9.9700,9.4900,9.6500,982850,08/31/16,-0.019999999999999574,-0.20682523267838235
TRUE,10.1700,10.1700,9.6500,9.6700,1.08 M,08/30/16,0.16999999999999993,1.7894736842105257
TRUE,9.2600,9.7250,9.2400,9.5000,953169,08/29/16,0.23000000000000043,2.4811218985976313
TRUE,9.6000,9.8600,9.2000,9.2700,1.54 M,08/26/16,-0.33000000000000007,-3.437500000000001
TRUE,10.4000,10.5100,9.5500,9.6000,2.06 M,08/25/16,-1.0199999999999996,-9.604519774011296
TRUE,10.8300,10.8400,10.5500,10.6200,480049,08/24/16,-0.21000000000000085,-1.9390581717451603
TRUE,10.5700,10.8500,10.4500,10.8300,560943,08/23/16,0.22000000000000064,2.0735155513666412
TRUE,10.7700,10.7700,10.3500,10.6100,608703,08/22/16,-0.16000000000000014,-1.4856081708449411
TRUE,10.6900,10.8900,10.5500,10.7700,488547,08/19/16,0.07000000000000028,0.6542056074766383
TRUE,10.8700,11.0000,10.6000,10.7000,676828,08/18/16,-0.11000000000000121,-1.017576318223878
TRUE,10.8600,10.9100,10.5800,10.8100,483588,08/17/16,0.0,0.0
TRUE,10.7800,10.9600,10.5900,10.8100,900714,08/16/16,-0.03999999999999915,-0.3686635944700382
TRUE,10.7500,11.0000,10.5000,10.8500,588483,08/15/16,0.129999999999999,1.2126865671641698
TRUE,10.8100,10.8720,10.6000,10.7200,589891,08/12/16,-0.129999999999999,-1.1981566820276406
TRUE,10.9500,11.1300,10.6600,10.8500,667209,08/11/16,-0.07000000000000028,-0.6410256410256436
TRUE,10.8600,11.0000,10.6200,10.9200,931410,08/10/16,0.07000000000000028,0.6451612903225833
TRUE,10.7300,11.1300,10.6800,10.8500,1.41 M,08/09/16,0.16999999999999993,1.5917602996254676
TRUE,10.4100,10.9500,10.2800,10.6800,1.02 M,08/08/16,0.4499999999999993,4.398826979472133
TRUE,10.0000,10.4200,9.9500,10.2300,1.92 M,08/05/16,0.3000000000000007,3.0211480362537837
TRUE,9.3000,10.0000,9.3000,9.9300,1.20 M,08/04/16,0.6500000000000004,7.00431034482759
TRUE,9.1500,9.3800,9.0100,9.2800,314810,08/03/16,0.1899999999999995,2.0902090209020847
TRUE,9.7500,9.7900,9.0700,9.0900,622855,08/02/16,-0.6699999999999999,-6.864754098360656
TRUE,9.4500,9.7900,9.3200,9.7600,843721,08/01/16,0.39000000000000057,4.162219850586986
TRUE,9.0800,9.4400,8.8500,9.3700,484825,07/29/16,0.21999999999999886,2.404371584699441
TRUE,9.2500,9.4100,9.0200,9.1500,466796,07/28/16,-0.07000000000000028,-0.7592190889370963
TRUE,9.4500,9.6200,9.1900,9.2200,701946,07/27/16,-0.22999999999999865,-2.4338624338624197
TRUE,9.3200,9.4500,9.2600,9.4500,247419,07/26/16,0.17999999999999972,1.941747572815531
TRUE,8.9100,9.4500,8.9100,9.2700,715371,07/25/16,0.27999999999999936,3.114571746384865
TRUE,8.8600,9.0200,8.7898,8.9900,207906,07/22/16,0.10999999999999943,1.2387387387387323
TRUE,8.8400,9.1100,8.8400,8.8800,367381,07/21/16,0.0600000000000005,0.680272108843543
TRUE,8.5800,8.9850,8.3110,8.8200,408646,07/20/16,0.20000000000000107,2.3201856148492004
TRUE,8.6800,8.8400,8.6000,8.6200,262260,07/19/16,-0.040000000000000924,-0.4618937644341908
TRUE,8.5000,8.7100,8.4700,8.6600,603842,07/18/16,0.2599999999999998,3.0952380952380927
TRUE,8.6600,8.6600,8.2500,8.4000,999405,07/15/16,-0.16999999999999993,-1.9836639439906643
TRUE,8.7500,8.8136,8.5202,8.5700,355552,07/14/16,-0.049999999999998934,-0.5800464037122847
TRUE,9.1200,9.1600,8.5500,8.6200,730632,07/13/16,-0.46000000000000085,-5.066079295154195
TRUE,8.9700,9.2500,8.9700,9.0800,536760,07/12/16,0.16000000000000014,1.793721973094172
TRUE,8.6900,9.0000,8.6900,8.9200,313807,07/11/16,0.1999999999999993,2.2935779816513677
TRUE,8.0000,8.7600,7.9400,8.7200,982402,07/08/16,0.6500000000000004,8.054522924411403
TRUE,7.9900,8.1400,7.9200,8.0700,477442,07/07/16,0.1200000000000001,1.5094339622641522
TRUE,7.7900,8.1500,7.7700,7.9500,416825,07/06/16,0.07000000000000028,0.8883248730964504
TRUE,7.8500,7.9500,7.6300,7.8800,401996,07/05/16,-0.08999999999999986,-1.1292346298619806
TRUE,7.8100,8.1600,7.8100,7.9700,775397,07/01/16,0.1200000000000001,1.528662420382167
TRUE,7.8700,7.9375,7.6600,7.8500,432069,06/30/16,-0.020000000000000462,-0.2541296060991164
TRUE,7.5400,7.9800,7.4500,7.8700,331687,06/29/16,0.41000000000000014,5.495978552278823
TRUE,7.4100,7.7000,7.3700,7.4600,667240,06/28/16,0.14499999999999957,1.9822282980177657
TRUE,7.6800,7.7300,7.2000,7.3150,903730,06/27/16,-0.5149999999999997,-6.577266922094505
TRUE,7.5300,7.8400,7.0600,7.8300,1.16 M,06/24/16,-0.040000000000000036,-0.5082592121982216
TRUE,7.4800,7.8800,7.4250,7.8700,608425,06/23/16,0.4850000000000003,6.5673662830060975
TRUE,7.3800,7.6000,7.3260,7.3850,296246,06/22/16,-0.03500000000000014,-0.47169811320754906
TRUE,7.3600,7.4600,7.2700,7.4200,339048,06/21/16,0.07000000000000028,0.9523809523809563
TRUE,7.1700,7.4400,7.1000,7.3500,411003,06/20/16,0.23999999999999932,3.375527426160328
TRUE,6.9900,7.1900,6.9050,7.1100,890450,06/17/16,0.14000000000000057,2.0086083213773396
TRUE,6.9100,6.9800,6.5800,6.9700,612222,06/16/16,0.0,0.0
TRUE,6.7100,7.1150,6.6400,6.9700,539832,06/15/16,0.2699999999999996,4.02985074626865
TRUE,6.5900,6.7900,6.5100,6.7000,403660,06/14/16,0.11000000000000032,1.6691957511380928
TRUE,6.5500,6.8599,6.5500,6.5900,407839,06/13/16,-0.03000000000000025,-0.45317220543807024
TRUE,6.9300,6.9300,6.6000,6.6200,537140,06/10/16,-0.39999999999999947,-5.69800569800569
TRUE,7.1900,7.1900,6.9500,7.0200,388936,06/09/16,-0.23000000000000043,-3.172413793103454
TRUE,7.3800,7.4700,7.2300,7.2500,378028,06/08/16,-0.11000000000000032,-1.4945652173913087
TRUE,7.4400,7.4900,7.3000,7.3600,300883,06/07/16,-0.02999999999999936,-0.4059539918809115
TRUE,7.1000,7.4750,7.1000,7.3900,470603,06/06/16,0.28499999999999925,4.011259676284296
TRUE,7.2600,7.3069,6.8700,7.1050,394943,06/03/16,-0.15499999999999936,-2.134986225895308
TRUE,7.1800,7.3500,7.1600,7.2600,410104,06/02/16,0.05999999999999961,0.8333333333333279
TRUE,7.5700,7.5900,7.1100,7.2000,1.06 M,06/01/16,-0.3899999999999997,-5.138339920948613
TRUE,7.4500,7.7700,7.4500,7.5900,451966,05/31/16,0.16000000000000014,2.1534320323014824
TRUE,7.1900,7.4700,7.1900,7.4300,462888,05/27/16,0.22999999999999954,3.194444444444438
TRUE,7.2600,7.2650,7.0900,7.2000,222369,05/26/16,-0.05999999999999961,-0.8264462809917302
TRUE,7.1900,7.3200,7.0100,7.2600,541870,05/25/16,0.1299999999999999,1.8232819074333786
TRUE,7.0800,7.2899,6.9800,7.1300,612333,05/24/16,0.16000000000000014,2.295552367288381
TRUE,7.1700,7.5900,6.9500,6.9700,1.10 M,05/23/16,-0.2400000000000002,-3.3287101248266326
TRUE,6.6800,7.2200,6.6800,7.2100,559091,05/20/16,0.5199999999999996,7.7727952167413985
TRUE,6.6500,6.8400,6.5600,6.6900,673515,05/19/16,-0.02999999999999936,-0.4464285714285619
TRUE,6.6700,6.7900,6.6030,6.7200,655843,05/18/16,0.009999999999999787,0.149031296572277
TRUE,6.4600,6.7200,6.4600,6.7100,965290,05/17/16,0.2400000000000002,3.709428129829988
TRUE,6.3800,6.4700,6.3000,6.4700,475854,05/16/16,0.14999999999999947,2.3734177215189787
TRUE,6.1800,6.3300,6.1300,6.3200,482784,05/13/16,0.1200000000000001,1.9354838709677435
TRUE,6.2700,6.3800,6.0900,6.2000,618658,05/12/16,-0.040000000000000036,-0.6410256410256415
TRUE,6.4700,6.6150,6.2200,6.2400,701546,05/11/16,-0.2400000000000002,-3.703703703703707
TRUE,5.9200,6.5000,5.8900,6.4800,1.06 M,05/10/16,0.6200000000000001,10.580204778156999
TRUE,5.9900,5.9900,5.7100,5.8600,828860,05/09/16,-0.1299999999999999,-2.1702838063439045
TRUE,6.2800,6.5500,5.7700,5.9900,1.23 M,05/06/16,-0.2699999999999996,-4.3130990415335395
TRUE,6.5000,6.5000,6.0900,6.2600,1.08 M,05/05/16,-0.16000000000000014,-2.4922118380062326
TRUE,6.1200,6.6300,6.0700,6.4200,1.04 M,05/04/16,0.28000000000000025,4.560260586319223
TRUE,6.3700,6.5591,6.0300,6.1400,654928,05/03/16,-0.28000000000000025,-4.3613707165109075
TRUE,6.7800,6.8000,6.2500,6.4200,1.64 M,05/02/16,-0.41999999999999993,-6.140350877192981
TRUE,6.2900,7.8000,6.0100,6.8400,4.46 M,04/29/16,0.5499999999999998,8.74403815580286
TRUE,6.2100,6.4800,6.2000,6.2900,479078,04/28/16,0.08999999999999986,1.451612903225804
TRUE,6.2100,6.2800,6.1300,6.2000,213797,04/27/16,-0.0699999999999994,-1.1164274322168963
TRUE,6.1900,6.3000,6.1450,6.2700,301023,04/26/16,0.13999999999999968,2.2838499184339263
TRUE,6.2600,6.4400,6.1200,6.1300,426418,04/25/16,-0.1900000000000004,-3.006329113924057
TRUE,6.6800,6.8000,6.0999,6.3200,772089,04/22/16,-0.4399999999999995,-6.508875739644964
TRUE,6.4000,7.0000,6.4000,6.7600,836035,04/21/16,0.3700000000000001,5.790297339593117
TRUE,6.0800,6.5300,6.0200,6.3900,752102,04/20/16,0.33000000000000007,5.445544554455447
TRUE,6.3500,6.4500,5.9900,6.0600,467751,04/19/16,-0.25,-3.9619651347068148
TRUE,6.2800,6.4800,6.1400,6.3100,507492,04/18/16,0.02999999999999936,0.47770700636941654
TRUE,6.3600,6.4400,6.2100,6.2800,398361,04/15/16,-0.1200000000000001,-1.8750000000000016
TRUE,6.0700,6.5000,5.9733,6.4000,777540,04/14/16,0.34000000000000075,5.610561056105623
TRUE,5.4900,6.0700,5.4700,6.0600,599895,04/13/16,0.6099999999999994,11.192660550458704
TRUE,5.3000,5.5300,5.2100,5.4500,403178,04/12/16,0.08999999999999986,1.6791044776119375
TRUE,5.3300,5.6400,5.3200,5.3600,450117,04/11/16,0.05000000000000071,0.9416195856873958
TRUE,5.2800,5.3900,5.1600,5.3100,363117,04/08/16,0.08999999999999986,1.7241379310344802
TRUE,5.2200,5.3700,5.1800,5.2200,294305,04/07/16,-0.04999999999999982,-0.9487666034155565
TRUE,5.2200,5.3600,5.1400,5.2700,470137,04/06/16,0.05999999999999961,1.1516314779270558
TRUE,5.2700,5.3200,5.1250,5.2100,490153,04/05/16,-0.05999999999999961,-1.1385199240986643
TRUE,5.3100,5.4400,5.1600,5.2700,426116,04/04/16,-0.020000000000000462,-0.3780718336484019
TRUE,5.4800,5.6500,5.2100,5.2900,622376,04/01/16,-0.2999999999999998,-5.366726296958852
TRUE,5.5300,5.8850,5.4900,5.5900,1.12 M,03/31/16,0.07000000000000028,1.2681159420289907
TRUE,5.4900,5.6700,5.4700,5.5200,421727,03/30/16,0.09999999999999964,1.8450184501844953
TRUE,5.2100,5.4800,5.0500,5.4200,468273,03/29/16,0.17999999999999972,3.4351145038167883
TRUE,5.3600,5.4699,5.0500,5.2400,678668,03/28/16,-0.10999999999999943,-2.0560747663551298
TRUE,5.7200,5.7200,5.3000,5.3500,455278,03/24/16,-0.3100000000000005,-5.47703180212015
TRUE,6.0600,6.1700,5.6000,5.6600,676358,03/23/16,-0.4500000000000002,-7.364975450081835
TRUE,6.1700,6.2800,6.0900,6.1100,307849,03/22/16,-0.08000000000000007,-1.2924071082390964
TRUE,6.0300,6.4900,5.8500,6.1900,461727,03/21/16,0.1200000000000001,1.9769357495881401
TRUE,6.1200,6.2300,5.9901,6.0700,1.42 M,03/18/16,0.1299999999999999,2.188552188552187
TRUE,5.6600,6.0150,5.6100,5.9400,670901,03/17/16,0.29000000000000004,5.132743362831858
TRUE,5.7800,5.9300,5.5400,5.6500,562738,03/16/16,-0.13999999999999968,-2.417962003454226
TRUE,5.7800,5.9700,5.6400,5.7900,755750,03/15/16,-0.2400000000000002,-3.9800995024875654
TRUE,5.9000,6.2200,5.8601,6.0300,548712,03/14/16,0.16000000000000014,2.7257240204429327
TRUE,5.9700,6.0000,5.7400,5.8700,414071,03/11/16,-0.040000000000000036,-0.6768189509306266
TRUE,5.6800,5.9400,5.6100,5.9100,765162,03/10/16,0.21999999999999975,3.86643233743409
TRUE,5.9700,6.0000,5.6500,5.6900,515403,03/09/16,-0.21999999999999975,-3.7225042301184392
TRUE,6.3600,6.4400,5.8850,5.9100,872825,03/08/16,-0.4900000000000002,-7.656250000000003
TRUE,6.0400,6.4300,6.0100,6.4000,861693,03/07/16,0.41000000000000014,6.8447412353923225
TRUE,5.9000,6.2600,5.6300,5.9900,1.10 M,03/04/16,0.03000000000000025,0.5033557046979907
TRUE,5.9800,6.0700,5.8800,5.9600,744956,03/03/16,-0.040000000000000036,-0.6666666666666673
TRUE,5.6500,6.1000,5.5300,6.0000,1.14 M,03/02/16,0.34999999999999964,6.194690265486719
TRUE,5.5000,6.1100,5.4700,5.6500,1.72 M,03/01/16,0.22000000000000064,4.05156537753224
TRUE,5.2900,5.5972,5.1850,5.4300,649527,02/29/16,0.10999999999999943,2.06766917293232
TRUE,4.9200,5.3550,4.9199,5.3200,930248,02/26/16,0.47000000000000064,9.69072164948455
TRUE,4.8800,4.9500,4.7000,4.8500,659863,02/25/16,0.02999999999999936,0.6224066390041361
TRUE,4.6500,4.8500,4.4180,4.8200,959376,02/24/16,0.11000000000000032,2.3354564755838707
TRUE,4.7400,4.8750,4.6600,4.7100,1.28 M,02/23/16,-0.07000000000000028,-1.4644351464435206
TRUE,5.0400,5.2499,4.6900,4.7800,1.51 M,02/22/16,-0.2599999999999998,-5.158730158730155
TRUE,4.5000,5.0700,4.4701,5.0400,5.72 M,02/19/16,-0.7299999999999995,-12.651646447140374
TRUE,6.0000,6.1600,5.7200,5.7700,1.87 M,02/18/16,-0.13000000000000078,-2.203389830508488
TRUE,5.8500,6.1000,5.8200,5.9000,811832,02/17/16,0.14000000000000057,2.4305555555555656
TRUE,5.5800,5.8900,5.5500,5.7600,696563,02/16/16,0.22999999999999954,4.159132007233264
TRUE,5.5400,5.7890,5.4200,5.5300,754429,02/12/16,0.15000000000000036,2.7881040892193374
TRUE,4.9700,5.4500,4.9200,5.3800,616664,02/11/16,0.2699999999999996,5.28375733855185
TRUE,5.1000,5.3400,4.9900,5.1100,592742,02/10/16,0.0,0.0
TRUE,5.0000,5.2000,4.7600,5.1100,901541,02/09/16,-0.1299999999999999,-2.480916030534349
TRUE,5.3800,5.5000,4.5000,5.2400,971965,02/08/16,-0.25,-4.553734061930783
TRUE,5.9000,5.9600,5.4800,5.4900,1.01 M,02/05/16,-0.4900000000000002,-8.193979933110372
TRUE,5.6900,6.1200,5.6900,5.9800,462510,02/04/16,0.2600000000000007,4.545454545454557
TRUE,5.6900,5.9600,5.4300,5.7200,548819,02/03/16,-0.3200000000000003,-5.298013245033117
TRUE,6.1500,6.3200,5.9100,6.0400,577862,02/02/16,-0.25,-3.97456279809221
TRUE,6.3500,6.4100,5.9000,6.2900,838961,02/01/16,-0.1900000000000004,-2.9320987654321047
TRUE,6.8900,6.8900,6.3300,6.4800,540765,01/29/16,0.03000000000000025,0.46511627906977127
TRUE,6.5100,6.7900,6.4000,6.4500,1.06 M,01/28/16,-0.03000000000000025,-0.4629629629629668
TRUE,6.1900,6.6500,6.0900,6.4800,1.32 M,01/27/16,0.35000000000000053,5.709624796084838
TRUE,6.2200,6.3199,5.9650,6.1300,348620,01/26/16,-0.08000000000000007,-1.2882447665056371
TRUE,6.3200,6.4700,6.1300,6.2100,325140,01/25/16,-0.23000000000000043,-3.571428571428578
TRUE,6.3400,6.8100,6.3400,6.4400,756237,01/22/16,0.25,4.038772213247173
TRUE,5.8300,6.3900,5.5300,6.1900,1.20 M,01/21/16,0.3600000000000003,6.174957118353349
TRUE,6.0500,6.0500,5.6000,5.8300,1.79 M,01/20/16,-0.3700000000000001,-5.967741935483873
TRUE,6.6300,6.6300,6.0350,6.2000,981949,01/19/16,-0.34999999999999964,-5.3435114503816745
TRUE,6.6200,6.6300,6.2300,6.5500,736152,01/15/16,-0.3100000000000005,-4.518950437317791
TRUE,6.5900,7.0600,6.2900,6.8600,749466,01/14/16,0.33000000000000007,5.053598774885146
TRUE,7.0400,7.1800,6.4350,6.5300,719094,01/13/16,-0.5,-7.112375533428165
TRUE,7.2500,7.4756,6.7300,7.0300,662957,01/12/16,-0.13999999999999968,-1.952580195258015
TRUE,7.6600,7.6600,7.0200,7.1700,695310,01/11/16,-0.41000000000000014,-5.4089709762533
TRUE,7.5700,7.8425,7.4900,7.5800,759595,01/08/16,-0.08999999999999986,-1.1734028683181208
TRUE,7.8800,8.0000,7.4300,7.6700,995423,01/07/16,-0.6699999999999999,-8.03357314148681
TRUE,8.6000,8.8100,8.2000,8.3400,624330,01/06/16,-0.4299999999999997,-4.903078677309005
TRUE,9.2100,9.3200,8.5700,8.7700,592826,01/05/16,-0.2699999999999996,-2.98672566371681
TRUE,9.2300,9.4700,8.3101,9.0400,1.52 M,01/04/16,-0.5,-5.241090146750524
TRUE,9.5900,9.7650,9.4100,9.5400,680392,12/31/15,-0.09000000000000163,-0.9345794392523533
TRUE,9.7400,9.8800,9.5000,9.6300,543227,12/30/15,-0.02999999999999936,-0.3105590062111735
TRUE,9.3700,9.6600,9.2800,9.6600,538548,12/29/15,0.39000000000000057,4.20711974110033
TRUE,9.6100,9.6500,8.8400,9.2700,526658,12/28/15,-0.39000000000000057,-4.037267080745347
TRUE,9.5000,9.7900,9.4400,9.6600,411283,12/24/15,0.2599999999999998,2.765957446808508
TRUE,8.9800,9.6900,8.9640,9.4000,653987,12/23/15,0.46000000000000085,5.145413870246095
TRUE,8.8500,9.0000,8.7000,8.9400,407660,12/22/15,0.1399999999999988,1.590909090909077
TRUE,8.4500,8.8000,8.2100,8.8000,470704,12/21/15,0.39000000000000057,4.637336504161719
TRUE,8.5400,8.8900,8.1800,8.4100,1.83 M,12/18/15,-0.009999999999999787,-0.11876484560569818
TRUE,8.7400,8.7400,8.3100,8.4200,695094,12/17/15,-0.08999999999999986,-1.057579318448882
TRUE,8.5000,8.9400,8.3500,8.5100,968992,12/16/15,0.3100000000000005,3.7804878048780552
TRUE,8.0200,8.4100,8.0200,8.2000,1.23 M,12/15/15,0.17999999999999972,2.244389027431418
TRUE,7.9500,8.2400,7.9200,8.0200,783224,12/14/15,0.15999999999999925,2.0356234096692014
TRUE,7.7500,8.1100,7.7000,7.8600,1.06 M,12/11/15,-0.17999999999999883,-2.2388059701492393
TRUE,7.8300,8.3200,7.7700,8.0400,1.22 M,12/10/15,0.22999999999999954,2.944942381562094
TRUE,7.8000,8.0000,7.7100,7.8100,872468,12/09/15,0.009999999999999787,0.12820512820512547
TRUE,7.5600,7.8700,7.3300,7.8000,875271,12/08/15,0.16999999999999993,2.228047182175622
TRUE,7.8800,8.1599,7.4900,7.6300,1.03 M,12/07/15,-0.25,-3.1725888324873095
TRUE,7.4100,8.3125,7.1478,7.8800,1.68 M,12/04/15,0.3899999999999997,5.206942590120156
TRUE,7.9500,8.1100,7.1100,7.4900,992632,12/03/15,-0.39999999999999947,-5.069708491761717
TRUE,7.7100,8.0800,7.6100,7.8900,856057,12/02/15,0.13999999999999968,1.8064516129032218
TRUE,8.0533,8.2900,7.6100,7.7500,1.17 M,12/01/15,-0.27999999999999936,-3.4869240348692325
TRUE,8.5100,8.5100,7.9200,8.0300,1.09 M,11/30/15,-0.46000000000000085,-5.418138987043591
TRUE,8.6600,8.6800,8.3000,8.4900,459596,11/27/15,-0.2699999999999996,-3.082191780821913
TRUE,9.1300,9.3300,8.4000,8.7600,1.26 M,11/25/15,-0.2699999999999996,-2.9900332225913577
TRUE,7.8400,9.3799,7.8400,9.0300,3.47 M,11/24/15,1.1199999999999992,14.159292035398218
TRUE,7.4300,8.5000,7.3200,7.9100,2.98 M,11/23/15,0.5,6.747638326585695
TRUE,7.6700,7.7500,7.2536,7.4100,472957,11/20/15,-0.16000000000000014,-2.1136063408190244
TRUE,7.0900,7.7500,7.0401,7.5700,837869,11/19/15,0.54,7.681365576102418
TRUE,7.1300,7.3800,6.8100,7.0300,664626,11/18/15,-0.0699999999999994,-0.9859154929577381
TRUE,7.0900,7.3300,6.9200,7.1000,843696,11/17/15,0.05999999999999961,0.8522727272727217
TRUE,6.6100,7.0700,6.5000,7.0400,800062,11/16/15,0.29000000000000004,4.296296296296297
TRUE,6.5200,6.8900,6.4950,6.7500,847076,11/13/15,0.20000000000000018,3.0534351145038197
TRUE,7.1500,7.3300,6.5100,6.5500,1.18 M,11/12/15,-0.6900000000000004,-9.530386740331497
TRUE,7.5000,7.5400,7.1500,7.2400,787027,11/11/15,-0.2400000000000002,-3.208556149732623
TRUE,8.0700,8.1800,7.3900,7.4800,1.14 M,11/10/15,-0.6399999999999988,-7.881773399014764
TRUE,8.3700,8.4150,7.8889,8.1200,1.71 M,11/09/15,-0.3100000000000005,-3.6773428232503025
TRUE,7.2500,8.5500,7.1500,8.4300,5.92 M,11/06/15,2.3,37.52039151712887
TRUE,6.7000,6.7150,6.1000,6.1300,941133,11/05/15,-0.5,-7.541478129713424
TRUE,6.4200,6.7400,6.3100,6.6300,723833,11/04/15,0.20000000000000018,3.110419906687406
TRUE,5.8000,6.4500,5.8000,6.4300,1.57 M,11/03/15,0.5899999999999999,10.102739726027394
TRUE,6.1700,6.2000,5.7600,5.8400,1.09 M,11/02/15,-0.2999999999999998,-4.885993485342017
TRUE,6.1600,6.2200,5.9700,6.1400,619876,10/30/15,-0.040000000000000036,-0.647249190938512
TRUE,6.2100,6.3650,6.0800,6.1800,707660,10/29/15,-0.07000000000000028,-1.1200000000000045
TRUE,6.2000,6.4900,6.1000,6.2500,785390,10/28/15,0.07000000000000028,1.1326860841423996
TRUE,6.4400,6.4880,6.0100,6.1800,773941,10/27/15,-0.2600000000000007,-4.037267080745352
TRUE,6.5700,6.7000,6.2800,6.4400,693059,10/26/15,-0.1299999999999999,-1.9786910197869085
TRUE,6.7200,6.8550,6.4300,6.5700,935406,10/23/15,-0.05999999999999961,-0.904977375565605
TRUE,6.4700,6.8500,6.4100,6.6300,1.15 M,10/22/15,0.21999999999999975,3.432137285491416
TRUE,6.5500,6.6000,6.2500,6.4100,1.07 M,10/21/15,-0.09999999999999964,-1.5360983102918533
TRUE,6.3000,6.6900,6.2350,6.5100,1.22 M,10/20/15,0.2599999999999998,4.159999999999997
TRUE,6.2400,6.4300,6.0800,6.2500,808229,10/19/15,-0.03000000000000025,-0.4777070063694307
TRUE,6.3700,6.4300,6.2200,6.2800,604529,10/16/15,-0.040000000000000036,-0.6329113924050638
TRUE,6.1900,6.6200,6.0500,6.3200,882069,10/15/15,0.1200000000000001,1.9354838709677435
TRUE,6.2000,6.3900,6.1300,6.2000,384445,10/14/15,0.0600000000000005,0.9771986970684121
TRUE,6.1100,6.3400,5.9900,6.1400,667134,10/13/15,0.009999999999999787,0.16313213703099164
TRUE,6.4700,6.4700,6.0650,6.1300,656245,10/12/15,-0.27000000000000046,-4.218750000000007
TRUE,6.4500,6.5200,6.1400,6.4000,1.12 M,10/09/15,-0.08000000000000007,-1.234567901234569
TRUE,6.9200,7.0000,6.3900,6.4800,1.55 M,10/08/15,-0.46999999999999975,-6.76258992805755
TRUE,6.4500,6.9600,6.3400,6.9500,1.25 M,10/07/15,0.5099999999999998,7.919254658385089
TRUE,5.8700,6.4600,5.8700,6.4400,1.36 M,10/06/15,0.5300000000000002,8.9678510998308
TRUE,5.4800,6.1400,5.4800,5.9100,4.61 M,10/05/15,0.5200000000000005,9.647495361781084
TRUE,5.1500,5.5100,4.9800,5.3900,1.23 M,10/02/15,0.3199999999999994,6.311637080867838
TRUE,5.2500,5.4300,4.9700,5.0700,1.07 M,10/01/15,-0.13999999999999968,-2.6871401151631416
TRUE,5.1300,5.2300,4.9800,5.2100,957469,09/30/15,0.15000000000000036,2.964426877470363
TRUE,5.3200,5.3800,4.9250,5.0600,1.14 M,09/29/15,-0.28000000000000025,-5.2434456928839
TRUE,5.0700,5.3600,4.9400,5.3400,983372,09/28/15,0.2400000000000002,4.705882352941181
TRUE,5.5600,5.5800,5.0500,5.1000,793571,09/25/15,-0.41000000000000014,-7.441016333938297
TRUE,5.5000,5.6001,5.3700,5.5100,800986,09/24/15,-0.009999999999999787,-0.18115942028985121
TRUE,5.5800,5.7400,5.3800,5.5200,937220,09/23/15,-0.08000000000000007,-1.42857142857143
TRUE,5.9600,6.0700,5.5100,5.6000,1.35 M,09/22/15,-0.47000000000000064,-7.742998352553553
TRUE,6.5300,6.5750,6.0600,6.0700,1.29 M,09/21/15,-0.35999999999999943,-5.598755832037316
TRUE,6.2400,6.4900,6.0800,6.4300,6.43 M,09/18/15,0.08000000000000007,1.2598425196850405
TRUE,5.9600,6.4400,5.9400,6.3500,1.47 M,09/17/15,0.3799999999999999,6.365159128978222
TRUE,5.8800,6.0000,5.8000,5.9700,1.16 M,09/16/15,-0.03000000000000025,-0.5000000000000041
TRUE,5.7600,6.0600,5.7100,6.0000,1.16 M,09/15/15,0.2400000000000002,4.1666666666666705
TRUE,5.8400,6.0500,5.5000,5.7600,2.14 M,09/14/15,-0.15000000000000036,-2.5380710659898535
TRUE,5.9400,6.0100,5.6700,5.9100,869978,09/11/15,-0.08999999999999986,-1.4999999999999976
TRUE,5.8300,6.0300,5.8000,6.0000,525107,09/10/15,0.16999999999999993,2.915951972555745
TRUE,5.8400,6.0950,5.8200,5.8300,752616,09/09/15,0.0,0.0
TRUE,6.1300,6.3200,5.8000,5.8300,1.05 M,09/08/15,-0.22999999999999954,-3.795379537953788
TRUE,6.1100,6.1800,5.9000,6.0600,682482,09/04/15,-0.020000000000000462,-0.3289473684210602
TRUE,6.0200,6.4100,5.9600,6.0800,1.07 M,09/03/15,0.0600000000000005,0.9966777408637957
TRUE,5.7300,6.0300,5.6200,6.0200,764301,09/02/15,0.39999999999999947,7.117437722419918
TRUE,5.7900,6.1100,5.5600,5.6200,820365,09/01/15,-0.29000000000000004,-4.90693739424704
TRUE,5.8200,6.1600,5.6400,5.9100,1.10 M,08/31/15,0.11000000000000032,1.8965517241379366
TRUE,5.4500,5.8200,5.4200,5.8000,1.19 M,08/28/15,0.35999999999999943,6.617647058823518
TRUE,4.9800,5.4400,4.9100,5.4400,856846,08/27/15,0.5150000000000006,10.456852791878184
TRUE,4.9500,4.9500,4.7500,4.9250,833004,08/26/15,0.054999999999999716,1.129363449691986
TRUE,5.0000,5.0000,4.7700,4.8700,956770,08/25/15,0.08000000000000007,1.670146137787058
TRUE,4.4800,4.8600,4.0100,4.7900,962614,08/24/15,0.0,0.0
TRUE,4.8300,4.9600,4.7350,4.7900,882955,08/21/15,-0.16999999999999993,-3.427419354838708
TRUE,5.2600,5.2750,4.8800,4.9600,1.27 M,08/20/15,-0.3200000000000003,-6.060606060606066
TRUE,5.4400,5.4600,5.1300,5.2800,997809,08/19/15,-0.16000000000000014,-2.9411764705882377
TRUE,5.5000,5.5700,5.4250,5.4400,528764,08/18/15,-0.019999999999999574,-0.3663003663003585
TRUE,5.5400,5.6100,5.3250,5.4600,748936,08/17/15,0.04999999999999982,0.9242144177449135
TRUE,5.5700,5.7500,5.4000,5.4100,1.08 M,08/14/15,-0.21999999999999975,-3.9076376554174024
TRUE,5.8400,5.8850,5.6200,5.6300,805208,08/13/15,-0.15000000000000036,-2.5951557093425666
TRUE,5.9700,6.0000,5.5000,5.7800,1.71 M,08/12/15,-0.20000000000000018,-3.3444816053511732
TRUE,5.9600,6.0600,5.7200,5.9800,1.47 M,08/11/15,0.1200000000000001,2.047781569965872
TRUE,5.7200,5.9100,5.5650,5.8600,1.33 M,08/10/15,0.10000000000000053,1.7361111111111205
TRUE,5.4800,5.7900,5.0700,5.7600,2.59 M,08/07/15,0.21999999999999975,3.971119133574003
TRUE,5.9000,5.9000,5.4500,5.5400,2.06 M,08/06/15,-0.3700000000000001,-6.260575296108294
TRUE,6.0600,6.2500,5.8800,5.9100,935487,08/05/15,-0.1299999999999999,-2.1523178807947003
TRUE,6.2800,6.3300,6.0200,6.0400,912015,08/04/15,-0.21999999999999975,-3.514376996805108
TRUE,6.5000,6.5100,6.1100,6.2600,1.38 M,08/03/15,-0.2599999999999998,-3.98773006134969
TRUE,6.8600,7.0300,6.3400,6.5200,1.78 M,07/31/15,-0.3700000000000001,-5.370101596516693
TRUE,6.6400,7.0390,6.6161,6.8900,2.23 M,07/30/15,0.1999999999999993,2.9895366218236066
TRUE,6.5600,6.8000,6.3600,6.6900,1.84 M,07/29/15,-0.0699999999999994,-1.0355029585798727
TRUE,5.8400,6.9400,5.7701,6.7600,4.80 M,07/28/15,0.9199999999999999,15.753424657534246
TRUE,6.4800,6.7550,5.8000,5.8400,4.60 M,07/27/15,-1.0300000000000002,-14.992721979621546
TRUE,6.9000,7.4400,6.1500,6.8700,10.77 M,07/24/15,-3.8099999999999996,-35.674157303370784
TRUE,10.9100,11.1000,10.6500,10.6800,1.69 M,07/23/15,-0.25,-2.2872827081427265
TRUE,11.0000,11.0750,10.8300,10.9300,1.56 M,07/22/15,-0.2900000000000009,-2.5846702317290635
TRUE,11.0400,11.3600,11.0100,11.2200,4.50 M,07/21/15,0.16000000000000014,1.4466546112115743
TRUE,11.2800,11.3300,10.9600,11.0600,633542,07/20/15,-0.08000000000000007,-0.7181328545780975
TRUE,11.1500,11.4100,11.0800,11.1400,805127,07/17/15,-0.03999999999999915,-0.35778175313058275
TRUE,11.0900,11.2600,10.9900,11.1800,654955,07/16/15,0.17999999999999972,1.6363636363636338
TRUE,10.8900,11.0700,10.7700,11.0000,1.18 M,07/15/15,0.015000000000000568,0.13654984069185772
TRUE,10.8900,11.1200,10.8000,10.9850,1.16 M,07/14/15,-0.025000000000000355,-0.22706630336058453
TRUE,10.6600,11.0550,10.5500,11.0100,811954,07/13/15,0.34999999999999964,3.2833020637898653
TRUE,9.8100,11.4400,9.8100,10.6600,3.65 M,07/10/15,0.6099999999999994,6.0696517412935265
TRUE,11.1900,11.2900,9.8900,10.0500,2.73 M,07/09/15,-0.9699999999999989,-8.802177858439192
TRUE,11.2300,11.3910,10.8900,11.0200,863478,07/08/15,-0.3200000000000003,-2.8218694885361577
TRUE,11.6300,11.6500,11.1100,11.3400,861150,07/07/15,-0.34999999999999964,-2.994011976047901
TRUE,11.5300,11.7500,11.1800,11.6900,825090,07/06/15,0.049999999999998934,0.4295532646048018
TRUE,11.9600,12.0850,11.5600,11.6400,838985,07/02/15,-0.33000000000000007,-2.7568922305764416
TRUE,12.0400,12.1200,11.8000,11.9700,575635,07/01/15,-0.019999999999999574,-0.1668056713928238
TRUE,11.9800,12.0700,11.8700,11.9900,679440,06/30/15,0.05000000000000071,0.41876046901173125
TRUE,12.2500,12.5800,11.8500,11.9400,1.30 M,06/29/15,-0.5700000000000003,-4.556354916067149
TRUE,12.6500,12.7600,12.3500,12.5100,5.99 M,06/26/15,-0.08999999999999986,-0.7142857142857132
TRUE,12.7200,12.7600,12.4000,12.6000,895509,06/25/15,-0.16000000000000014,-1.2539184952978069
TRUE,12.8500,13.2800,12.6020,12.7600,982610,06/24/15,-0.16999999999999993,-1.3147718484145392
TRUE,12.8600,13.3100,12.7100,12.9300,1.19 M,06/23/15,0.03999999999999915,0.310318076027922
TRUE,12.9800,13.0500,12.6000,12.8900,1.11 M,06/22/15,-0.10999999999999943,-0.8461538461538418
TRUE,13.4700,13.5099,12.8500,13.0000,1.47 M,06/19/15,-0.5199999999999996,-3.846153846153843
TRUE,12.1800,13.6700,12.1754,13.5200,2.54 M,06/18/15,1.3499999999999996,11.092851273623662
TRUE,12.4200,12.6800,12.0550,12.1700,1.35 M,06/17/15,-0.2699999999999996,-2.170418006430865
TRUE,12.6300,12.7040,12.2600,12.4400,1.22 M,06/16/15,-0.19000000000000128,-1.5043547110055524
TRUE,12.3600,12.8950,12.3000,12.6300,1.39 M,06/15/15,0.23000000000000043,1.8548387096774228
TRUE,12.4000,12.6200,12.2600,12.4000,685127,06/12/15,-0.02999999999999936,-0.24135156878519196
TRUE,12.8000,12.9700,12.3400,12.4300,1.97 M,06/11/15,-0.35999999999999943,-2.8146989835809184
TRUE,13.2000,13.2060,12.7200,12.7900,2.23 M,06/10/15,-0.39000000000000057,-2.9590288315629785
TRUE,13.0300,13.4200,12.5100,13.1800,1.41 M,06/09/15,0.16999999999999993,1.3066871637202147
TRUE,13.5600,13.6900,12.8600,13.0100,3.05 M,06/08/15,-0.5800000000000001,-4.267844002943341
TRUE,13.7500,13.9900,13.5000,13.5900,1.50 M,06/05/15,0.08000000000000007,0.5921539600296082
TRUE,13.8900,13.9700,13.4900,13.5100,912801,06/04/15,-0.4299999999999997,-3.084648493543757
TRUE,13.9000,14.1300,13.6300,13.9400,667184,06/03/15,-0.030000000000001137,-0.21474588403723074
TRUE,13.6400,14.1600,13.5700,13.9700,705257,06/02/15,0.2599999999999998,1.8964259664478467
TRUE,13.7700,13.9200,13.5000,13.7100,826293,06/01/15,-0.11999999999999922,-0.8676789587852438
TRUE,14.0000,14.0600,13.8200,13.8300,944681,05/29/15,-0.1899999999999995,-1.3552068473609096
TRUE,14.0000,14.3300,13.9200,14.0200,578328,05/28/15,-0.030000000000001137,-0.21352313167260595
TRUE,13.9500,14.2000,13.8000,14.0500,513575,05/27/15,0.120000000000001,0.8614501076812706
TRUE,14.2000,14.4200,13.7400,13.9300,972426,05/26/15,-0.2400000000000002,-1.6937191249117869
TRUE,14.0400,14.6609,14.0400,14.1700,899516,05/22/15,0.11999999999999922,0.8540925266903858
TRUE,13.5800,14.1500,13.4700,14.0500,1.68 M,05/21/15,0.0600000000000005,0.4288777698356004
TRUE,14.9100,15.1200,13.5200,13.9900,2.65 M,05/20/15,-1.0399999999999991,-6.91949434464404
TRUE,14.9000,15.1997,14.7700,15.0300,756746,05/19/15,0.129999999999999,0.8724832214765034
TRUE,14.4000,14.9900,14.2200,14.9000,947168,05/18/15,0.6500000000000004,4.561403508771932
TRUE,14.1700,14.6600,14.0601,14.2500,767856,05/15/15,0.10999999999999943,0.7779349363507739
TRUE,14.1300,14.4800,13.9201,14.1400,804097,05/14/15,0.0600000000000005,0.42613636363636714
TRUE,14.3900,14.4100,13.9800,14.0800,1.34 M,05/13/15,0.22000000000000064,1.5873015873015919
TRUE,13.5000,14.2400,13.3400,13.8600,1.63 M,05/12/15,0.34999999999999964,2.590673575129531
TRUE,14.0900,14.5100,13.3000,13.5100,2.40 M,05/11/15,-0.5999999999999996,-4.25230333097094
TRUE,14.7800,15.2500,13.7450,14.1100,4.96 M,05/08/15,-0.9199999999999999,-6.121091151031271
TRUE,15.5000,15.5000,14.9600,15.0300,1.77 M,05/07/15,-0.2400000000000002,-1.57170923379175
TRUE,15.5200,15.5600,14.8500,15.2700,1.72 M,05/06/15,0.1399999999999988,0.9253139458030323
TRUE,15.2500,15.3500,15.0400,15.1300,1.14 M,05/05/15,-0.16999999999999993,-1.1111111111111105
TRUE,15.4800,15.6000,15.2000,15.3000,440305,05/04/15,-0.16999999999999993,-1.0989010989010983
TRUE,15.4100,15.5900,14.1100,15.4700,1.36 M,05/01/15,0.05000000000000071,0.3242542153048036
TRUE,15.5500,15.5700,15.1000,15.4200,1.07 M,04/30/15,-0.17999999999999972,-1.153846153846152
TRUE,15.5500,15.9700,15.4800,15.6000,946868,04/29/15,-0.030000000000001137,-0.19193857965451783
TRUE,16.2600,16.3100,15.4500,15.6300,1.19 M,04/28/15,-0.10999999999999943,-0.6988564167725504
TRUE,16.5000,16.9200,15.2500,15.7400,2.67 M,04/27/15,0.120000000000001,0.7682458386683803
TRUE,15.6900,15.9900,15.5200,15.6200,375295,04/24/15,-0.09000000000000163,-0.572883513685561
TRUE,15.7200,15.9700,15.5100,15.7100,652754,04/23/15,-0.009999999999999787,-0.06361323155216149
TRUE,15.9700,16.0000,15.5900,15.7200,1.17 M,04/22/15,-0.2599999999999998,-1.627033792240299
TRUE,15.9100,16.1800,15.5200,15.9800,650683,04/21/15,0.0600000000000005,0.3768844221105559
TRUE,16.4000,16.4800,15.7100,15.9200,908730,04/20/15,-0.4599999999999991,-2.8083028083028028
TRUE,16.3300,16.4400,16.0100,16.3800,527200,04/17/15,-0.08999999999999986,-0.5464480874316932
TRUE,15.7500,16.9500,15.7500,16.4700,1.59 M,04/16/15,0.7199999999999989,4.571428571428564
TRUE,16.0100,16.0900,15.5900,15.7500,825767,04/15/15,-0.2400000000000002,-1.5009380863039412
TRUE,16.3500,16.3500,15.8900,15.9900,757855,04/14/15,-0.4399999999999995,-2.678027997565426
TRUE,16.0500,16.5700,16.0000,16.4300,563043,04/13/15,0.35999999999999943,2.2401991288114464
TRUE,16.1000,16.2900,15.9300,16.0700,749273,04/10/15,0.22000000000000064,1.388012618296534
TRUE,16.0300,16.1265,15.8300,15.8500,1.08 M,04/09/15,-0.1800000000000015,-1.1228945726762414
TRUE,16.1700,16.7300,15.9800,16.0300,976620,04/08/15,-0.09999999999999787,-0.619962802231853
TRUE,16.1000,16.2500,15.9300,16.1300,783620,04/07/15,0.05000000000000071,0.31094527363184526
TRUE,16.0600,16.3600,15.6000,16.0800,1.73 M,04/06/15,0.36999999999999744,2.355187778485025
TRUE,16.2800,16.5300,15.1000,15.7100,6.52 M,04/02/15,-1.2899999999999991,-7.588235294117642
TRUE,17.8300,17.9900,16.9200,17.0000,1.11 M,04/01/15,-0.8500000000000014,-4.76190476190477
TRUE,17.5600,18.3900,17.5500,17.8500,716277,03/31/15,0.23000000000000043,1.305334846765042
TRUE,17.8500,17.9999,17.2400,17.6200,492570,03/30/15,-0.16000000000000014,-0.8998875140607432
TRUE,18.2100,18.3499,17.7200,17.7800,374386,03/27/15,-0.4399999999999977,-2.4149286498353333
TRUE,18.1900,18.6800,18.0000,18.2200,505134,03/26/15,-0.07000000000000028,-0.38272279934390535
TRUE,19.1000,19.3500,17.9200,18.2900,933008,03/25/15,-0.8100000000000023,-4.24083769633509
TRUE,19.1900,19.5600,18.4700,19.1000,1.06 M,03/24/15,-0.13999999999999702,-0.7276507276507121
TRUE,17.2200,19.2600,17.2200,19.2400,2.08 M,03/23/15,1.8699999999999974,10.765687967760492
TRUE,17.9800,18.0390,17.2600,17.3700,1.98 M,03/20/15,-0.5399999999999991,-3.0150753768844174
TRUE,17.7400,18.2000,17.6200,17.9100,544423,03/19/15,0.08000000000000185,0.44868199663489544
TRUE,17.4300,17.9900,17.3000,17.8300,638846,03/18/15,0.2699999999999996,1.5375854214122984
TRUE,17.5400,17.7000,17.2800,17.5600,607515,03/17/15,0.08999999999999986,0.5151688609044067
TRUE,17.4400,17.5700,17.0200,17.4700,597964,03/16/15,0.05999999999999872,0.34462952326248547
TRUE,17.2400,17.8100,16.9975,17.4100,1.13 M,03/13/15,0.129999999999999,0.752314814814809
TRUE,17.2000,17.5800,17.1500,17.2800,761050,03/12/15,0.22000000000000242,1.2895662368112686
TRUE,16.5800,17.5900,16.5000,17.0600,1.39 M,03/11/15,0.5599999999999987,3.393939393939386
TRUE,16.6700,16.7680,15.9200,16.5000,1.67 M,03/10/15,-0.46999999999999886,-2.7695934001178486
TRUE,16.8600,17.1800,16.5764,16.9700,789140,03/09/15,0.129999999999999,0.7719714964370488
TRUE,17.0700,17.4750,16.5900,16.8400,862029,03/06/15,-0.33000000000000185,-1.9219569015725209
TRUE,17.1500,17.5800,16.8600,17.1700,973314,03/05/15,0.07000000000000028,0.4093567251462005
TRUE,17.1500,17.3100,16.5500,17.1000,1.61 M,03/04/15,-0.5799999999999983,-3.28054298642533
TRUE,19.0300,19.1600,17.4800,17.6800,2.36 M,03/03/15,-1.4800000000000004,-7.724425887265139
TRUE,19.5500,19.8700,18.6500,19.1600,1.41 M,03/02/15,-0.7399999999999984,-3.718592964824113
TRUE,19.3000,20.0000,19.1600,19.9000,1.79 M,02/27/15,0.6899999999999977,3.591879229567921
TRUE,18.1800,19.6100,18.1780,19.2100,2.62 M,02/26/15,1.1799999999999997,6.544647809206875
TRUE,17.2600,18.0300,17.1601,18.0300,2.01 M,02/25/15,1.2800000000000011,7.641791044776126
TRUE,17.3800,17.8500,16.5800,16.7500,1.83 M,02/24/15,-0.629999999999999,-3.6248561565017208
TRUE,18.4500,18.4600,16.8800,17.3800,2.26 M,02/23/15,-0.5700000000000003,-3.1754874651810603
TRUE,19.9900,20.2400,17.6900,17.9500,6.28 M,02/20/15,-2.8200000000000003,-13.577274915743862
TRUE,19.2500,21.0000,19.2500,20.7700,3.08 M,02/19/15,1.2399999999999984,6.349206349206341
TRUE,19.5500,19.7653,19.2500,19.5300,1.60 M,02/18/15,-0.129999999999999,-0.6612410986775127
TRUE,19.8900,19.9900,19.5500,19.6600,898933,02/17/15,0.10999999999999943,0.5626598465473116
TRUE,19.5800,19.9900,19.1300,19.5500,1.78 M,02/13/15,0.120000000000001,0.6176016469377303
TRUE,19.7200,20.0000,19.0500,19.4300,1.10 M,02/12/15,-0.05999999999999872,-0.30785017957926486
TRUE,18.2900,19.9000,18.2100,19.4900,1.08 M,02/11/15,1.139999999999997,6.2125340599454875
TRUE,18.9000,19.0400,18.0100,18.3500,795100,02/10/15,-0.389999999999997,-2.081109925293474
TRUE,19.2600,19.7700,18.5900,18.7400,705143,02/09/15,-0.5300000000000011,-2.750389206019726
TRUE,20.0300,20.0700,19.0500,19.2700,558665,02/06/15,-0.7100000000000009,-3.5535535535535576
TRUE,19.0000,20.0400,18.9670,19.9800,831226,02/05/15,1.1000000000000014,5.826271186440686
TRUE,19.5500,19.6600,18.7500,18.8800,583245,02/04/15,-0.41000000000000014,-2.1254536029030593
TRUE,18.4600,19.8500,18.4600,19.2900,1.49 M,02/03/15,0.8999999999999986,4.893964110929845
TRUE,18.3000,18.5600,17.6500,18.3900,735845,02/02/15,0.8100000000000023,4.607508532423221
TRUE,17.7700,18.1293,17.5000,17.5800,373315,01/30/15,-0.23000000000000043,-1.2914093206064035
TRUE,18.5500,18.6300,17.5000,17.8100,631547,01/29/15,-0.120000000000001,-0.6692693809258282
TRUE,17.6500,18.2000,17.2100,17.9300,657252,01/28/15,0.3099999999999987,1.759364358683307
TRUE,17.8400,17.8550,17.4100,17.6200,1.08 M,01/27/15,-0.5399999999999991,-2.9735682819383213
TRUE,17.8600,18.2693,17.7000,18.1600,510329,01/26/15,0.21000000000000085,1.1699164345403947
TRUE,18.2500,18.4800,17.7700,17.9500,543114,01/23/15,-0.1999999999999993,-1.1019283746556436
TRUE,17.7400,18.5500,17.4302,18.1500,988908,01/22/15,0.48999999999999844,2.7746319365798326
TRUE,17.9900,17.9900,17.5100,17.6600,1.00 M,01/21/15,-0.370000000000001,-2.0521353300055516
TRUE,18.8300,19.0678,17.5700,18.0300,775389,01/20/15,-0.7099999999999973,-3.788687299893262
TRUE,18.5000,19.0000,18.0100,18.7400,1.40 M,01/16/15,0.1999999999999993,1.0787486515641818
TRUE,19.6500,19.7693,18.5000,18.5400,934507,01/15/15,-1.0700000000000003,-5.456399796022439
TRUE,20.1100,20.5799,19.5200,19.6100,1.56 M,01/14/15,-1.490000000000002,-7.061611374407592
TRUE,20.9500,22.2500,20.8000,21.1000,1.01 M,01/13/15,0.3000000000000007,1.4423076923076956
TRUE,20.9500,21.2900,20.5000,20.8000,694549,01/12/15,-0.4499999999999993,-2.117647058823526
TRUE,20.5200,21.6300,19.8014,21.2500,1.15 M,01/09/15,1.0,4.938271604938271
TRUE,21.0000,21.4400,20.1700,20.2500,812110,01/08/15,-0.6900000000000013,-3.295128939828086
TRUE,21.9000,22.1500,20.7300,20.9400,741363,01/07/15,-0.7300000000000004,-3.368712505768345
TRUE,21.7500,22.4300,20.4400,21.6700,971657,01/06/15,0.0400000000000027,0.18492834026815858
TRUE,21.5800,22.0638,21.0400,21.6300,661358,01/05/15,-0.13000000000000256,-0.597426470588247
TRUE,22.9400,23.1000,20.8000,21.7600,1.14 M,01/02/15,-1.139999999999997,-4.978165938864616
TRUE,23.3700,23.5500,22.8201,22.9000,314731,12/31/14,-0.46000000000000085,-1.9691780821917846
TRUE,22.7000,23.8600,22.3100,23.3600,554147,12/30/14,0.6099999999999994,2.681318681318679
TRUE,23.9000,24.3900,22.6500,22.7500,882880,12/29/14,-1.1999999999999993,-5.010438413361166
TRUE,23.7100,24.7100,23.5920,23.9500,858645,12/26/14,0.4499999999999993,1.9148936170212736
TRUE,23.5000,24.1800,23.3651,23.5000,768920,12/24/14,0.3099999999999987,1.3367830961621332
TRUE,22.4700,23.4600,22.3600,23.1900,1.94 M,12/23/14,0.9600000000000009,4.318488529014848
TRUE,21.4600,22.3600,21.1000,22.2300,1.08 M,12/22/14,0.9400000000000013,4.415218412400194
TRUE,21.2800,21.5700,20.7600,21.2900,1.84 M,12/19/14,0.07000000000000028,0.32987747408105694
TRUE,21.4400,21.7100,20.7300,21.2200,959154,12/18/14,0.23000000000000043,1.09575988565984
TRUE,19.5200,21.0200,19.1600,20.9900,850047,12/17/14,1.6699999999999982,8.643892339544504
TRUE,20.4500,20.5100,19.1200,19.3200,1.39 M,12/16/14,-1.5799999999999983,-7.559808612440183
TRUE,21.4600,21.8000,20.7100,20.9000,803446,12/15/14,-0.45000000000000284,-2.107728337236547
TRUE,23.0000,23.2850,21.2700,21.3500,1.13 M,12/12/14,-1.6799999999999997,-7.294832826747719
TRUE,21.8400,23.1800,21.6901,23.0300,1.52 M,12/11/14,1.0199999999999996,4.634257155838253
TRUE,21.4700,22.3400,21.0800,22.0100,1.30 M,12/10/14,0.43000000000000327,1.992585727525502
TRUE,20.1800,21.8800,19.7700,21.5800,1.24 M,12/09/14,0.8299999999999983,3.9999999999999916
TRUE,21.3500,21.3700,20.0301,20.7500,2.56 M,12/08/14,-0.75,-3.488372093023256
TRUE,20.9600,21.7800,20.9400,21.5000,971921,12/05/14,0.5599999999999987,2.674307545367711
TRUE,20.8700,21.0650,20.3822,20.9400,1.03 M,12/04/14,-0.05999999999999872,-0.28571428571427965
TRUE,20.4400,21.2500,20.1700,21.0000,1.47 M,12/03/14,0.6900000000000013,3.3973412112260037
TRUE,18.9300,20.7000,18.9000,20.3100,2.36 M,12/02/14,1.3499999999999979,7.120253164556949
TRUE,19.0000,19.4900,18.0200,18.9600,1.17 M,12/01/14,-0.1999999999999993,-1.0438413361169065
TRUE,18.9800,19.4000,18.9437,19.1600,344144,11/28/14,0.019999999999999574,0.10449320794148158
TRUE,19.4300,19.6700,18.8600,19.1400,1.03 M,11/26/14,-0.39000000000000057,-1.996927803379419
TRUE,19.0800,19.7900,18.9000,19.5300,1.84 M,11/25/14,0.5300000000000011,2.7894736842105323
TRUE,17.9600,19.0400,17.8700,19.0000,1.66 M,11/24/14,1.0399999999999991,5.790645879732734
TRUE,18.3700,18.5000,17.5000,17.9600,1.69 M,11/21/14,-0.08999999999999986,-0.49861495844875264
TRUE,18.0000,18.2500,17.5200,18.0500,1.85 M,11/20/14,0.4700000000000024,2.6734926052332337
TRUE,17.2700,17.9800,17.1500,17.5800,634786,11/19/14,0.1599999999999966,0.9184845005740332
TRUE,17.8500,18.1200,17.2901,17.4200,778683,11/18/14,-0.17999999999999972,-1.022727272727271
TRUE,18.0000,18.3993,17.4900,17.6000,1.22 M,11/17/14,-0.14999999999999858,-0.8450704225352033
TRUE,16.8700,17.9900,16.6400,17.7500,1.40 M,11/14/14,0.8599999999999994,5.091770278271163
TRUE,17.4300,18.1700,16.7200,16.8900,1.18 M,11/13/14,-0.5399999999999991,-3.098106712564539
TRUE,17.6400,17.7200,16.4600,17.4300,6.47 M,11/12/14,-0.05999999999999872,-0.3430531732418452
TRUE,16.3100,17.6500,16.0500,17.4900,1.19 M,11/11/14,0.9299999999999997,5.615942028985506
TRUE,16.2000,17.2200,16.1065,16.5600,752275,11/10/14,0.13999999999999702,0.8526187576126493
TRUE,16.8500,16.8500,15.8100,16.4200,781983,11/07/14,0.08000000000000185,0.48959608323134546
TRUE,17.5000,17.5600,16.1900,16.3400,1.38 M,11/06/14,-0.28000000000000114,-1.684717208182919
TRUE,17.0400,17.2900,16.1000,16.6200,1.11 M,11/05/14,-0.5700000000000003,-3.3158813263525317
TRUE,17.2600,17.8800,16.6000,17.1900,759404,11/04/14,-0.3200000000000003,-1.8275271273557983
TRUE,16.5000,18.3750,16.5000,17.5100,1.13 M,11/03/14,0.7100000000000009,4.226190476190481
TRUE,16.7400,16.8700,16.5000,16.8000,565106,10/31/14,0.3500000000000014,2.127659574468094
TRUE,16.9600,16.9800,15.9500,16.4500,1.12 M,10/30/14,-0.46000000000000085,-2.7202838557066875
TRUE,17.3000,17.3000,15.7100,16.9100,2.06 M,10/29/14,-0.3500000000000014,-2.0278099652375516
TRUE,17.1400,17.5000,17.0000,17.2600,771816,10/28/14,0.120000000000001,0.7001166861143582
TRUE,18.0000,18.0000,16.6000,17.1400,1.28 M,10/27/14,-0.8599999999999994,-4.777777777777775
TRUE,18.3500,19.0900,17.9000,18.0000,712152,10/24/14,-0.3999999999999986,-2.173913043478253
TRUE,18.1500,18.6200,17.8000,18.4000,674926,10/23/14,0.6199999999999974,3.487064116985362
TRUE,18.7300,19.0100,17.7500,17.7800,1.41 M,10/22/14,-0.8900000000000006,-4.767005891805037
TRUE,20.0500,20.0500,18.6300,18.6700,1.07 M,10/21/14,-1.1699999999999982,-5.897177419354829
TRUE,20.1800,20.6880,19.4600,19.8400,509372,10/20/14,-0.4800000000000004,-2.362204724409451
TRUE,21.0100,21.4800,20.1600,20.3200,566559,10/17/14,-0.07000000000000028,-0.34330554193232116
TRUE,19.8800,22.0500,19.5500,20.3900,1.23 M,10/16/14,-0.3099999999999987,-1.4975845410627957
TRUE,18.5000,21.0000,18.0200,20.7000,873230,10/15/14,2.0599999999999987,11.05150214592274
TRUE,18.5900,19.2295,17.8000,18.6400,660146,10/14/14,0.129999999999999,0.7023230686115559
TRUE,19.5100,19.8990,17.7400,18.5100,1.22 M,10/13/14,-1.1600000000000001,-5.8973055414336555
TRUE,21.0000,21.8000,19.2300,19.6700,1.17 M,10/10/14,-2.0799999999999983,-9.56321839080459
TRUE,22.8500,23.0000,20.4100,21.7500,1.46 M,10/09/14,-1.3099999999999987,-5.6808326105810885
TRUE,20.8300,23.8800,20.5116,23.0600,2.66 M,10/08/14,2.299999999999997,11.078998073217711
TRUE,20.3600,21.2700,19.5100,20.7600,688008,10/07/14,-0.08999999999999986,-0.4316546762589921
TRUE,21.8400,21.8400,20.3500,20.8500,719946,10/06/14,-0.25,-1.1848341232227488
TRUE,20.3600,21.9000,20.3300,21.1000,2.12 M,10/03/14,1.0300000000000011,5.1320378674638825
TRUE,18.5600,20.2111,18.0500,20.0700,1.58 M,10/02/14,1.6400000000000006,8.898534997287035
TRUE,18.0000,19.2500,17.5700,18.4300,1.78 M,10/01/14,0.4800000000000004,2.674094707520894
TRUE,17.4600,18.0720,17.4500,17.9500,802028,09/30/14,0.5,2.865329512893983
TRUE,17.5800,18.2100,17.1300,17.4500,699043,09/29/14,-0.4499999999999993,-2.5139664804469235
TRUE,18.0000,18.5700,17.4000,17.9000,1.23 M,09/26/14,0.00999999999999801,0.055897149245377364
TRUE,17.4200,18.5400,16.6000,17.8900,1.83 M,09/25/14,0.3500000000000014,1.9954389965792556
TRUE,17.1000,18.5300,17.1000,17.5400,1.87 M,09/24/14,0.5899999999999999,3.4808259587020642
TRUE,17.2600,18.2700,16.8200,16.9500,1.26 M,09/23/14,-0.6999999999999993,-3.966005665722376
TRUE,17.9600,18.0980,17.0000,17.6500,1.50 M,09/22/14,-0.45000000000000284,-2.486187845303883
TRUE,19.0400,19.1950,17.5601,18.1000,1.68 M,09/19/14,-0.6699999999999982,-3.569525839104945
TRUE,19.0500,19.7200,18.5500,18.7700,1.32 M,09/18/14,-0.6500000000000021,-3.3470648815654074
TRUE,19.8000,19.9700,19.0000,19.4200,741529,09/17/14,-0.4299999999999997,-2.166246851385389
TRUE,18.3000,20.1900,17.9000,19.8500,1.61 M,09/16/14,1.1000000000000014,5.866666666666674
TRUE,20.1000,20.4100,18.6100,18.7500,973913,09/15/14,-1.0,-5.063291139240507
TRUE,20.0500,20.3199,19.1500,19.7500,1.23 M,09/12/14,-0.26000000000000156,-1.2993503248375888
TRUE,20.9100,21.3999,19.5000,20.0100,2.18 M,09/11/14,-1.1899999999999977,-5.613207547169801
TRUE,23.2300,23.4100,20.5900,21.2000,1.67 M,09/10/14,-1.5899999999999999,-6.976744186046512
TRUE,22.8500,24.5300,22.6500,22.7900,948273,09/09/14,-0.6799999999999997,-2.89731572219855
TRUE,23.6600,24.8400,22.6501,23.4700,2.16 M,09/08/14,-0.6799999999999997,-2.815734989648032
TRUE,21.5000,25.0000,21.4000,24.1500,2.28 M,09/05/14,2.3099999999999987,10.576923076923071
TRUE,23.2300,23.2800,21.5000,21.8400,1.21 M,09/04/14,-0.6600000000000001,-2.933333333333334
TRUE,23.8600,24.5000,22.1400,22.5000,1.97 M,09/03/14,-1.3500000000000014,-5.660377358490572
TRUE,20.8800,24.0593,20.7500,23.8500,1.70 M,09/02/14,3.1799999999999997,15.384615384615383
TRUE,19.8900,20.9300,19.3000,20.6700,1.18 M,08/29/14,1.2700000000000031,6.546391752577336
TRUE,19.1700,19.8700,18.5200,19.4000,784266,08/28/14,-0.030000000000001137,-0.15440041173443714
TRUE,19.7100,20.7000,19.1600,19.4300,630836,08/27/14,-0.379999999999999,-1.9182231196365422
TRUE,19.9800,20.2903,19.1200,19.8100,838750,08/26/14,-0.23000000000000043,-1.1477045908183654
TRUE,21.3800,22.0800,19.5000,20.0400,1.80 M,08/25/14,-0.8599999999999994,-4.114832535885165
TRUE,18.5100,21.4100,18.3100,20.9000,2.18 M,08/22/14,2.169999999999998,11.585691404164432
TRUE,17.1000,18.9000,16.9000,18.7300,1.17 M,08/21/14,1.6799999999999997,9.853372434017594
TRUE,16.7900,17.4700,16.5900,17.0500,589235,08/20/14,0.14000000000000057,0.8279124778237763
TRUE,16.6200,17.3866,16.2800,16.9100,755796,08/19/14,0.4499999999999993,2.733900364520044
TRUE,16.0400,16.6500,15.8700,16.4600,737683,08/18/14,0.7000000000000011,4.441624365482241
TRUE,16.9800,16.9800,15.3580,15.7600,923396,08/15/14,-0.6300000000000008,-3.843807199511902
TRUE,15.8000,16.7500,15.5100,16.3900,1.53 M,08/14/14,1.2100000000000009,7.971014492753629
TRUE,15.9100,16.8900,15.0500,15.1800,1.29 M,08/13/14,-0.6899999999999995,-4.347826086956518
TRUE,14.1800,15.9800,13.6300,15.8700,1.28 M,08/12/14,2.0299999999999994,14.667630057803464
TRUE,14.2000,14.2500,13.5100,13.8400,362493,08/11/14,0.3200000000000003,2.366863905325446
TRUE,13.9600,14.2720,13.3000,13.5200,659882,08/08/14,-1.1400000000000006,-7.776261937244206
TRUE,14.4400,14.7400,14.0400,14.6600,423209,08/07/14,0.33000000000000007,2.3028611304954647
TRUE,13.9400,14.4500,13.6500,14.3300,283506,08/06/14,0.39000000000000057,2.7977044476327158
TRUE,13.6900,14.1100,13.4000,13.9400,247879,08/05/14,0.40000000000000036,2.954209748892174
TRUE,13.5900,13.6600,13.1910,13.5400,97323,08/04/14,0.14999999999999858,1.1202389843166436
TRUE,13.5000,13.7093,12.8000,13.3900,207771,08/01/14,-0.17999999999999972,-1.3264554163596147
TRUE,13.7000,14.0000,13.4511,13.5700,207913,07/31/14,-0.23000000000000043,-1.6666666666666696
TRUE,13.4000,13.9650,13.4000,13.8000,132731,07/30/14,0.3800000000000008,2.8315946348733294
TRUE,13.7100,14.1200,13.3100,13.4200,364630,07/29/14,-0.3699999999999992,-2.6831036983321193
TRUE,13.6700,13.9000,13.2000,13.7900,207690,07/28/14,0.20999999999999908,1.5463917525773128
TRUE,13.4400,13.5900,13.0601,13.5800,201839,07/25/14,0.17999999999999972,1.3432835820895501
TRUE,13.4800,13.7300,12.8100,13.4000,300715,07/24/14,-0.08000000000000007,-0.5934718100890213
TRUE,13.0700,13.5300,12.9476,13.4800,335635,07/23/14,0.4800000000000004,3.6923076923076956
TRUE,12.6000,13.1000,12.5400,13.0000,431373,07/22/14,0.4900000000000002,3.916866506794566
TRUE,12.3800,12.5925,12.1100,12.5100,535565,07/21/14,0.09999999999999964,0.8058017727638972
TRUE,12.4100,12.9599,11.9300,12.4100,766210,07/18/14,0.02999999999999936,0.24232633279482518
TRUE,12.9800,13.2000,12.3300,12.3800,451574,07/17/14,-0.6899999999999995,-5.279265493496553
TRUE,13.1800,13.2900,12.5600,13.0700,400789,07/16/14,-0.08000000000000007,-0.6083650190114074
TRUE,13.4400,13.6193,12.7100,13.1500,344601,07/15/14,-0.25,-1.8656716417910448
TRUE,13.3700,13.6200,13.3500,13.4000,314792,07/14/14,0.13000000000000078,0.9796533534287927
TRUE,13.3700,13.6200,13.0350,13.2700,372460,07/11/14,-0.17999999999999972,-1.3382899628252767
TRUE,13.9900,13.9900,13.2500,13.4500,452522,07/10/14,-0.9400000000000013,-6.532314107018772
TRUE,14.3500,14.6300,13.9900,14.3900,380943,07/09/14,0.08999999999999986,0.6293706293706284
TRUE,14.6300,14.6300,13.0200,14.3000,763539,07/08/14,-0.33000000000000007,-2.2556390977443614
TRUE,15.1500,15.4500,14.5600,14.6300,321134,07/07/14,-0.40999999999999837,-2.7260638297872233
TRUE,14.5100,15.1600,14.3400,15.0400,224558,07/03/14,0.5299999999999994,3.652653342522394
TRUE,14.6000,14.7400,14.2500,14.5100,240890,07/02/14,0.009999999999999787,0.06896551724137784
TRUE,15.0300,15.4600,14.1800,14.5000,559416,07/01/14,-0.27999999999999936,-1.8944519621109566
TRUE,13.7000,14.9500,13.7000,14.7800,2.18 M,06/30/14,1.4900000000000002,11.21143717080512
TRUE,13.0500,13.7899,12.9400,13.2900,1.36 M,06/27/14,0.14999999999999858,1.1415525114155143
TRUE,13.0000,13.1600,12.4100,13.1400,480767,06/26/14,0.2900000000000009,2.256809338521408
TRUE,13.3500,13.3500,12.4500,12.8500,543855,06/25/14,-0.23000000000000043,-1.758409785932725
TRUE,13.3600,13.5900,12.8000,13.0800,612323,06/24/14,-0.20999999999999908,-1.58013544018058
TRUE,13.5200,13.8990,13.2200,13.2900,322876,06/23/14,-0.20000000000000107,-1.4825796886582732
TRUE,13.9700,14.3735,13.4300,13.4900,707850,06/20/14,-0.08999999999999986,-0.6627393225331359
TRUE,13.7000,14.0000,13.1700,13.5800,340212,06/19/14,-0.02999999999999936,-0.2204261572373208
TRUE,13.1700,13.7070,13.1000,13.6100,289719,06/18/14,0.22999999999999865,1.7189835575485697
TRUE,13.8100,14.0800,13.1100,13.3800,279213,06/17/14,-0.5399999999999991,-3.87931034482758
TRUE,14.0000,14.5000,13.3002,13.9200,460860,06/16/14,0.25,1.8288222384784198
TRUE,12.5300,13.7500,12.5300,13.6700,437237,06/13/14,0.75,5.804953560371517
TRUE,14.4100,14.4100,12.3500,12.9200,603669,06/12/14,-0.7300000000000004,-5.347985347985351
TRUE,13.8600,13.9900,13.0601,13.6500,362145,06/11/14,0.009999999999999787,0.07331378299120078
TRUE,14.5600,15.1200,12.7300,13.6400,1.23 M,06/10/14,-0.379999999999999,-2.710413694721819
TRUE,15.0600,15.8500,13.0500,14.0200,1.26 M,06/09/14,-0.5199999999999996,-3.5763411279229684
TRUE,12.2300,14.7900,12.1001,14.5400,773385,06/06/14,2.5299999999999994,21.065778517901744
TRUE,12.4100,12.6300,11.5500,12.0100,271139,06/05/14,-0.07000000000000028,-0.5794701986754991
TRUE,12.1900,13.0000,11.6500,12.0800,627910,06/04/14,-0.14000000000000057,-1.145662847790512
TRUE,11.8700,12.5400,11.3500,12.2200,401655,06/03/14,0.9700000000000006,8.622222222222227
TRUE,11.0500,11.4000,11.0000,11.2500,301299,06/02/14,0.28999999999999915,2.645985401459846
TRUE,11.5000,11.5000,10.8200,10.9600,322241,05/30/14,0.40000000000000036,3.787878787878791
TRUE,10.8800,11.0000,10.5000,10.5600,548659,05/29/14,0.120000000000001,1.1494252873563313
TRUE,10.5300,10.7100,10.2500,10.4400,397089,05/28/14,0.2400000000000002,2.3529411764705905
TRUE,9.6500,10.2000,9.3510,10.2000,548236,05/27/14,0.9799999999999986,10.62906724511929
TRUE,9.3100,9.3799,9.0500,9.2200,226693,05/23/14,-0.08999999999999986,-0.9667024704618674
TRUE,9.7500,9.7500,9.2100,9.3100,459382,05/22/14,-0.3149999999999995,-3.2727272727272676
TRUE,9.5100,9.7000,9.5000,9.6250,264293,05/21/14,0.125,1.3157894736842106
TRUE,9.7600,9.8499,9.5000,9.5000,400320,05/20/14,-0.40000000000000036,-4.040404040404044
TRUE,10.4000,10.4900,9.5000,9.9000,888088,05/19/14,-0.16000000000000014,-1.590457256461234