UBS,16.9400,16.9700,16.8800,16.9100,2.07 M,04/26/18,0.14000000000000057,0.8348240906380475
UBS,16.7500,16.8250,16.6700,16.7700,2.63 M,04/25/18,-0.10999999999999943,-0.6516587677725085
UBS,17.0650,17.0900,16.8300,16.8800,2.08 M,04/24/18,-0.25,-1.4594279042615295
UBS,17.1100,17.2500,17.0200,17.1300,3.73 M,04/23/18,-0.5199999999999996,-2.9461756373937655
UBS,17.6800,17.7168,17.6000,17.6500,1.71 M,04/20/18,0.0,0.0
UBS,17.5300,17.7100,17.5200,17.6500,1.51 M,04/19/18,0.2099999999999973,1.204128440366957
UBS,17.6000,17.6200,17.4200,17.4400,2.10 M,04/18/18,-0.07000000000000028,-0.39977155910908213
UBS,17.5300,17.6149,17.4800,17.5100,1.47 M,04/17/18,-0.00999999999999801,-0.0570776255707649
UBS,17.5700,17.6000,17.4950,17.5200,1.77 M,04/16/18,0.07000000000000028,0.40114613180515923
UBS,17.7400,17.7500,17.3910,17.4500,1.51 M,04/13/18,-0.08000000000000185,-0.45636052481461403
UBS,17.4300,17.5900,17.4000,17.5300,1.49 M,04/12/18,0.21000000000000085,1.2124711316397279
UBS,17.4300,17.4350,17.2900,17.3200,1.40 M,04/11/18,-0.120000000000001,-0.6880733944954185
UBS,17.4600,17.5350,17.4100,17.4400,2.63 M,04/10/18,0.21000000000000085,1.2188044109112064
UBS,17.2800,17.4750,17.2100,17.2300,1.95 M,04/09/18,0.14000000000000057,0.8191925102399097
UBS,17.2700,17.3500,17.0150,17.0900,2.38 M,04/06/18,-0.21999999999999886,-1.2709416522241415
UBS,17.1900,17.3600,17.1600,17.3100,2.73 M,04/05/18,0.23000000000000043,1.346604215456677
UBS,16.8800,17.1000,16.8300,17.0800,4.22 M,04/04/18,-0.20000000000000284,-1.1574074074074239
UBS,17.2900,17.3150,17.1500,17.2800,2.29 M,04/03/18,-0.08999999999999986,-0.5181347150259059
UBS,17.5300,17.7150,17.2300,17.3700,3.51 M,04/02/18,-0.28999999999999915,-1.6421291053227585
UBS,17.6000,17.6900,17.4700,17.6600,1.74 M,03/29/18,0.07000000000000028,0.39795338260375374
UBS,17.5700,17.7850,17.4600,17.5900,2.87 M,03/28/18,0.120000000000001,0.6868918145392158
UBS,17.7200,17.7700,17.3700,17.4700,2.41 M,03/27/18,-0.15000000000000213,-0.8513053348467771
UBS,17.7100,17.7500,17.4200,17.6200,2.57 M,03/26/18,0.38000000000000256,2.2041763341067435
UBS,17.5400,17.6100,17.2400,17.2400,4.52 M,03/23/18,-0.10000000000000142,-0.5767012687427995
UBS,17.8400,17.8650,17.3400,17.3400,4.25 M,03/22/18,-0.7800000000000011,-4.30463576158941
UBS,18.1000,18.2499,17.9900,18.1200,2.37 M,03/21/18,-0.23000000000000043,-1.253405994550411
UBS,18.3300,18.4400,18.2600,18.3500,1.43 M,03/20/18,0.08000000000000185,0.4378762999452756
UBS,18.5100,18.5600,18.1350,18.2700,1.73 M,03/19/18,-0.17999999999999972,-0.9756097560975595
UBS,18.4500,18.5400,18.4200,18.4500,1.65 M,03/16/18,0.05999999999999872,0.3262642740619833
UBS,18.2600,18.4600,18.2450,18.3900,1.85 M,03/15/18,0.19000000000000128,1.0439560439560511
UBS,18.4100,18.4300,18.1700,18.2000,1.59 M,03/14/18,-0.030000000000001137,-0.16456390565003365
UBS,18.5200,18.5400,18.2000,18.2300,1.70 M,03/13/18,-0.3200000000000003,-1.7250673854447454
UBS,18.5700,18.6200,18.4800,18.5500,1.82 M,03/12/18,0.16000000000000014,0.8700380641653079
UBS,18.2900,18.4250,18.2500,18.3900,2.98 M,03/09/18,-0.019999999999999574,-0.10863661053774891
UBS,18.4400,18.4800,18.3200,18.4100,2.71 M,03/08/18,-0.03999999999999915,-0.2168021680216756
UBS,18.3000,18.4900,18.2800,18.4500,2.33 M,03/07/18,-0.129999999999999,-0.6996770721205544
UBS,18.5900,18.6650,18.5200,18.5800,2.53 M,03/06/18,0.1999999999999993,1.0881392818280702
UBS,18.1700,18.4650,18.1400,18.3800,3.95 M,03/05/18,-0.14000000000000057,-0.7559395248380161
UBS,18.4900,18.5400,18.1900,18.5200,3.56 M,03/02/18,-0.1700000000000017,-0.9095773140717052
UBS,18.7900,18.8600,18.5400,18.6900,3.27 M,03/01/18,-0.2799999999999976,-1.4760147601475888
UBS,19.3200,19.3200,18.9700,18.9700,1.74 M,02/28/18,-0.3500000000000014,-1.811594202898558
UBS,19.3600,19.4900,19.3100,19.3200,1.34 M,02/27/18,-0.16999999999999815,-0.8722421754745929
UBS,19.3600,19.5300,19.2900,19.4900,2.03 M,02/26/18,0.06999999999999673,0.3604531410916412
UBS,19.2700,19.4450,19.2450,19.4200,1.40 M,02/23/18,0.20000000000000284,1.0405827263267577
UBS,19.3500,19.4100,19.1700,19.2200,1.94 M,02/22/18,-0.019999999999999574,-0.10395010395010175
UBS,19.2500,19.4401,19.2250,19.2400,2.18 M,02/21/18,0.05999999999999872,0.3128258602711091
UBS,19.1200,19.2800,19.1100,19.1800,2.12 M,02/20/18,-0.030000000000001137,-0.15616866215513345
UBS,19.0700,19.3300,19.0700,19.2100,1.83 M,02/16/18,0.019999999999999574,0.1042209484106283
UBS,19.2100,19.2200,19.0000,19.1900,1.91 M,02/15/18,0.08999999999999986,0.4712041884816746
UBS,18.4800,19.1100,18.4599,19.1000,2.13 M,02/14/18,0.4800000000000004,2.577873254564986
UBS,18.5300,18.6700,18.5000,18.6200,2.51 M,02/13/18,-0.08999999999999986,-0.48102618920363366
UBS,18.6000,18.8600,18.5000,18.7100,1.90 M,02/12/18,0.10999999999999943,0.5913978494623625
UBS,18.4600,18.7000,18.1500,18.6000,3.59 M,02/09/18,0.10000000000000142,0.5405405405405482
UBS,19.2400,19.2400,18.4900,18.5000,4.46 M,02/08/18,-0.6499999999999986,-3.394255874673622
UBS,19.0400,19.3000,19.0100,19.1500,3.12 M,02/07/18,-0.060000000000002274,-0.3123373243102669
UBS,19.1800,19.3800,18.8500,19.2100,4.23 M,02/06/18,0.060000000000002274,0.3133159268929623
UBS,19.7500,19.8450,19.0650,19.1500,5.70 M,02/05/18,-0.990000000000002,-4.915590863952343
UBS,20.4800,20.5250,20.1000,20.1400,3.55 M,02/02/18,-0.5300000000000011,-2.564102564102569
UBS,20.4600,20.7000,20.4300,20.6700,3.01 M,02/01/18,0.3500000000000014,1.7224409448818967
UBS,20.3800,20.4400,20.3000,20.3200,2.84 M,01/31/18,-0.03999999999999915,-0.1964636542239644
UBS,20.4800,20.5200,20.3400,20.3600,2.23 M,01/30/18,-0.1700000000000017,-0.8280565026790145
UBS,20.7100,20.7400,20.4600,20.5300,3.01 M,01/29/18,-0.35999999999999943,-1.7233125897558612
UBS,20.6400,20.8900,20.6100,20.8900,3.27 M,01/26/18,0.2699999999999996,1.3094083414160989
UBS,20.7000,20.7600,20.5601,20.6200,3.49 M,01/25/18,-0.019999999999999574,-0.09689922480619949
UBS,20.7400,20.7800,20.4200,20.6400,3.52 M,01/24/18,0.1999999999999993,0.9784735812133037
UBS,20.3900,20.4800,20.3050,20.4400,2.36 M,01/23/18,0.1700000000000017,0.8386778490379956
UBS,19.9200,20.2900,19.9000,20.2700,4.08 M,01/22/18,0.10999999999999943,0.5456349206349178
UBS,19.9800,20.1700,19.9500,20.1600,3.87 M,01/19/18,0.3099999999999987,1.5617128463476004
UBS,19.7200,19.9000,19.7100,19.8500,2.95 M,01/18/18,0.370000000000001,1.8993839835729003
UBS,19.3800,19.5700,19.2900,19.4800,1.87 M,01/17/18,0.05999999999999872,0.3089598352214146
UBS,19.5500,19.6300,19.3450,19.4200,2.85 M,01/16/18,-0.16999999999999815,-0.8677896886166317
UBS,19.3000,19.6100,19.3000,19.5900,3.40 M,01/12/18,0.28999999999999915,1.502590673575125
UBS,19.1400,19.3052,19.1148,19.3000,2.87 M,01/11/18,0.28000000000000114,1.4721345951629923
UBS,19.0400,19.0600,18.9650,19.0200,1.73 M,01/10/18,0.08999999999999986,0.475435816164817
UBS,18.8400,18.9700,18.7950,18.9300,1.84 M,01/09/18,0.05000000000000071,0.26483050847458006
UBS,18.8600,18.9400,18.8400,18.8800,2.04 M,01/08/18,0.08999999999999986,0.4789781798829157
UBS,18.9000,18.9300,18.6800,18.7900,2.14 M,01/05/18,-0.16000000000000014,-0.8443271767810034
UBS,18.9500,19.0200,18.9150,18.9500,2.43 M,01/04/18,0.16000000000000014,0.8515167642362967
UBS,18.5400,18.8400,18.5200,18.7900,2.62 M,01/03/18,0.28999999999999915,1.5675675675675629
UBS,18.5000,18.6600,18.4400,18.5000,1.31 M,01/02/18,0.10999999999999943,0.5981511691136456
UBS,18.4100,18.4500,18.3600,18.3900,1.16 M,12/29/17,0.019999999999999574,0.10887316276537601
UBS,18.3600,18.4050,18.3400,18.3700,1.01 M,12/28/17,0.22000000000000242,1.2121212121212255
UBS,18.2200,18.2400,18.1400,18.1500,972788,12/27/17,-0.10000000000000142,-0.5479452054794598
UBS,18.3700,18.3885,18.2200,18.2500,1.34 M,12/26/17,-0.05999999999999872,-0.3276897870016315
UBS,18.3000,18.3300,18.2350,18.3100,1.10 M,12/22/17,-0.08999999999999986,-0.489130434782608
UBS,18.3100,18.4700,18.3000,18.4000,1.35 M,12/21/17,0.18999999999999773,1.0433827567270606
UBS,18.3100,18.3600,18.1700,18.2100,2.07 M,12/20/17,-0.16999999999999815,-0.9249183895538529
UBS,18.4400,18.4700,18.3650,18.3800,1.90 M,12/19/17,0.00999999999999801,0.05443658138267833
UBS,18.2900,18.4700,18.2900,18.3700,2.90 M,12/18/17,0.26000000000000156,1.4356709000552268
UBS,18.1100,18.1800,18.0550,18.1100,2.05 M,12/15/17,0.07000000000000028,0.38802660753880425
UBS,18.1900,18.1950,18.0200,18.0400,2.33 M,12/14/17,0.14999999999999858,0.8384572386808193
UBS,18.0000,18.0700,17.8900,17.8900,2.66 M,12/13/17,0.030000000000001137,0.16797312430011835
UBS,17.7800,17.8850,17.7500,17.8600,2.43 M,12/12/17,0.05999999999999872,0.33707865168538603
UBS,17.7000,17.8250,17.6700,17.8000,2.39 M,12/11/17,0.3200000000000003,1.8306636155606424
UBS,17.4000,17.5200,17.3950,17.4800,3.50 M,12/08/17,0.4400000000000013,2.582159624413153
UBS,17.0800,17.1400,17.0300,17.0400,2.67 M,12/07/17,0.07000000000000028,0.4124926340601078
UBS,17.0300,17.0850,16.9600,16.9700,1.59 M,12/06/17,-0.13000000000000256,-0.7602339181286699
UBS,17.2900,17.3000,17.1000,17.1000,1.22 M,12/05/17,-0.259999999999998,-1.4976958525345507
UBS,17.4700,17.4900,17.3600,17.3600,1.91 M,12/04/17,-0.16000000000000014,-0.9132420091324209
UBS,17.2600,17.5450,17.2400,17.5200,3.46 M,12/01/17,0.33999999999999986,1.9790454016298014
UBS,17.3800,17.3900,17.1550,17.1800,2.87 M,11/30/17,-0.10000000000000142,-0.5787037037037119
UBS,17.2600,17.3600,17.1600,17.2800,3.89 M,11/29/17,-0.029999999999997584,-0.17331022530327894
UBS,17.0500,17.3300,17.0100,17.3100,1.88 M,11/28/17,0.16999999999999815,0.9918319719953217
UBS,17.1500,17.2100,17.1136,17.1400,1.61 M,11/27/17,-0.120000000000001,-0.695249130938592
UBS,17.3000,17.3400,17.2600,17.2600,691774,11/24/17,0.060000000000002274,0.3488372093023388
UBS,17.2100,17.3000,17.1500,17.2000,1.20 M,11/22/17,0.08999999999999986,0.5260081823495024
UBS,17.1300,17.1735,17.0700,17.1100,1.22 M,11/21/17,0.00999999999999801,0.05847953216373105
UBS,17.1700,17.1700,17.0350,17.1000,1.58 M,11/20/17,-0.04999999999999716,-0.29154518950435665
UBS,17.0200,17.2000,16.9900,17.1500,1.55 M,11/17/17,0.09999999999999787,0.5865102639296063
UBS,17.1300,17.1500,17.0400,17.0500,1.10 M,11/16/17,0.07000000000000028,0.41224970553592627
UBS,16.8400,17.0150,16.8050,16.9800,1.16 M,11/15/17,-0.030000000000001137,-0.17636684303351638
UBS,17.0200,17.0450,16.9700,17.0100,1.18 M,11/14/17,0.0,0.0
UBS,16.9200,17.0500,16.8900,17.0100,1.29 M,11/13/17,-0.09999999999999787,-0.58445353594388
UBS,17.1300,17.1700,17.0900,17.1100,2.68 M,11/10/17,0.17999999999999972,1.0632014176018885
UBS,16.9200,16.9600,16.8100,16.9300,2.33 M,11/09/17,-0.019999999999999574,-0.11799410029498274
UBS,16.8600,16.9900,16.7900,16.9500,1.49 M,11/08/17,0.05000000000000071,0.2958579881656847
UBS,17.0000,17.0800,16.8550,16.9000,1.41 M,11/07/17,-0.15000000000000213,-0.8797653958944406
UBS,16.8600,17.0600,16.8600,17.0500,945907,11/06/17,-0.029999999999997584,-0.17564402810303037
UBS,17.0900,17.0900,17.0100,17.0800,1.17 M,11/03/17,-0.18000000000000327,-1.0428736964078984
UBS,17.0900,17.2700,17.0900,17.2600,2.03 M,11/02/17,0.360000000000003,2.1301775147929174
UBS,16.9200,16.9664,16.8600,16.9000,1.31 M,11/01/17,-0.11000000000000298,-0.6466784244562197
UBS,17.0100,17.0500,16.9900,17.0100,1.39 M,10/31/17,0.08999999999999986,0.5319148936170204
UBS,16.9600,17.0400,16.8900,16.9200,1.83 M,10/30/17,-0.08999999999999986,-0.5291005291005282
UBS,17.0600,17.0850,16.9500,17.0100,2.00 M,10/27/17,-0.10999999999999943,-0.6425233644859779
UBS,17.3300,17.3600,17.1100,17.1200,1.71 M,10/26/17,-0.16000000000000014,-0.9259259259259267
UBS,17.4200,17.4300,17.1700,17.2800,1.82 M,10/25/17,-0.129999999999999,-0.7466973004020621
UBS,17.3500,17.4750,17.3300,17.4100,3.10 M,10/24/17,0.08000000000000185,0.4616272360069351
UBS,17.3800,17.4000,17.2900,17.3300,1.41 M,10/23/17,-0.10000000000000142,-0.5737234652897385
UBS,17.3800,17.4500,17.3400,17.4300,1.01 M,10/20/17,0.120000000000001,0.6932409012131774
UBS,17.1900,17.3600,17.1900,17.3100,1.31 M,10/19/17,0.04999999999999716,0.28968713789106115
UBS,17.2100,17.3550,17.2000,17.2600,1.52 M,10/18/17,0.020000000000003126,0.11600928074247754
UBS,17.3300,17.3300,17.2000,17.2400,1.45 M,10/17/17,-0.0400000000000027,-0.23148148148149708
UBS,17.2200,17.3100,17.1800,17.2800,1.30 M,10/16/17,0.0,0.0
UBS,17.3200,17.4000,17.2600,17.2800,2.55 M,10/13/17,0.10000000000000142,0.5820721769499501
UBS,17.1500,17.2600,17.1150,17.1800,1.57 M,10/12/17,0.019999999999999574,0.11655011655011406
UBS,17.1500,17.1750,17.1100,17.1600,865725,10/11/17,-0.05000000000000071,-0.2905287623474765
UBS,17.1000,17.2500,17.0850,17.2100,1.13 M,10/10/17,0.17999999999999972,1.056958308866704
UBS,17.1000,17.1150,16.9942,17.0300,897049,10/09/17,-0.0799999999999983,-0.467562828755104
UBS,17.1300,17.1400,17.0500,17.1100,1.43 M,10/06/17,-0.060000000000002274,-0.34944670937683325
UBS,17.0600,17.2300,17.0400,17.1700,1.25 M,10/05/17,0.22000000000000242,1.297935103244852
UBS,17.0700,17.1300,16.9400,16.9500,2.19 M,10/04/17,-0.240000000000002,-1.396160558464235
UBS,17.1200,17.2100,17.1150,17.1900,1.39 M,10/03/17,0.07000000000000028,0.4088785046728988
UBS,17.0800,17.1600,17.0100,17.1200,1.56 M,10/02/17,-0.029999999999997584,-0.17492711370260983
UBS,16.9200,17.1500,16.9100,17.1500,1.16 M,09/29/17,0.16999999999999815,1.0011778563015203
UBS,16.8900,17.0000,16.8800,16.9800,915362,09/28/17,0.05000000000000071,0.29533372711164035
UBS,16.9400,16.9700,16.8200,16.9300,1.36 M,09/27/17,0.25,1.498800959232614
UBS,16.7600,16.7800,16.6550,16.6800,998016,09/26/17,-0.10000000000000142,-0.5959475566150263
UBS,16.8300,16.8900,16.7200,16.7800,1.44 M,09/25/17,-0.1999999999999993,-1.177856301531209
UBS,16.8900,16.9800,16.8800,16.9800,974571,09/22/17,0.019999999999999574,0.11792452830188427
UBS,16.9500,17.0150,16.9300,16.9600,1.13 M,09/21/17,0.07000000000000028,0.41444641799881754
UBS,16.9100,16.9200,16.8100,16.8900,1.36 M,09/20/17,-0.05000000000000071,-0.29515938606848113
UBS,16.9100,17.0000,16.9100,16.9400,983808,09/19/17,0.13000000000000256,0.7733491969066185
UBS,16.7700,16.8500,16.7700,16.8100,1.10 M,09/18/17,0.10999999999999943,0.6586826347305356
UBS,16.7000,16.7250,16.6500,16.7000,1.23 M,09/15/17,0.07000000000000028,0.42092603728202216
UBS,16.6800,16.7057,16.6000,16.6300,1.88 M,09/14/17,-0.030000000000001137,-0.18007202881153142
UBS,16.7300,16.7900,16.6100,16.6600,2.07 M,09/13/17,-0.05000000000000071,-0.29922202274087795
UBS,16.7400,16.8110,16.6900,16.7100,3.62 M,09/12/17,0.23000000000000043,1.3956310679611676
UBS,16.5400,16.6100,16.4600,16.4800,2.41 M,09/11/17,0.08000000000000185,0.4878048780487918
UBS,16.4800,16.5200,16.3800,16.4000,1.76 M,09/08/17,0.14999999999999858,0.9230769230769144
UBS,16.3800,16.4100,16.2100,16.2500,3.03 M,09/07/17,-0.05999999999999872,-0.3678724708767549
UBS,16.2300,16.3600,16.2300,16.3100,1.73 M,09/06/17,0.14999999999999858,0.9282178217821694
UBS,16.3000,16.3350,16.0700,16.1600,3.02 M,09/05/17,-0.26000000000000156,-1.5834348355663919
UBS,16.4500,16.5000,16.4000,16.4200,2.77 M,09/01/17,-0.019999999999999574,-0.12165450121654241
UBS,16.3800,16.4800,16.3500,16.4400,3.86 M,08/31/17,-0.07000000000000028,-0.42398546335554377
UBS,16.5600,16.5700,16.4700,16.5100,1.73 M,08/30/17,-0.03999999999999915,-0.24169184290029697
UBS,16.4900,16.6300,16.4700,16.5500,1.35 M,08/29/17,-0.14999999999999858,-0.8982035928143628
UBS,16.8100,16.8100,16.6900,16.7000,1.07 M,08/28/17,-0.10999999999999943,-0.6543723973825071
UBS,16.7500,16.8599,16.7400,16.8100,1.06 M,08/25/17,0.11999999999999744,0.7189934092270667
UBS,16.7100,16.7565,16.6750,16.6900,1.08 M,08/24/17,0.0400000000000027,0.24024024024025648
UBS,16.5500,16.7000,16.5200,16.6500,1.62 M,08/23/17,-0.10000000000000142,-0.5970149253731428
UBS,16.6200,16.7500,16.6200,16.7500,1.24 M,08/22/17,-0.010000000000001563,-0.0596658711217277
UBS,16.6900,16.7800,16.6600,16.7600,1.10 M,08/21/17,-0.06999999999999673,-0.41592394533569066
UBS,16.8000,16.9000,16.7800,16.8300,1.61 M,08/18/17,0.0799999999999983,0.4776119402984973
UBS,16.9200,16.9799,16.7400,16.7500,1.20 M,08/17/17,-0.3299999999999983,-1.9320843091334796
UBS,17.1400,17.1600,17.0300,17.0800,1.02 M,08/16/17,-0.020000000000003126,-0.11695906432750365
UBS,17.1600,17.1800,17.0600,17.1000,910165,08/15/17,-0.019999999999999574,-0.11682242990653956
UBS,17.1100,17.1850,17.1090,17.1200,1.36 M,08/14/17,0.07000000000000028,0.41055718475073477
UBS,17.0600,17.1200,16.9900,17.0500,1.16 M,08/11/17,0.0,0.0
UBS,17.2800,17.3000,17.0400,17.0500,1.51 M,08/10/17,-0.259999999999998,-1.502021952628527
UBS,17.1700,17.3200,17.1300,17.3100,1.27 M,08/09/17,0.0799999999999983,0.46430644225187634
UBS,17.3800,17.4100,17.1900,17.2300,1.73 M,08/08/17,-0.25,-1.4302059496567505
UBS,17.3500,17.5090,17.3150,17.4800,1.32 M,08/07/17,-0.05000000000000071,-0.28522532800913125
UBS,17.5000,17.6050,17.4600,17.5300,1.43 M,08/04/17,0.07000000000000028,0.4009163802978252
UBS,17.4300,17.5300,17.4000,17.4600,1.01 M,08/03/17,-0.029999999999997584,-0.17152658662091244
UBS,17.4300,17.5300,17.4050,17.4900,918000,08/02/17,-0.08999999999999986,-0.5119453924914669
UBS,17.5300,17.6600,17.5300,17.5800,964786,08/01/17,0.14999999999999858,0.8605851979345874
UBS,17.4000,17.4600,17.2800,17.4300,1.91 M,07/31/17,-0.08999999999999986,-0.5136986301369855
UBS,17.3700,17.5700,17.2900,17.5200,2.34 M,07/28/17,-0.46000000000000085,-2.558398220244721
UBS,18.0400,18.0700,17.9200,17.9800,1.67 M,07/27/17,-0.129999999999999,-0.7178354500276036
UBS,18.1300,18.2100,18.0208,18.1100,1.97 M,07/26/17,-0.07000000000000028,-0.3850385038503866
UBS,18.2700,18.3100,18.1500,18.1800,2.11 M,07/25/17,0.120000000000001,0.6644518272425305
UBS,17.9700,18.0800,17.8818,18.0600,1.84 M,07/24/17,0.3999999999999986,2.2650056625141484
UBS,17.6800,17.6950,17.5550,17.6600,1.15 M,07/21/17,-0.14000000000000057,-0.7865168539325874
UBS,17.8100,17.8900,17.7816,17.8000,1.63 M,07/20/17,0.030000000000001137,0.16882386043894843
UBS,17.7200,17.8400,17.7000,17.7700,1.48 M,07/19/17,0.120000000000001,0.6798866855524136
UBS,17.6000,17.6500,17.5233,17.6500,1.44 M,07/18/17,0.16000000000000014,0.9148084619782741
UBS,17.4700,17.5450,17.4600,17.4900,1.10 M,07/17/17,-0.07000000000000028,-0.3986332574031907
UBS,17.3900,17.6000,17.3500,17.5600,1.32 M,07/14/17,0.04999999999999716,0.28555111364932695
UBS,17.5000,17.5400,17.4250,17.5100,1.30 M,07/13/17,0.05000000000000071,0.28636884306987803
UBS,17.4600,17.4900,17.3500,17.4600,1.40 M,07/12/17,-0.05000000000000071,-0.28555111364934727
UBS,17.5400,17.5700,17.3900,17.5100,1.35 M,07/11/17,-0.04999999999999716,-0.28473804100226174
UBS,17.4600,17.6100,17.4400,17.5600,1.28 M,07/10/17,0.00999999999999801,0.05698005698004564
UBS,17.4100,17.5700,17.3700,17.5500,2.12 M,07/07/17,0.240000000000002,1.3864818024263548
UBS,17.2500,17.4200,17.1900,17.3100,1.95 M,07/06/17,-0.05000000000000071,-0.2880184331797276
UBS,17.2400,17.3900,17.1401,17.3600,2.09 M,07/05/17,0.03999999999999915,0.23094688221708515
UBS,17.4000,17.4800,17.3200,17.3200,1.55 M,07/03/17,0.33999999999999986,2.0023557126030616
UBS,17.1800,17.1800,16.9050,16.9800,1.80 M,06/30/17,-0.129999999999999,-0.7597895967270544
UBS,17.2800,17.3000,16.9900,17.1100,3.09 M,06/29/17,0.05999999999999872,0.35190615835776373
UBS,16.8000,17.0800,16.7800,17.0500,2.88 M,06/28/17,0.46000000000000085,2.772754671488854
UBS,16.5300,16.6750,16.5100,16.5900,2.98 M,06/27/17,0.3500000000000014,2.1551724137931125
UBS,16.2300,16.3000,16.1700,16.2400,1.99 M,06/26/17,0.17999999999999972,1.1207970112079684
UBS,16.0900,16.1550,16.0100,16.0600,1.55 M,06/23/17,-0.08000000000000185,-0.4956629491945591
UBS,16.1000,16.2100,16.0550,16.1400,2.93 M,06/22/17,0.010000000000001563,0.0619962802231963
UBS,16.0600,16.1700,15.9850,16.1300,2.49 M,06/21/17,0.10999999999999943,0.6866416978776494
UBS,16.2300,16.2450,15.9900,16.0200,1.44 M,06/20/17,-0.2699999999999996,-1.6574585635359091
UBS,16.2600,16.3400,16.2300,16.2900,1.47 M,06/19/17,0.05999999999999872,0.36968576709795886
UBS,16.1300,16.2400,16.0510,16.2300,2.73 M,06/16/17,0.23000000000000043,1.4375000000000027
UBS,15.9300,16.0500,15.9200,16.0000,2.57 M,06/15/17,-0.17999999999999972,-1.112484548825709
UBS,16.2600,16.2600,16.0200,16.1800,3.12 M,06/14/17,-0.14000000000000057,-0.8578431372549055
UBS,16.2300,16.3500,16.2200,16.3200,2.93 M,06/13/17,0.35999999999999943,2.255639097744357
UBS,15.9700,16.0300,15.8500,15.9600,2.34 M,06/12/17,-0.0799999999999983,-0.49875311720697196
UBS,15.8300,16.0600,15.7900,16.0400,3.28 M,06/09/17,0.17999999999999972,1.1349306431273627
UBS,15.7900,15.9000,15.7700,15.8600,2.58 M,06/08/17,-0.21000000000000085,-1.3067828251400178
UBS,16.1000,16.1800,16.0200,16.0700,1.74 M,06/07/17,0.08999999999999986,0.5632040050062569
UBS,15.9700,16.0400,15.9127,15.9800,1.66 M,06/06/17,0.030000000000001137,0.188087774294678
UBS,16.0000,16.0600,15.9250,15.9500,1.39 M,06/05/17,-0.120000000000001,-0.7467330429371561
UBS,15.9900,16.1300,15.9201,16.0700,2.22 M,06/02/17,-0.030000000000001137,-0.18633540372671512
UBS,16.0100,16.1200,15.9700,16.1000,2.17 M,06/01/17,0.21000000000000085,1.3215859030837058
UBS,16.0700,16.0700,15.8600,15.8900,2.15 M,05/31/17,-0.10999999999999943,-0.6874999999999964
UBS,16.0300,16.1050,16.0000,16.0000,1.62 M,05/30/17,-0.21999999999999886,-1.3563501849568365
UBS,16.1600,16.2800,16.1500,16.2200,1.76 M,05/26/17,0.0,0.0
UBS,16.2800,16.3450,16.1650,16.2200,1.10 M,05/25/17,-0.019999999999999574,-0.1231527093596033
UBS,16.2700,16.3300,16.1900,16.2400,1.87 M,05/24/17,-0.240000000000002,-1.4563106796116625
UBS,16.4100,16.5700,16.3000,16.4800,2.22 M,05/23/17,0.019999999999999574,0.12150668286755512
UBS,16.4800,16.5250,16.3450,16.4600,2.42 M,05/22/17,0.08999999999999986,0.5497861942577877
UBS,16.3100,16.4800,16.2800,16.3700,2.20 M,05/19/17,0.3000000000000007,1.8668326073428794
UBS,15.9600,16.1500,15.9250,16.0700,4.80 M,05/18/17,-0.030000000000001137,-0.18633540372671512
UBS,16.2200,16.2650,16.0600,16.1000,2.94 M,05/17/17,-0.3999999999999986,-2.4242424242424154
UBS,16.4400,16.5100,16.4000,16.5000,3.44 M,05/16/17,0.21999999999999886,1.3513513513513442
UBS,16.7700,16.9369,16.2400,16.2800,8.47 M,05/15/17,-0.48999999999999844,-2.921884317233145
UBS,16.7800,16.8100,16.7010,16.7700,1.53 M,05/12/17,0.07000000000000028,0.4191616766467083
UBS,16.7900,16.8100,16.6610,16.7000,2.14 M,05/11/17,-0.23000000000000043,-1.3585351447135288
UBS,16.8800,16.9700,16.8700,16.9300,3.03 M,05/10/17,0.14000000000000057,0.8338296605122131
UBS,16.9200,16.9800,16.7500,16.7900,3.57 M,05/09/17,-0.26000000000000156,-1.5249266862170179
UBS,16.8700,17.0600,16.8300,17.0500,2.77 M,05/08/17,-0.5999999999999979,-3.3994334277620277
UBS,17.6200,17.7100,17.5200,17.6500,4.19 M,05/05/17,0.03999999999999915,0.22714366837023933
UBS,17.4700,17.6400,17.4500,17.6100,3.25 M,05/04/17,0.21000000000000085,1.206896551724143
UBS,17.3400,17.4850,17.3250,17.4000,2.30 M,05/03/17,0.10999999999999943,0.6362058993637908
UBS,17.1900,17.3000,17.1600,17.2900,1.93 M,05/02/17,0.16000000000000014,0.9340338587273798
UBS,17.0000,17.2600,16.8900,17.1300,3.76 M,05/01/17,0.11999999999999744,0.7054673721340237
UBS,17.2200,17.2400,16.9850,17.0100,3.44 M,04/28/17,0.28000000000000114,1.6736401673640235
UBS,16.8400,16.8500,16.6700,16.7300,2.33 M,04/27/17,-0.00999999999999801,-0.05973715651133818
UBS,16.6900,16.8600,16.6800,16.7400,2.35 M,04/26/17,0.11999999999999744,0.7220216606498041
UBS,16.5600,16.7600,16.5400,16.6200,2.63 M,04/25/17,0.15000000000000213,0.9107468123861696
UBS,16.3500,16.5100,16.2800,16.4700,4.26 M,04/24/17,0.9099999999999984,5.848329048843176
UBS,15.6400,15.7050,15.5300,15.5600,1.90 M,04/21/17,-0.009999999999999787,-0.06422607578676806
UBS,15.4900,15.6100,15.4900,15.5700,1.75 M,04/20/17,0.2400000000000002,1.565557729941293
UBS,15.4600,15.5050,15.3100,15.3300,2.04 M,04/19/17,0.13000000000000078,0.855263157894742
UBS,15.2500,15.2700,15.1000,15.2000,2.51 M,04/18/17,-0.2400000000000002,-1.5544041450777217
UBS,15.2300,15.4500,15.2100,15.4400,1.48 M,04/17/17,0.25,1.6458196181698486
UBS,15.2900,15.4000,15.1900,15.1900,2.22 M,04/13/17,-0.20000000000000107,-1.2995451591942888
UBS,15.4800,15.5000,15.3800,15.3900,2.01 M,04/12/17,-0.2599999999999998,-1.6613418530351425
UBS,15.6000,15.6850,15.4800,15.6500,1.68 M,04/11/17,0.0,0.0
UBS,15.6600,15.7000,15.5900,15.6500,1.39 M,04/10/17,0.09999999999999964,0.6430868167202549
UBS,15.5000,15.6500,15.5000,15.5500,1.45 M,04/07/17,-0.02999999999999936,-0.1925545571245145
UBS,15.5500,15.6600,15.4601,15.5800,1.71 M,04/06/17,0.08999999999999986,0.5810200129115549
UBS,15.6800,15.7300,15.4700,15.4900,2.66 M,04/05/17,-0.22000000000000064,-1.400381922342461
UBS,15.6800,15.7700,15.6300,15.7100,1.20 M,04/04/17,-0.08999999999999986,-0.569620253164556
UBS,15.8900,15.9500,15.6700,15.8000,1.93 M,04/03/17,-0.14999999999999858,-0.9404388714733454
UBS,16.0000,16.0700,15.9500,15.9500,1.53 M,03/31/17,-0.010000000000001563,-0.06265664160401982
UBS,15.9300,16.0650,15.8900,15.9600,2.07 M,03/30/17,0.11000000000000121,0.6940063091482727
UBS,15.8400,15.9200,15.7750,15.8500,1.63 M,03/29/17,-0.040000000000000924,-0.25173064820642493
UBS,15.7400,15.9400,15.7233,15.8900,2.63 M,03/28/17,0.10000000000000142,0.6333122229259115
UBS,15.5100,15.8100,15.4800,15.7900,2.17 M,03/27/17,0.15999999999999837,1.0236724248240459
UBS,15.6000,15.7271,15.5300,15.6300,1.40 M,03/24/17,0.030000000000001137,0.1923076923076996
UBS,15.6000,15.7400,15.5550,15.6000,1.72 M,03/23/17,-0.0600000000000005,-0.38314176245211046
UBS,15.5400,15.7800,15.5200,15.6600,2.41 M,03/22/17,-0.02999999999999936,-0.19120458891012979
UBS,16.2100,16.2300,15.6800,15.6900,3.17 M,03/21/17,-0.09999999999999964,-0.6333122229259003
UBS,15.8400,15.9450,15.7900,15.7900,1.53 M,03/20/17,-0.25,-1.5586034912718205
UBS,16.2200,16.2300,16.0400,16.0400,2.13 M,03/17/17,-0.22000000000000242,-1.3530135301353161
UBS,16.1500,16.2800,16.1300,16.2600,2.14 M,03/16/17,0.32000000000000206,2.0075282308657596
UBS,16.1000,16.1300,15.9000,15.9400,3.30 M,03/15/17,0.09999999999999964,0.631313131313129
UBS,15.8500,15.9000,15.7999,15.8400,1.54 M,03/14/17,-0.08999999999999986,-0.5649717514124285
UBS,16.0100,16.0700,15.9200,15.9300,2.13 M,03/13/17,-0.08999999999999986,-0.5617977528089879
UBS,15.9200,16.0600,15.8800,16.0200,2.80 M,03/10/17,0.1399999999999988,0.881612090680093
UBS,15.9200,16.0000,15.8000,15.8800,2.91 M,03/09/17,0.3100000000000005,1.9910083493898554
UBS,15.8800,15.9000,15.5500,15.5700,3.20 M,03/08/17,-0.09999999999999964,-0.6381620931716634
UBS,15.6200,15.7300,15.5800,15.6700,2.64 M,03/07/17,-0.13000000000000078,-0.8227848101265872
UBS,15.9100,15.9100,15.7600,15.8000,2.80 M,03/06/17,-0.1999999999999993,-1.2499999999999956
UBS,16.1100,16.1800,15.9900,16.0000,4.97 M,03/03/17,0.1899999999999995,1.2017710309930392
UBS,15.9900,15.9999,15.8000,15.8100,1.93 M,03/02/17,-0.2400000000000002,-1.4953271028037396
UBS,15.9000,16.1100,15.9000,16.0500,2.20 M,03/01/17,0.6800000000000015,4.4242029928432105
UBS,15.3000,15.4300,15.3000,15.3700,1.34 M,02/28/17,-0.010000000000001563,-0.06501950585176569
UBS,15.3100,15.4100,15.3100,15.3800,1.41 M,02/27/17,0.0600000000000005,0.3916449086161912
UBS,15.2700,15.3600,15.2400,15.3200,1.76 M,02/24/17,-0.1899999999999995,-1.2250161186331368
UBS,15.6400,15.6500,15.4600,15.5100,2.09 M,02/23/17,-0.040000000000000924,-0.2572347266881088
UBS,15.4700,15.5800,15.4450,15.5500,2.23 M,02/22/17,-0.28999999999999915,-1.8308080808080753
UBS,15.8500,15.9100,15.7700,15.8400,1.39 M,02/21/17,-0.009999999999999787,-0.06309148264984092
UBS,15.6900,15.8600,15.6900,15.8500,1.91 M,02/17/17,-0.13000000000000078,-0.8135168961201551
UBS,15.9700,16.0000,15.8801,15.9800,1.94 M,02/16/17,-0.05999999999999872,-0.37406483790522893
UBS,15.9700,16.0700,15.9700,16.0400,1.86 M,02/15/17,0.15999999999999837,1.0075566750629619
UBS,15.7400,15.9100,15.7100,15.8800,3.37 M,02/14/17,0.040000000000000924,0.25252525252525837
UBS,15.7700,15.8900,15.7600,15.8400,2.44 M,02/13/17,-0.0600000000000005,-0.37735849056604087
UBS,15.8300,15.9400,15.8000,15.9000,1.63 M,02/10/17,-0.08000000000000007,-0.5006257822277852
UBS,15.9000,16.0150,15.8600,15.9800,1.42 M,02/09/17,0.09999999999999964,0.6297229219143554
UBS,15.7500,15.9250,15.6200,15.8800,2.15 M,02/08/17,0.010000000000001563,0.06301197227474205
UBS,15.9600,16.0500,15.8100,15.8700,1.68 M,02/07/17,-0.040000000000000924,-0.2514142049025828
UBS,15.9100,15.9800,15.8700,15.9100,1.93 M,02/06/17,-0.25,-1.547029702970297
UBS,16.0700,16.2100,16.0500,16.1600,2.64 M,02/03/17,0.3100000000000005,1.9558359621451136
UBS,15.9600,15.9700,15.8000,15.8500,1.89 M,02/02/17,-0.20000000000000107,-1.2461059190031218
UBS,16.0100,16.1000,15.9400,16.0500,2.82 M,02/01/17,-0.05999999999999872,-0.37243947858472204
UBS,16.3100,16.3300,16.0400,16.1100,1.96 M,01/31/17,-0.1700000000000017,-1.0442260442260547
UBS,16.3400,16.3500,16.1600,16.2800,2.64 M,01/30/17,-0.019999999999999574,-0.12269938650306486
UBS,16.4900,16.4900,16.1300,16.3000,4.20 M,01/27/17,-0.6099999999999994,-3.607332939089293
UBS,17.1200,17.2350,16.8750,16.9100,2.24 M,01/26/17,-0.33999999999999986,-1.9710144927536224
UBS,17.0600,17.2600,17.0400,17.2500,2.71 M,01/25/17,0.3999999999999986,2.3738872403560745
UBS,16.7300,16.9400,16.7300,16.8500,1.61 M,01/24/17,0.2700000000000031,1.6284680337756523
UBS,16.4400,16.6000,16.3838,16.5800,1.50 M,01/23/17,-0.05000000000000071,-0.3006614552014475
UBS,16.4900,16.6400,16.4850,16.6300,1.53 M,01/20/17,-0.0400000000000027,-0.23995200959809657
UBS,16.7000,16.7200,16.5531,16.6700,2.10 M,01/19/17,0.1700000000000017,1.0303030303030407
UBS,16.5100,16.5300,16.3815,16.5000,1.96 M,01/18/17,-0.23999999999999844,-1.4336917562723923
UBS,17.0300,17.0550,16.7100,16.7400,2.57 M,01/17/17,-0.3200000000000003,-1.875732708089099
UBS,17.0900,17.1950,17.0000,17.0600,3.31 M,01/13/17,0.389999999999997,2.3395320935812656
UBS,16.6600,16.7200,16.5200,16.6700,2.99 M,01/12/17,-0.09999999999999787,-0.5963029218843046
UBS,16.3500,16.7750,16.3250,16.7700,2.54 M,01/11/17,0.3000000000000007,1.8214936247723177
UBS,16.3700,16.5800,16.3600,16.4700,2.24 M,01/10/17,0.00999999999999801,0.06075334143376677
UBS,16.4800,16.5550,16.3850,16.4600,1.88 M,01/09/17,-0.3200000000000003,-1.9070321811680588
UBS,16.6300,16.8700,16.5750,16.7800,2.11 M,01/06/17,-0.019999999999999574,-0.1190476190476165
UBS,16.8200,16.8950,16.6700,16.8000,1.67 M,01/05/17,-0.07000000000000028,-0.4149377593361012
UBS,16.7300,16.8800,16.5800,16.8700,2.81 M,01/04/17,0.5300000000000011,3.2435740514075957
UBS,16.2200,16.3600,16.1550,16.3400,2.87 M,01/03/17,0.6699999999999999,4.2756860242501595
UBS,15.6000,15.8000,15.5700,15.6700,1.58 M,12/30/16,0.1899999999999995,1.2273901808785497
UBS,15.6800,15.7000,15.4800,15.4800,1.91 M,12/29/16,-0.08000000000000007,-0.5141388174807202
UBS,15.6600,15.7400,15.5600,15.5600,1.65 M,12/28/16,-0.2400000000000002,-1.518987341772153
UBS,15.7500,15.8200,15.7300,15.8000,1.14 M,12/27/16,0.07000000000000028,0.44500953591862863
UBS,15.6500,15.7700,15.6300,15.7300,2.23 M,12/23/16,-0.16000000000000014,-1.0069225928256773
UBS,15.9600,15.9700,15.8600,15.8900,1.46 M,12/22/16,-0.14000000000000057,-0.8733624454148506
UBS,16.0900,16.1100,16.0000,16.0300,1.86 M,12/21/16,-0.14000000000000057,-0.8658008658008692
UBS,16.0200,16.1800,15.9800,16.1700,3.23 M,12/20/16,0.10000000000000142,0.6222775357809671
UBS,16.0400,16.1400,15.9900,16.0700,1.94 M,12/19/16,0.03999999999999915,0.24953212726137958
UBS,16.1100,16.1600,16.0100,16.0300,2.30 M,12/16/16,-0.17999999999999972,-1.1104256631708804
UBS,16.1400,16.3350,16.1100,16.2100,3.18 M,12/15/16,-0.14999999999999858,-0.916870415647913
UBS,16.3900,16.6200,16.3100,16.3600,3.38 M,12/14/16,-0.41000000000000014,-2.4448419797257017
UBS,16.6200,16.9050,16.5600,16.7700,2.83 M,12/13/16,0.23000000000000043,1.3905683192261211
UBS,16.7300,16.7800,16.4700,16.5400,1.94 M,12/12/16,-0.240000000000002,-1.4302741358760547
UBS,16.7800,16.8100,16.6800,16.7800,2.76 M,12/09/16,-0.5199999999999996,-3.005780346820807
UBS,17.2700,17.3800,17.1600,17.3000,3.76 M,12/08/16,-0.07000000000000028,-0.4029936672423735
UBS,16.9300,17.4411,16.9300,17.3700,4.22 M,12/07/16,0.33999999999999986,1.99647680563711
UBS,16.4700,17.0300,16.4500,17.0300,5.98 M,12/06/16,0.9000000000000021,5.579665220086809
UBS,15.7500,16.1400,15.7500,16.1300,4.79 M,12/05/16,0.46999999999999886,3.0012771392081663
UBS,15.7200,15.8050,15.6100,15.6600,2.02 M,12/02/16,-0.3000000000000007,-1.8796992481203052
UBS,15.8400,16.0900,15.7800,15.9600,2.31 M,12/01/16,0.11000000000000121,0.6940063091482727
UBS,15.6300,15.9500,15.6200,15.8500,2.10 M,11/30/16,0.33999999999999986,2.1921341070277234
UBS,15.5000,15.6200,15.4500,15.5100,1.68 M,11/29/16,0.16000000000000014,1.042345276872965
UBS,15.6000,15.6400,15.3500,15.3500,1.59 M,11/28/16,-0.41999999999999993,-2.6632847178186427
UBS,15.7400,15.8000,15.7000,15.7700,660612,11/25/16,0.15000000000000036,0.9603072983354697
UBS,15.4900,15.6650,15.4300,15.6200,1.70 M,11/23/16,-0.16000000000000014,-1.0139416983523457
UBS,15.7300,15.8000,15.6502,15.7800,1.20 M,11/22/16,0.02999999999999936,0.1904761904761864
UBS,15.7500,15.7700,15.6350,15.7500,1.53 M,11/21/16,-0.14000000000000057,-0.8810572687224705
UBS,15.9500,15.9650,15.8500,15.8900,1.77 M,11/18/16,-0.09999999999999964,-0.6253908692933061
UBS,15.9700,16.0500,15.9250,15.9900,1.80 M,11/17/16,0.08999999999999986,0.5660377358490557
UBS,16.0000,16.0250,15.8500,15.9000,1.96 M,11/16/16,-0.42999999999999794,-2.633190447029994
UBS,15.9800,16.3350,15.9100,16.3300,2.20 M,11/15/16,-0.020000000000003126,-0.12232415902142584
UBS,15.9300,16.3700,15.9300,16.3500,5.07 M,11/14/16,0.5400000000000009,3.415559772296021
UBS,15.6200,15.8300,15.5650,15.8100,2.95 M,11/11/16,0.11000000000000121,0.700636942675167
UBS,15.5700,15.7300,15.2400,15.7000,6.45 M,11/10/16,1.2599999999999998,8.725761772853184
UBS,14.0600,14.5150,14.0300,14.4400,3.40 M,11/09/16,0.28999999999999915,2.049469964664305
UBS,14.0700,14.2400,13.9900,14.1500,1.91 M,11/08/16,0.0,0.0
UBS,14.0900,14.1700,13.9910,14.1500,3.28 M,11/07/16,0.6400000000000006,4.7372316802368655
UBS,13.4600,13.6000,13.3800,13.5100,2.79 M,11/04/16,-0.07000000000000028,-0.5154639175257753
UBS,13.8000,13.8300,13.5400,13.5800,1.56 M,11/03/16,-0.1899999999999995,-1.3798111837327487
UBS,13.8300,13.9000,13.7300,13.7700,2.19 M,11/02/16,-0.22000000000000064,-1.5725518227305264
UBS,14.2700,14.2900,13.9200,13.9900,2.69 M,11/01/16,-0.08000000000000007,-0.5685856432125094
UBS,14.2200,14.2350,14.0550,14.0700,1.96 M,10/31/16,-0.28999999999999915,-2.0194986072423338
UBS,14.2900,14.4700,14.2300,14.3600,3.52 M,10/28/16,0.379999999999999,2.7181688125894063
UBS,13.9100,14.1000,13.9000,13.9800,1.64 M,10/27/16,0.21000000000000085,1.525054466230943
UBS,13.7200,13.8200,13.7100,13.7700,1.05 M,10/26/16,-0.030000000000001137,-0.21739130434783432
UBS,13.7700,13.8200,13.7400,13.8000,1.20 M,10/25/16,-0.049999999999998934,-0.36101083032490205
UBS,13.8700,13.9200,13.8000,13.8500,1.24 M,10/24/16,0.17999999999999972,1.3167520117044602
UBS,13.5600,13.6900,13.5400,13.6700,1.13 M,10/21/16,0.02999999999999936,0.21994134897360235
UBS,13.5900,13.7200,13.5300,13.6400,2.15 M,10/20/16,-0.07000000000000028,-0.5105762217359612
UBS,13.5800,13.7500,13.5500,13.7100,2.05 M,10/19/16,0.20000000000000107,1.4803849000740272
UBS,13.4400,13.5476,13.3700,13.5100,1.49 M,10/18/16,0.16000000000000014,1.1985018726591772
UBS,13.3800,13.3950,13.2800,13.3500,2.27 M,10/17/16,-0.07000000000000028,-0.5216095380029827
UBS,13.4900,13.5800,13.3550,13.4200,1.74 M,10/14/16,0.07000000000000028,0.5243445692883917
UBS,13.2800,13.4200,13.2100,13.3500,1.43 M,10/13/16,-0.33000000000000007,-2.4122807017543866
UBS,13.7300,13.8000,13.6600,13.6800,1.05 M,10/12/16,-0.08999999999999986,-0.6535947712418291
UBS,13.9300,13.9400,13.7000,13.7700,1.34 M,10/11/16,-0.16000000000000014,-1.148600143575019
UBS,13.7800,13.9950,13.7700,13.9300,2.19 M,10/10/16,0.019999999999999574,0.14378145219266408
UBS,13.9600,13.9600,13.7750,13.9100,1.51 M,10/07/16,-0.019999999999999574,-0.1435750179468742
UBS,14.1200,14.1200,13.9200,13.9300,2.06 M,10/06/16,-0.16999999999999993,-1.2056737588652477
UBS,14.0200,14.1400,13.9801,14.1000,1.93 M,10/05/16,0.2699999999999996,1.9522776572668081
UBS,13.7100,13.8600,13.6650,13.8300,3.13 M,10/04/16,0.3100000000000005,2.2928994082840273
UBS,13.6500,13.6600,13.4400,13.5200,2.20 M,10/03/16,-0.09999999999999964,-0.7342143906020532
UBS,13.3700,13.7100,13.3550,13.6200,3.37 M,09/30/16,0.5599999999999987,4.287901990811629
UBS,13.4000,13.5700,12.8610,13.0600,4.73 M,09/29/16,-0.5099999999999998,-3.758290346352246
UBS,13.5000,13.5900,13.3900,13.5700,1.34 M,09/28/16,0.14000000000000057,1.0424422933730497
UBS,13.2100,13.4350,13.1800,13.4300,2.34 M,09/27/16,-0.019999999999999574,-0.14869888475836116
UBS,13.4800,13.5653,13.4050,13.4500,2.16 M,09/26/16,-0.3600000000000012,-2.6068066618392556
UBS,13.8100,13.8900,13.7800,13.8100,1.15 M,09/23/16,-0.16000000000000014,-1.145311381531855
UBS,14.0100,14.0600,13.8900,13.9700,1.66 M,09/22/16,0.14000000000000057,1.012292118582795
UBS,13.7100,13.8500,13.6550,13.8300,1.98 M,09/21/16,0.3200000000000003,2.3686158401184327
UBS,13.5900,13.6100,13.5100,13.5100,1.22 M,09/20/16,-0.120000000000001,-0.8804108584005942
UBS,13.7600,13.8000,13.5650,13.6300,2.14 M,09/19/16,-0.1399999999999988,-1.0167029774872824
UBS,13.8000,13.8300,13.7200,13.7700,1.70 M,09/16/16,-0.4900000000000002,-3.4361851332398334
UBS,14.1000,14.3100,14.0600,14.2600,1.76 M,09/15/16,0.08999999999999986,0.6351446718419186
UBS,14.1600,14.2400,14.0950,14.1700,1.79 M,09/14/16,-0.17999999999999972,-1.2543554006968622
UBS,14.4900,14.5300,14.3000,14.3500,1.86 M,09/13/16,-0.3200000000000003,-2.1813224267212017
UBS,14.4400,14.7188,14.3602,14.6700,1.96 M,09/12/16,-0.009999999999999787,-0.06811989100817294
UBS,14.7900,14.8800,14.6600,14.6800,1.76 M,09/09/16,0.0,0.0
UBS,14.5600,14.7100,14.5000,14.6800,1.43 M,09/08/16,0.09999999999999964,0.6858710562414242
UBS,14.6000,14.6700,14.5400,14.5800,1.71 M,09/07/16,0.040000000000000924,0.27510316368638876
UBS,14.6600,14.6800,14.4700,14.5400,1.97 M,09/06/16,-0.1700000000000017,-1.1556764106050421
UBS,14.5800,14.7500,14.5200,14.7100,1.69 M,09/02/16,0.25,1.7289073305670815
UBS,14.5400,14.6000,14.3010,14.4600,1.91 M,09/01/16,0.010000000000001563,0.06920415224914576
UBS,14.4800,14.5500,14.3400,14.4500,2.18 M,08/31/16,0.16999999999999993,1.19047619047619
UBS,14.1800,14.3000,14.1800,14.2800,1.59 M,08/30/16,0.17999999999999972,1.2765957446808491
UBS,14.0300,14.1500,14.0300,14.1000,1.03 M,08/29/16,0.07000000000000028,0.4989308624376357
UBS,14.1000,14.2650,13.9100,14.0300,1.72 M,08/26/16,-0.02000000000000135,-0.14234875444840817
UBS,14.0500,14.1400,14.0300,14.0500,1.23 M,08/25/16,-0.03999999999999915,-0.2838892831795539
UBS,14.1800,14.2500,14.0800,14.0900,2.24 M,08/24/16,0.25,1.8063583815028903
UBS,13.7500,13.9400,13.7500,13.8400,1.90 M,08/23/16,0.34999999999999964,2.5945144551519617
UBS,13.4000,13.5200,13.3400,13.4900,1.55 M,08/22/16,0.02999999999999936,0.22288261515601307
UBS,13.4500,13.4700,13.3800,13.4600,1.33 M,08/19/16,-0.1999999999999993,-1.4641288433382085
UBS,13.5600,13.6650,13.5410,13.6600,1.38 M,08/18/16,-0.05000000000000071,-0.36469730123997596
UBS,13.6100,13.7800,13.5403,13.7100,1.26 M,08/17/16,-0.009999999999999787,-0.07288629737609174
UBS,13.8200,13.8700,13.7200,13.7200,1.59 M,08/16/16,-0.08999999999999986,-0.6517016654598107
UBS,13.8600,13.8700,13.7600,13.8100,1.35 M,08/15/16,-0.049999999999998934,-0.36075036075035305
UBS,13.8900,13.9050,13.8000,13.8600,1.21 M,08/12/16,0.08000000000000007,0.5805515239477509
UBS,13.7400,13.8500,13.7200,13.7800,1.18 M,08/11/16,0.08999999999999986,0.6574141709276834
UBS,13.7500,13.7650,13.6700,13.6900,1.51 M,08/10/16,0.02999999999999936,0.21961932650072738
UBS,13.5400,13.6700,13.5200,13.6600,1.23 M,08/09/16,0.10999999999999943,0.8118081180811766
UBS,13.6300,13.6500,13.5200,13.5500,2.25 M,08/08/16,0.08999999999999986,0.6686478454680524
UBS,13.3200,13.5200,13.3100,13.4600,2.41 M,08/05/16,0.23000000000000043,1.7384731670445988
UBS,13.1700,13.2600,13.1200,13.2300,1.32 M,08/04/16,0.11000000000000121,0.8384146341463508
UBS,13.0200,13.1200,12.9500,13.1200,2.70 M,08/03/16,0.14999999999999858,1.15651503469544
UBS,13.0400,13.0500,12.9300,12.9700,3.31 M,08/02/16,-0.5199999999999996,-3.854707190511487
UBS,13.7000,13.7400,13.4900,13.4900,2.96 M,08/01/16,-0.28999999999999915,-2.104499274310589
UBS,14.0300,14.0400,13.7400,13.7800,2.25 M,07/29/16,0.21999999999999886,1.6224188790560388
UBS,13.6500,13.6650,13.5000,13.5600,2.99 M,07/28/16,-0.09999999999999964,-0.7320644216691042
UBS,13.7300,13.7500,13.5801,13.6600,2.16 M,07/27/16,0.16000000000000014,1.1851851851851862
UBS,13.4900,13.6000,13.4000,13.5000,1.66 M,07/26/16,0.02999999999999936,0.22271714922048522
UBS,13.5600,13.6100,13.4100,13.4700,1.71 M,07/25/16,0.1800000000000015,1.3544018058690859
UBS,13.3900,13.4001,13.2800,13.2900,1.47 M,07/22/16,0.0799999999999983,0.6056018168054375
UBS,13.3300,13.4100,13.1700,13.2100,2.00 M,07/21/16,-0.0799999999999983,-0.6019563581640203
UBS,13.2400,13.3100,13.1500,13.2900,1.73 M,07/20/16,0.2599999999999998,1.9953952417498066
UBS,13.0400,13.1500,13.0100,13.0300,1.62 M,07/19/16,-0.19000000000000128,-1.4372163388804937
UBS,13.1300,13.2300,13.0500,13.2200,2.51 M,07/18/16,0.05000000000000071,0.37965072133637595
UBS,13.2800,13.3000,13.1100,13.1700,2.01 M,07/15/16,-0.05000000000000071,-0.3782148260211854
UBS,13.1700,13.2900,13.1200,13.2200,2.71 M,07/14/16,0.3000000000000007,2.3219814241486123
UBS,12.8400,12.9350,12.7890,12.9200,3.94 M,07/13/16,0.09999999999999964,0.7800312012480471
UBS,12.8900,12.9300,12.6600,12.8200,6.25 M,07/12/16,0.3100000000000005,2.478017585931259
UBS,12.4000,12.6100,12.3700,12.5100,3.84 M,07/11/16,0.2599999999999998,2.122448979591835
UBS,12.3400,12.3600,12.1500,12.2500,4.59 M,07/08/16,0.019999999999999574,0.1635322976287782
UBS,12.3000,12.4500,12.1400,12.2300,2.94 M,07/07/16,-0.16999999999999993,-1.3709677419354833
UBS,12.0100,12.4100,11.9300,12.4000,4.44 M,07/06/16,0.040000000000000924,0.32362459546926314
UBS,12.5700,12.6000,12.3000,12.3600,3.16 M,07/05/16,-0.8100000000000005,-6.150341685649207
UBS,13.1700,13.2500,13.1100,13.1700,2.41 M,07/01/16,0.20999999999999908,1.6203703703703631
UBS,12.9500,12.9800,12.7900,12.9600,7.94 M,06/30/16,-0.0799999999999983,-0.6134969325153243
UBS,12.8200,13.0600,12.7650,13.0400,4.62 M,06/29/16,0.35999999999999943,2.839116719242898
UBS,12.7300,12.8000,12.4500,12.6800,7.19 M,06/28/16,-0.13000000000000078,-1.014832162373152
UBS,13.0700,13.0700,12.6100,12.8100,7.99 M,06/27/16,-1.1399999999999988,-8.172043010752681
UBS,14.0800,14.2850,13.9201,13.9500,6.93 M,06/24/16,-2.150000000000002,-13.354037267080757
UBS,15.9200,16.1000,15.8500,16.1000,2.19 M,06/23/16,0.6100000000000012,3.9380245319561085
UBS,15.6400,15.7800,15.4700,15.4900,4.71 M,06/22/16,0.05000000000000071,0.3238341968911963
UBS,15.4400,15.5000,15.3600,15.4400,2.68 M,06/21/16,0.379999999999999,2.523240371845943
UBS,15.2100,15.2600,15.0500,15.0600,1.84 M,06/20/16,0.34999999999999964,2.379333786539766
UBS,14.4500,14.7400,14.4300,14.7100,3.19 M,06/17/16,0.6000000000000014,4.252303330970953
UBS,13.8300,14.1600,13.7100,14.1100,2.57 M,06/16/16,0.16000000000000014,1.1469534050179222
UBS,13.9800,14.1500,13.8900,13.9500,2.69 M,06/15/16,0.16000000000000014,1.1602610587382172
UBS,13.9600,14.0500,13.6800,13.7900,2.99 M,06/14/16,-0.1800000000000015,-1.2884753042233463
UBS,13.9900,14.2200,13.9300,13.9700,2.14 M,06/13/16,-0.35999999999999943,-2.5122121423586843
UBS,14.4700,14.4800,14.2800,14.3300,2.49 M,06/10/16,-0.41999999999999993,-2.8474576271186436
UBS,14.8100,14.8200,14.7050,14.7500,1.86 M,06/09/16,-0.3699999999999992,-2.447089947089942
UBS,15.2100,15.2700,15.0900,15.1200,1.21 M,06/08/16,0.03999999999999915,0.2652519893899148
UBS,15.0600,15.1750,15.0600,15.0800,1.43 M,06/07/16,0.16999999999999993,1.1401743796109989
UBS,14.7600,14.9600,14.7600,14.9100,1.59 M,06/06/16,0.10999999999999943,0.7432432432432393
UBS,14.8400,14.8500,14.6300,14.8000,2.34 M,06/03/16,-0.33000000000000007,-2.1810971579643095
UBS,15.0900,15.1600,15.0450,15.1300,1.86 M,06/02/16,-0.20999999999999908,-1.3689700130378037
UBS,15.2900,15.3600,15.1900,15.3400,1.95 M,06/01/16,-0.05000000000000071,-0.3248862897985751
UBS,15.4100,15.5200,15.3200,15.3900,2.13 M,05/31/16,-0.049999999999998934,-0.3238341968911848
UBS,15.4700,15.5300,15.4100,15.4400,1.22 M,05/27/16,-0.05000000000000071,-0.32278889606198
UBS,15.5800,15.6000,15.4800,15.4900,1.56 M,05/26/16,0.08000000000000007,0.5191434133679433
UBS,15.3100,15.4411,15.3100,15.4100,1.48 M,05/25/16,0.34999999999999964,2.324037184594951
UBS,14.9700,15.1200,14.9400,15.0600,2.30 M,05/24/16,0.21000000000000085,1.41414141414142
UBS,14.8200,14.9200,14.7900,14.8500,1.89 M,05/23/16,0.019999999999999574,0.13486176668914074
UBS,14.8200,14.8900,14.8000,14.8300,1.43 M,05/20/16,0.07000000000000028,0.4742547425474274
UBS,14.8000,14.9000,14.6600,14.7600,2.86 M,05/19/16,0.0600000000000005,0.40816326530612584
UBS,14.4400,14.7485,14.4200,14.7000,3.64 M,05/18/16,0.2699999999999996,1.871101871101868
UBS,14.4100,14.6100,14.3400,14.4300,5.19 M,05/17/16,-0.21000000000000085,-1.4344262295082024
UBS,14.6400,14.7300,14.5600,14.6400,3.84 M,05/16/16,-0.08000000000000007,-0.5434782608695656
UBS,14.9400,15.0700,14.7100,14.7200,2.08 M,05/13/16,-0.28999999999999915,-1.9320453031312401
UBS,15.1800,15.2300,14.9500,15.0100,2.55 M,05/12/16,-0.8100000000000005,-5.1201011378002566
UBS,15.7500,15.9800,15.7400,15.8200,2.31 M,05/11/16,-0.16999999999999993,-1.0631644777986238
UBS,15.9000,16.0200,15.8800,15.9900,2.20 M,05/10/16,0.3100000000000005,1.9770408163265338
UBS,15.6500,15.7500,15.6200,15.6800,2.34 M,05/09/16,0.08000000000000007,0.5128205128205133
UBS,15.4600,15.6500,15.4400,15.6000,1.64 M,05/06/16,0.0,0.0
UBS,15.7000,15.7150,15.5500,15.6000,2.99 M,05/05/16,-0.08999999999999986,-0.5736137667304007
UBS,15.7200,15.8600,15.6300,15.6900,4.00 M,05/04/16,-0.22000000000000064,-1.3827781269641775
UBS,16.1600,16.1600,15.8800,15.9100,4.78 M,05/03/16,-1.3200000000000003,-7.661056297156125
UBS,17.2500,17.3600,17.1750,17.2300,2.66 M,05/02/16,-0.03999999999999915,-0.23161551823971713
UBS,17.2900,17.3400,17.1600,17.2700,4.48 M,04/29/16,0.10999999999999943,0.6410256410256377
UBS,17.0800,17.3800,17.0700,17.1600,2.91 M,04/28/16,0.03999999999999915,0.23364485981307911
UBS,16.9700,17.1600,16.9700,17.1200,1.96 M,04/27/16,0.10000000000000142,0.5875440658049438
UBS,17.0700,17.0900,16.9650,17.0200,2.51 M,04/26/16,0.379999999999999,2.28365384615384
UBS,16.6100,16.6700,16.5400,16.6400,2.03 M,04/25/16,0.030000000000001137,0.18061408789886296
UBS,16.4800,16.6500,16.4700,16.6100,1.54 M,04/22/16,0.14000000000000057,0.8500303582270831
UBS,16.7000,16.7003,16.4100,16.4700,2.52 M,04/21/16,-0.28000000000000114,-1.671641791044783
UBS,16.6500,16.8000,16.6100,16.7500,2.31 M,04/20/16,0.23000000000000043,1.392251815980632
UBS,16.4000,16.5500,16.3900,16.5200,2.84 M,04/19/16,0.33999999999999986,2.1013597033374527
UBS,16.0100,16.2200,16.0000,16.1800,2.20 M,04/18/16,0.20999999999999908,1.3149655604257926
UBS,15.9900,16.0600,15.9500,15.9700,1.90 M,04/15/16,-0.13000000000000078,-0.8074534161490731
UBS,16.0300,16.1300,15.9000,16.1000,3.66 M,04/14/16,0.13000000000000078,0.8140262993112134
UBS,15.8900,15.9850,15.7999,15.9700,3.71 M,04/13/16,0.5300000000000011,3.4326424870466394
UBS,15.2900,15.4800,15.0700,15.4400,2.64 M,04/12/16,0.21999999999999886,1.4454664914585995
UBS,15.4100,15.4600,15.2100,15.2200,3.33 M,04/11/16,0.05000000000000071,0.329597890573505
UBS,15.3300,15.3400,15.1400,15.1700,7.23 M,04/08/16,0.22000000000000064,1.4715719063545194
UBS,15.1400,15.2000,14.8800,14.9500,3.34 M,04/07/16,-0.3000000000000007,-1.967213114754103
UBS,14.9900,15.2700,14.9900,15.2500,2.75 M,04/06/16,0.2599999999999998,1.7344896597731807
UBS,15.1400,15.2000,14.9700,14.9900,2.75 M,04/05/16,-0.5499999999999989,-3.5392535392535325
UBS,15.5800,15.6600,15.5100,15.5400,2.72 M,04/04/16,-0.27000000000000135,-1.707779886148016
UBS,15.7100,15.8300,15.6800,15.8100,3.29 M,04/01/16,-0.20999999999999908,-1.310861423220968
UBS,16.0600,16.1900,16.0100,16.0200,3.00 M,03/31/16,-0.3200000000000003,-1.9583843329253383
UBS,16.3600,16.4500,16.3100,16.3400,1.35 M,03/30/16,0.019999999999999574,0.12254901960784052
UBS,16.0800,16.3300,15.9800,16.3200,1.42 M,03/29/16,0.019999999999999574,0.12269938650306486
UBS,16.2700,16.3800,16.2101,16.3000,1.19 M,03/28/16,0.060000000000002274,0.36945812807883177
UBS,16.0900,16.2600,16.0550,16.2400,1.67 M,03/24/16,-0.11000000000000298,-0.6727828746177552
UBS,16.5600,16.5700,16.3400,16.3500,3.41 M,03/23/16,-0.4399999999999977,-2.620607504466931
UBS,16.6700,16.9000,16.6300,16.7900,1.81 M,03/22/16,-0.10999999999999943,-0.6508875739644937
UBS,16.8500,16.9900,16.8101,16.9000,2.20 M,03/21/16,0.17999999999999972,1.0765550239234434
UBS,16.6900,16.7800,16.6400,16.7200,2.38 M,03/18/16,0.14999999999999858,0.9052504526252177
UBS,16.3200,16.6450,16.2300,16.5700,2.72 M,03/17/16,0.5199999999999996,3.239875389408097
UBS,15.8600,16.1100,15.8100,16.0500,5.31 M,03/16/16,-0.7799999999999976,-4.634581105169326
UBS,16.6800,16.8600,16.6500,16.8300,1.89 M,03/15/16,-0.07000000000000028,-0.4142011834319544
UBS,16.8300,16.9600,16.7550,16.9000,2.36 M,03/14/16,-0.07000000000000028,-0.4124926340601078
UBS,16.7900,16.9800,16.7200,16.9700,2.27 M,03/11/16,0.6499999999999986,3.982843137254893
UBS,16.4300,16.6600,16.1550,16.3200,3.02 M,03/10/16,0.010000000000001563,0.061312078479470046
UBS,16.5300,16.5350,16.2600,16.3100,3.15 M,03/09/16,0.05999999999999872,0.36923076923076137
UBS,16.5100,16.5200,16.2500,16.2500,3.21 M,03/08/16,-0.3200000000000003,-1.9312009656004845
UBS,16.3800,16.6450,16.3600,16.5700,2.67 M,03/07/16,0.05999999999999872,0.3634161114475997
UBS,16.5000,16.6500,16.4500,16.5100,2.05 M,03/04/16,-0.00999999999999801,-0.06053268765131968
UBS,16.3500,16.5300,16.3400,16.5200,3.67 M,03/03/16,0.259999999999998,1.5990159901598893
UBS,16.0600,16.2700,16.0400,16.2600,2.54 M,03/02/16,0.4400000000000013,2.781289506953232
UBS,15.5400,15.8600,15.4900,15.8200,2.69 M,03/01/16,0.5999999999999996,3.9421813403416532
UBS,15.2500,15.4700,15.1800,15.2200,2.12 M,02/29/16,-0.08000000000000007,-0.5228758169934645
UBS,15.3000,15.4200,15.2700,15.3000,1.88 M,02/26/16,0.040000000000000924,0.26212319790302047
UBS,15.1600,15.2700,15.0601,15.2600,2.44 M,02/25/16,0.27999999999999936,1.8691588785046687
UBS,14.6500,15.0100,14.5650,14.9800,3.02 M,02/24/16,0.13000000000000078,0.8754208754208807
UBS,15.2300,15.2600,14.8500,14.8500,2.54 M,02/23/16,-0.370000000000001,-2.4310118265440273
UBS,15.1200,15.3200,15.1200,15.2200,1.55 M,02/22/16,0.33999999999999986,2.2849462365591386
UBS,14.8500,14.9600,14.7250,14.8800,1.51 M,02/19/16,-0.129999999999999,-0.8660892738174484
UBS,15.2100,15.2100,14.9000,15.0100,2.44 M,02/18/16,-0.23000000000000043,-1.5091863517060395
UBS,15.0700,15.3100,15.0700,15.2400,1.93 M,02/17/16,0.33000000000000007,2.2132796780684107
UBS,14.8400,14.9800,14.6499,14.9100,3.86 M,02/16/16,-0.15000000000000036,-0.9960159362549824
UBS,14.7300,15.0700,14.5450,15.0600,3.95 M,02/12/16,0.7900000000000009,5.536089698668541
UBS,14.3500,14.5690,14.1400,14.2700,4.53 M,02/11/16,-0.41000000000000014,-2.792915531335151
UBS,14.8700,15.0700,14.6550,14.6800,7.34 M,02/10/16,0.5,3.526093088857546
UBS,14.1200,14.3800,14.0100,14.1800,5.66 M,02/09/16,-0.5800000000000001,-3.9295392953929547
UBS,14.8600,14.8600,14.6000,14.7600,3.32 M,02/08/16,-0.4900000000000002,-3.213114754098362
UBS,15.4600,15.4600,15.2000,15.2500,2.82 M,02/05/16,-0.16000000000000014,-1.0382868267358867
UBS,15.0800,15.4750,15.0600,15.4100,3.51 M,02/04/16,-0.03999999999999915,-0.258899676375399
UBS,15.5000,15.5107,15.0300,15.4500,4.14 M,02/03/16,0.21999999999999886,1.4445173998686727
UBS,15.2500,15.2800,14.9700,15.2300,8.28 M,02/02/16,-1.2899999999999991,-7.808716707021786
UBS,16.2800,16.5500,16.2000,16.5200,2.52 M,02/01/16,-0.120000000000001,-0.7211538461538521
UBS,16.3600,16.6400,16.3300,16.6400,2.90 M,01/29/16,0.3000000000000007,1.8359853121175074
UBS,16.5200,16.5599,16.2200,16.3400,2.78 M,01/28/16,0.129999999999999,0.8019740900678531
UBS,16.2500,16.5200,16.1600,16.2100,2.64 M,01/27/16,-0.17999999999999972,-1.098230628431969
UBS,16.0800,16.4400,16.0700,16.3900,3.11 M,01/26/16,0.240000000000002,1.4860681114551209
UBS,16.3000,16.3600,16.1350,16.1500,2.49 M,01/25/16,-0.5100000000000016,-3.0612244897959275
UBS,16.6300,16.7400,16.4800,16.6600,2.13 M,01/22/16,0.3500000000000014,2.1459227467811246
UBS,16.2900,16.3999,16.0800,16.3100,3.92 M,01/21/16,-0.120000000000001,-0.7303712720633049
UBS,16.4800,16.5984,16.1000,16.4300,2.95 M,01/20/16,-0.4400000000000013,-2.608180201541205
UBS,17.1000,17.1300,16.7400,16.8700,2.57 M,01/19/16,0.25,1.5042117930204573
UBS,16.7000,16.9400,16.5289,16.6200,2.31 M,01/15/16,-0.8000000000000007,-4.592422502870268
UBS,17.2100,17.5200,17.0200,17.4200,2.42 M,01/14/16,0.14000000000000057,0.8101851851851885
UBS,17.7000,17.7500,17.1500,17.2800,2.93 M,01/13/16,-0.39000000000000057,-2.207130730050937
UBS,17.6600,17.7600,17.4700,17.6700,2.06 M,01/12/16,0.09000000000000341,0.5119453924914871
UBS,17.7000,17.7300,17.4233,17.5800,2.49 M,01/11/16,0.2099999999999973,1.2089810017271
UBS,18.0300,18.0400,17.3500,17.3700,2.86 M,01/08/16,-0.9299999999999997,-5.081967213114752
UBS,18.2800,18.4700,18.2400,18.3000,2.34 M,01/07/16,-0.4800000000000004,-2.5559105431309925
UBS,18.7400,18.8750,18.7000,18.7800,1.81 M,01/06/16,-0.23999999999999844,-1.2618296529968371
UBS,19.1000,19.1300,18.9200,19.0200,1.97 M,01/05/16,-0.10999999999999943,-0.5750130684788262
UBS,18.9200,19.1400,18.8349,19.1300,1.94 M,01/04/16,-0.240000000000002,-1.2390294269489002
UBS,19.5000,19.5800,19.3600,19.3700,1.10 M,12/31/15,-0.3299999999999983,-1.675126903553291
UBS,19.7900,19.8300,19.7000,19.7000,890078,12/30/15,-0.21000000000000085,-1.0547463586137662
UBS,19.7800,19.9400,19.7800,19.9100,1.02 M,12/29/15,0.16000000000000014,0.8101265822784818
UBS,19.7000,19.8000,19.6500,19.7500,1.09 M,12/28/15,0.07000000000000028,0.35569105691057057
UBS,19.5900,19.7800,19.5500,19.6800,761276,12/24/15,0.00999999999999801,0.050838840874417944
UBS,19.3300,19.6700,19.3200,19.6700,1.63 M,12/23/15,0.28000000000000114,1.4440433212996449
UBS,19.3200,19.4200,19.2200,19.3900,1.63 M,12/22/15,0.23000000000000043,1.200417536534449
UBS,19.2200,19.3500,19.0400,19.1600,1.75 M,12/21/15,0.030000000000001137,0.1568217459487775
UBS,19.3600,19.3900,19.1300,19.1300,2.87 M,12/18/15,-0.08000000000000185,-0.41644976574701636
UBS,19.3400,19.3700,19.1600,19.2100,2.26 M,12/17/15,0.05000000000000071,0.26096033402923124
UBS,18.8900,19.1900,18.7600,19.1600,2.03 M,12/16/15,0.46999999999999886,2.5147137506688004
UBS,18.6000,18.7800,18.6000,18.6900,2.58 M,12/15/15,0.38000000000000256,2.075368651010391
UBS,18.6000,18.6300,18.1849,18.3100,3.38 M,12/14/15,-0.0400000000000027,-0.21798365122617275
UBS,18.6000,18.6200,18.3400,18.3500,1.90 M,12/11/15,-0.509999999999998,-2.7041357370095334
UBS,19.0000,19.0600,18.8400,18.8600,1.37 M,12/10/15,-0.15000000000000213,-0.7890583903208949
UBS,18.9900,19.1200,18.8100,19.0100,2.62 M,12/09/15,-0.019999999999999574,-0.10509721492380228
UBS,19.0200,19.1250,18.9600,19.0300,1.83 M,12/08/15,-0.3299999999999983,-1.7045454545454457
UBS,19.4900,19.5000,19.2650,19.3600,1.46 M,12/07/15,-0.28000000000000114,-1.425661914460291
UBS,19.3600,19.6500,19.3550,19.6400,2.12 M,12/04/15,0.3000000000000007,1.5511892450879043
UBS,19.6400,19.6400,19.2618,19.3400,2.37 M,12/03/15,0.010000000000001563,0.05173305742370183
UBS,19.3800,19.4300,19.2700,19.3300,1.78 M,12/02/15,-0.030000000000001137,-0.15495867768595628
UBS,19.3200,19.3800,19.1900,19.3600,1.59 M,12/01/15,0.1999999999999993,1.0438413361169065
UBS,19.1900,19.3000,19.1500,19.1600,1.41 M,11/30/15,-0.019999999999999574,-0.10427528675703636
UBS,19.2100,19.2600,19.1550,19.1800,804562,11/27/15,-0.05000000000000071,-0.2600104004160203
UBS,19.2700,19.3250,19.2000,19.2300,1.42 M,11/25/15,0.030000000000001137,0.15625000000000594
UBS,19.1000,19.2500,19.0700,19.2000,1.11 M,11/24/15,0.00999999999999801,0.052110474205304895
UBS,19.2700,19.3065,19.1200,19.1900,1.20 M,11/23/15,-0.28999999999999915,-1.4887063655030757
UBS,19.7100,19.7400,19.4450,19.4800,1.04 M,11/20/15,-0.23000000000000043,-1.166920345002539
UBS,19.6500,19.7400,19.6100,19.7100,973297,11/19/15,0.22000000000000242,1.1287839917906743
UBS,19.3900,19.5000,19.3136,19.4900,1.22 M,11/18/15,0.3299999999999983,1.722338204592893
UBS,19.2200,19.3130,19.1100,19.1600,1.42 M,11/17/15,0.28000000000000114,1.4830508474576332
UBS,18.7600,18.8800,18.6919,18.8800,1.52 M,11/16/15,-0.08999999999999986,-0.4744333157617283
UBS,19.1800,19.2300,18.9600,18.9700,1.51 M,11/13/15,-0.08999999999999986,-0.4721930745015733
UBS,19.1500,19.3050,19.0600,19.0600,1.68 M,11/12/15,-0.4200000000000017,-2.1560574948665385
UBS,19.5900,19.6100,19.3950,19.4800,1.54 M,11/11/15,0.08000000000000185,0.4123711340206281
UBS,19.4500,19.4900,19.3500,19.4000,3.24 M,11/10/15,-0.17999999999999972,-0.9193054136874348
UBS,19.7400,19.7800,19.5100,19.5800,1.52 M,11/09/15,-0.16000000000000014,-0.8105369807497474
UBS,19.6600,19.8050,19.5750,19.7400,1.99 M,11/06/15,0.4399999999999977,2.2797927461139778
UBS,19.3700,19.4200,19.2500,19.3000,2.33 M,11/05/15,0.030000000000001137,0.15568240788791457
UBS,19.4500,19.4700,19.2000,19.2700,1.90 M,11/04/15,0.05000000000000071,0.26014568158168944
UBS,19.2000,19.3300,19.1100,19.2200,4.51 M,11/03/15,-1.1900000000000013,-5.830475257226856
UBS,20.3800,20.4400,20.2600,20.4100,937887,11/02/15,0.379999999999999,1.8971542685970992
UBS,20.0500,20.1300,19.9500,20.0300,1.77 M,10/30/15,0.060000000000002274,0.3004506760140324
UBS,19.9900,20.1000,19.8300,19.9700,1.19 M,10/29/15,-0.3500000000000014,-1.7224409448818967
UBS,20.0700,20.4200,20.0600,20.3200,1.44 M,10/28/15,0.019999999999999574,0.09852216748768262
UBS,20.3700,20.4100,20.2500,20.3000,910565,10/27/15,-0.23999999999999844,-1.1684518013631862
UBS,20.5800,20.6300,20.4500,20.5400,968549,10/26/15,-0.010000000000001563,-0.04866180048662561
UBS,20.5200,20.6999,20.5100,20.5500,2.39 M,10/23/15,0.35999999999999943,1.7830609212481396
UBS,19.9000,20.2350,19.8700,20.1900,1.72 M,10/22/15,0.4299999999999997,2.176113360323885
UBS,19.9800,20.0000,19.7500,19.7600,2.62 M,10/21/15,-0.2799999999999976,-1.3972055888223434
UBS,20.1400,20.1700,20.0100,20.0400,2.48 M,10/20/15,-0.16000000000000014,-0.7920792079207928
UBS,20.3000,20.3200,20.1700,20.2000,1.35 M,10/19/15,-0.3100000000000023,-1.5114578254510105
UBS,20.4500,20.5400,20.3200,20.5100,1.05 M,10/16/15,0.4700000000000024,2.345309381237537
UBS,19.6200,20.0550,19.5800,20.0400,824589,10/15/15,0.36999999999999744,1.8810371123538252
UBS,19.8000,19.9000,19.6200,19.6700,1.21 M,10/14/15,0.14000000000000057,0.7168458781362036
UBS,19.5300,19.7350,19.5000,19.5300,1.03 M,10/13/15,-0.21999999999999886,-1.1139240506329056
UBS,19.7500,19.8050,19.6800,19.7500,717520,10/12/15,-0.03999999999999915,-0.2021222839818047
UBS,19.8600,19.9150,19.7326,19.7900,985606,10/09/15,-0.10000000000000142,-0.5027652086475687
UBS,19.7800,19.9000,19.6850,19.8900,1.29 M,10/08/15,-0.0799999999999983,-0.40060090135201953
UBS,20.1000,20.1800,19.8300,19.9700,1.47 M,10/07/15,0.1999999999999993,1.0116337885685347
UBS,19.7000,19.8600,19.6700,19.7700,1.46 M,10/06/15,0.16000000000000014,0.8159102498725148
UBS,19.3700,19.6200,19.3500,19.6100,1.87 M,10/05/15,0.379999999999999,1.9760790431617212
UBS,18.8200,19.2300,18.7060,19.2300,2.47 M,10/02/15,0.5300000000000011,2.8342245989304873
UBS,18.7400,18.8100,18.5500,18.7000,1.50 M,10/01/15,0.17999999999999972,0.9719222462203009
UBS,18.4900,18.5300,18.3100,18.5200,1.52 M,09/30/15,0.23999999999999844,1.3129102844638862
UBS,18.2400,18.3300,18.1750,18.2800,2.37 M,09/29/15,0.25,1.386577925679423
UBS,18.3500,18.3600,17.9900,18.0300,2.63 M,09/28/15,-0.35999999999999943,-1.9575856443719382
UBS,18.5400,18.6200,18.3300,18.3900,1.69 M,09/25/15,0.26000000000000156,1.4340871483728714
UBS,18.2100,18.2500,17.9700,18.1300,1.93 M,09/24/15,-0.22000000000000242,-1.1989100817438822
UBS,18.6500,18.6800,18.2900,18.3500,2.08 M,09/23/15,-0.4399999999999977,-2.3416711016498017
UBS,18.9000,18.9600,18.7100,18.7900,1.95 M,09/22/15,-0.4800000000000004,-2.4909185262065408
UBS,19.3300,19.3700,19.1900,19.2700,1.28 M,09/21/15,0.030000000000001137,0.15592515592516185
UBS,19.3200,19.5400,19.2100,19.2400,1.94 M,09/18/15,-0.5800000000000018,-2.9263370332997067
UBS,19.7100,20.1000,19.6900,19.8200,1.92 M,09/17/15,-0.28000000000000114,-1.3930348258706524
UBS,19.9800,20.1550,19.8700,20.1000,1.60 M,09/16/15,-0.029999999999997584,-0.14903129657226818
UBS,19.8900,20.1750,19.8700,20.1300,1.42 M,09/15/15,-0.23000000000000043,-1.1296660117878214
UBS,20.3400,20.3750,20.2400,20.3600,1.33 M,09/14/15,-0.40000000000000213,-1.926782273603093
UBS,20.4900,20.7600,20.4800,20.7600,827488,09/11/15,0.120000000000001,0.5813953488372141
UBS,20.4800,20.7300,20.4300,20.6400,1.47 M,09/10/15,0.16000000000000014,0.7812500000000007
UBS,20.8800,20.9200,20.4600,20.4800,1.90 M,09/09/15,0.010000000000001563,0.048851978505137096
UBS,20.4100,20.5000,20.2950,20.4700,1.14 M,09/08/15,0.41000000000000014,2.0438683948155543
UBS,20.0000,20.1000,19.9150,20.0600,1.24 M,09/04/15,-0.3500000000000014,-1.7148456638902567
UBS,20.4500,20.6200,20.3300,20.4100,1.97 M,09/03/15,-0.010000000000001563,-0.048971596474052706
UBS,20.5300,20.5300,20.1200,20.4200,1.42 M,09/02/15,0.1700000000000017,0.8395061728395146
UBS,20.3900,20.4200,20.1700,20.2500,2.15 M,09/01/15,-0.4400000000000013,-2.1266312228129594
UBS,20.6800,20.8400,20.5600,20.6900,1.59 M,08/31/15,-0.18999999999999773,-0.9099616858237439
UBS,20.6500,20.9200,20.6400,20.8800,2.17 M,08/28/15,0.0799999999999983,0.3846153846153764
UBS,20.8000,20.8400,20.5000,20.8000,3.07 M,08/27/15,-0.129999999999999,-0.6211180124223555
UBS,20.9600,20.9800,20.4600,20.9300,2.67 M,08/26/15,0.1999999999999993,0.9647853352629006
UBS,21.4800,21.4800,20.7000,20.7300,3.33 M,08/25/15,0.33000000000000185,1.6176470588235385
UBS,20.4100,20.9500,19.9600,20.4000,4.73 M,08/24/15,-0.41000000000000014,-1.9702066314271993
UBS,21.3700,21.4700,20.7900,20.8100,3.15 M,08/21/15,-0.6300000000000026,-2.9384328358209073
UBS,21.8300,21.8300,21.4400,21.4400,3.09 M,08/20/15,-0.6099999999999994,-2.7664399092970493
UBS,22.0200,22.1700,21.8800,22.0500,1.62 M,08/19/15,-0.14999999999999858,-0.6756756756756693
UBS,22.2800,22.3100,22.1150,22.2000,989926,08/18/15,-0.10000000000000142,-0.44843049327354895
UBS,22.0400,22.3000,21.9800,22.3000,1.26 M,08/17/15,0.21000000000000085,0.9506564056134036
UBS,22.0800,22.1700,21.9700,22.0900,1.36 M,08/14/15,-0.03999999999999915,-0.18075011296881677
UBS,22.1300,22.2400,22.0400,22.1300,1.46 M,08/13/15,0.019999999999999574,0.0904568068747154
UBS,22.1000,22.1400,21.8099,22.1100,1.93 M,08/12/15,-0.2699999999999996,-1.2064343163538855
UBS,22.6100,22.6700,22.3000,22.3800,1.97 M,08/11/15,-0.33000000000000185,-1.4531043593130861
UBS,22.5000,22.7400,22.4900,22.7100,609063,08/10/15,0.2699999999999996,1.2032085561497305
UBS,22.6000,22.6200,22.3400,22.4400,1.16 M,08/07/15,-0.4399999999999977,-1.9230769230769131
UBS,22.9100,22.9800,22.8000,22.8800,1.32 M,08/06/15,0.09999999999999787,0.4389815627743541
UBS,22.8400,22.9100,22.7400,22.7800,1.61 M,08/05/15,0.019999999999999574,0.08787346221440936
UBS,22.8300,22.8940,22.6900,22.7600,1.13 M,08/04/15,-0.35999999999999943,-1.5570934256055338
UBS,23.0900,23.1900,22.9800,23.1200,2.17 M,08/03/15,0.060000000000002274,0.2601908065915103
UBS,23.1200,23.1900,23.0100,23.0600,1.48 M,07/31/15,0.07000000000000028,0.3044802087864301
UBS,22.8300,22.9900,22.7100,22.9900,1.00 M,07/30/15,0.16999999999999815,0.744960560911473
UBS,22.7500,22.9600,22.7100,22.8200,1.57 M,07/29/15,0.3000000000000007,1.3321492007104827
UBS,22.3300,22.5700,22.3000,22.5200,2.52 M,07/28/15,0.5399999999999991,2.4567788898999052
UBS,22.2400,22.2900,21.9400,21.9800,1.56 M,07/27/15,-0.33999999999999986,-1.523297491039426
UBS,22.5400,22.5800,22.2500,22.3200,1.39 M,07/24/15,-0.21999999999999886,-0.9760425909494183
UBS,22.6300,22.6900,22.5000,22.5400,2.12 M,07/23/15,0.3200000000000003,1.4401440144014415
UBS,22.0500,22.3000,22.0400,22.2200,1.75 M,07/22/15,-0.26000000000000156,-1.1565836298932453
UBS,22.4500,22.5200,22.3800,22.4800,1.47 M,07/21/15,-0.03999999999999915,-0.17761989342806017
UBS,22.5000,22.5900,22.3600,22.5200,1.59 M,07/20/15,-0.05999999999999872,-0.2657218777679306
UBS,22.3500,22.5900,22.3100,22.5800,1.41 M,07/17/15,-0.060000000000002274,-0.265017667844533
UBS,22.5800,22.6800,22.5800,22.6400,1.98 M,07/16/15,0.15000000000000213,0.666963094708769
UBS,22.4100,22.6000,22.3400,22.4900,2.79 M,07/15/15,0.28999999999999915,1.3063063063063025
UBS,22.0700,22.2500,22.0550,22.2000,1.72 M,07/14/15,0.14999999999999858,0.680272108843531
UBS,22.0100,22.0700,21.9100,22.0500,1.35 M,07/13/15,0.19000000000000128,0.8691674290942419
UBS,21.9000,21.9300,21.7100,21.8600,1.70 M,07/10/15,0.6699999999999982,3.161868806040576
UBS,21.1000,21.2950,20.1197,21.1900,1.87 M,07/09/15,0.5800000000000018,2.814167879670072
UBS,20.6500,20.7100,20.5100,20.6100,1.38 M,07/08/15,-0.5600000000000023,-2.64525271610771
UBS,21.1600,21.2600,20.7000,21.1700,3.46 M,07/07/15,0.15000000000000213,0.71360608943864
UBS,21.0700,21.2550,20.9115,21.0200,1.60 M,07/06/15,-0.8500000000000014,-3.886602652034757
UBS,21.7200,21.8800,21.7100,21.8700,1.30 M,07/02/15,0.33999999999999986,1.5791918253599622
UBS,21.4400,21.6500,21.4400,21.5300,1.25 M,07/01/15,0.33000000000000185,1.5566037735849145
UBS,21.6000,21.6300,21.0600,21.2000,2.46 M,06/30/15,-0.10000000000000142,-0.46948356807512404
UBS,21.5400,21.6300,21.2400,21.3000,2.77 M,06/29/15,-0.629999999999999,-2.872777017783853
UBS,21.9200,22.0700,21.8199,21.9300,1.20 M,06/26/15,0.16000000000000014,0.7349563619660089
UBS,21.8100,21.8500,21.7400,21.7700,1.76 M,06/25/15,0.0799999999999983,0.3688335638543029
UBS,21.8200,21.9100,21.6800,21.6900,1.26 M,06/24/15,-0.18999999999999773,-0.8683729433272291
UBS,21.7700,21.9400,21.7600,21.8800,846793,06/23/15,0.09999999999999787,0.4591368227731766
UBS,21.7100,21.8900,21.6400,21.7800,1.53 M,06/22/15,0.35999999999999943,1.6806722689075602
UBS,21.3100,21.4800,21.2300,21.4200,1.07 M,06/19/15,0.1700000000000017,0.800000000000008
UBS,21.2100,21.3800,21.1300,21.2500,2.02 M,06/18/15,0.010000000000001563,0.047080979284376476
UBS,21.3800,21.3800,21.1000,21.2400,1.72 M,06/17/15,-0.20000000000000284,-0.9328358208955356
UBS,21.5100,21.5500,21.3400,21.4400,867870,06/16/15,-0.16000000000000014,-0.7407407407407414
UBS,21.2800,21.6000,21.2800,21.6000,972605,06/15/15,-0.14999999999999858,-0.6896551724137866
UBS,21.6800,21.8300,21.5800,21.7500,927582,06/12/15,-0.07000000000000028,-0.32080659945004714
UBS,21.8700,21.9000,21.7400,21.8200,1.56 M,06/11/15,-0.21000000000000085,-0.9532455742169806
UBS,22.0200,22.1700,21.9399,22.0300,1.21 M,06/10/15,0.5500000000000007,2.560521415270022
UBS,21.5600,21.6100,21.4300,21.4800,1.03 M,06/09/15,-0.09999999999999787,-0.46339202965708004
UBS,21.6300,21.6500,21.5149,21.5800,802796,06/08/15,-0.010000000000001563,-0.04631773969431016
UBS,21.4200,21.6300,21.3100,21.5900,1.29 M,06/05/15,-0.35999999999999943,-1.6400911161731182
UBS,21.8500,22.1600,21.8030,21.9500,1.34 M,06/04/15,-0.08000000000000185,-0.36314117113028527
UBS,21.9500,22.1000,21.9500,22.0300,1.57 M,06/03/15,0.10999999999999943,0.5018248175182456
UBS,21.9600,22.0400,21.8500,21.9200,1.38 M,06/02/15,0.39000000000000057,1.8114259173246658
UBS,21.7700,21.7700,21.4400,21.5300,945319,06/01/15,-0.04999999999999716,-0.2316960148285318
UBS,21.8100,21.8900,21.3900,21.5800,1.90 M,05/29/15,-0.3200000000000003,-1.4611872146118736
UBS,21.8600,21.9400,21.6800,21.9000,1.31 M,05/28/15,0.129999999999999,0.5971520440973772
UBS,21.5000,21.8500,21.4200,21.7700,1.46 M,05/27/15,0.4400000000000013,2.062822315986879
UBS,21.4500,21.4500,21.2200,21.3300,1.22 M,05/26/15,-0.2900000000000027,-1.3413506012951095
UBS,21.6200,21.7100,21.5200,21.6200,1.30 M,05/22/15,-0.2699999999999996,-1.2334399269072616
UBS,21.7800,21.9400,21.7300,21.8900,1.96 M,05/21/15,-0.07000000000000028,-0.3187613843351561
UBS,21.8000,22.0000,21.7100,21.9600,2.87 M,05/20/15,0.8300000000000018,3.928064363464278
UBS,21.0300,21.1800,21.0230,21.1300,1.95 M,05/19/15,-0.060000000000002274,-0.2831524303917049
UBS,21.1700,21.2200,21.0700,21.1900,1.71 M,05/18/15,-0.03999999999999915,-0.18841262364578024
UBS,21.1100,21.2500,21.0900,21.2300,1.16 M,05/15/15,-0.00999999999999801,-0.04708097928435975
UBS,21.2400,21.3400,21.0550,21.2400,3.03 M,05/14/15,0.16999999999999815,0.8068343616516286
UBS,21.0200,21.2550,20.9700,21.0700,3.35 M,05/13/15,-0.14999999999999858,-0.7068803016022553
UBS,21.2500,21.3200,21.1250,21.2200,1.31 M,05/12/15,0.029999999999997584,0.1415762151958357
UBS,21.1700,21.3300,21.1400,21.1900,1.17 M,05/11/15,-0.1999999999999993,-0.9350163627863454
UBS,21.4600,21.5000,21.2800,21.3900,1.29 M,05/08/15,0.08999999999999986,0.42253521126760496
UBS,21.2300,21.4300,21.1400,21.3000,2.66 M,05/07/15,0.28999999999999915,1.3802950975725803
UBS,20.9400,21.1100,20.8890,21.0100,1.82 M,05/06/15,-0.35999999999999943,-1.6846045858680365
UBS,21.5400,21.6000,21.2850,21.3700,2.74 M,05/05/15,1.0100000000000016,4.960707269155214
UBS,20.3900,20.4400,20.2999,20.3600,898676,05/04/15,0.23999999999999844,1.1928429423459166
UBS,20.1200,20.1900,20.0600,20.1200,960519,05/01/15,0.05000000000000071,0.2491280518186383
UBS,20.0000,20.1200,19.9300,20.0700,1.40 M,04/30/15,-0.030000000000001137,-0.14925373134328923
UBS,20.0800,20.2600,20.0300,20.1000,3.87 M,04/29/15,0.10000000000000142,0.5000000000000071
UBS,19.8300,20.0600,19.8000,20.0000,914112,04/28/15,-0.10999999999999943,-0.5469915464942786
UBS,20.0900,20.3200,20.0300,20.1100,872916,04/27/15,-0.10999999999999943,-0.5440158259149329
UBS,20.2900,20.3100,20.1700,20.2200,961712,04/24/15,0.029999999999997584,0.14858841010399992
UBS,19.8700,20.1900,19.8600,20.1900,1.46 M,04/23/15,0.41000000000000014,2.072800808897877
UBS,19.8100,19.8200,19.7050,19.7800,1.02 M,04/22/15,-0.16999999999999815,-0.8521303258145271
UBS,20.0200,20.0700,19.9290,19.9500,1.12 M,04/21/15,0.10999999999999943,0.5544354838709649
UBS,19.9600,20.0200,19.8000,19.8400,1.11 M,04/20/15,0.010000000000001563,0.05042864346949856
UBS,19.7700,19.8600,19.6700,19.8300,1.93 M,04/17/15,-0.060000000000002274,-0.30165912518854837
UBS,19.8200,19.9800,19.7500,19.8900,1.86 M,04/16/15,0.1700000000000017,0.8620689655172501
UBS,19.6200,19.7900,19.6000,19.7200,1.74 M,04/15/15,0.25,1.2840267077555214
UBS,19.4200,19.5500,19.4100,19.4700,1.33 M,04/14/15,0.16999999999999815,0.8808290155440318
UBS,19.3900,19.4500,19.2950,19.3000,1.53 M,04/13/15,-0.07000000000000028,-0.36138358286009437
UBS,19.4100,19.4700,19.2800,19.3700,1.33 M,04/10/15,0.010000000000001563,0.05165289256199155
UBS,19.4500,19.4600,19.2500,19.3600,1.28 M,04/09/15,0.0799999999999983,0.41493775933609073
UBS,19.4300,19.4300,19.2100,19.2800,1.57 M,04/08/15,-0.16999999999999815,-0.8740359897172142
UBS,19.4700,19.5700,19.4400,19.4500,2.78 M,04/07/15,0.019999999999999574,0.10293360782295201
UBS,19.3200,19.4500,19.2799,19.4300,1.55 M,04/06/15,0.10999999999999943,0.5693581780538273
UBS,19.3200,19.3700,19.2650,19.3200,996015,04/02/15,0.17999999999999972,0.9404388714733527
UBS,19.1500,19.1900,19.0100,19.1400,950114,04/01/15,0.370000000000001,1.9712306872669207
UBS,18.7800,18.9200,18.7150,18.7700,1.71 M,03/31/15,-0.39000000000000057,-2.0354906054279778
UBS,19.1300,19.1800,19.0900,19.1600,869532,03/30/15,0.16000000000000014,0.8421052631578955
UBS,18.9400,19.0700,18.9200,19.0000,1.25 M,03/27/15,-0.03999999999999915,-0.2100840336134409
UBS,18.9900,19.0800,18.8200,19.0400,1.57 M,03/26/15,0.019999999999999574,0.10515247108306822
UBS,19.1800,19.2600,18.9878,19.0200,1.40 M,03/25/15,-0.120000000000001,-0.626959247648908
UBS,19.2200,19.2983,19.1100,19.1400,1.87 M,03/24/15,0.10000000000000142,0.5252100840336209
UBS,18.9300,19.1000,18.9000,19.0400,2.02 M,03/23/15,0.33999999999999986,1.8181818181818175
UBS,18.6900,18.8400,18.5800,18.7000,1.62 M,03/20/15,0.5599999999999987,3.0871003307607428
UBS,18.1800,18.2601,18.1100,18.1400,1.17 M,03/19/15,-0.129999999999999,-0.711548987411051
UBS,17.9100,18.3300,17.8900,18.2700,2.02 M,03/18/15,0.48999999999999844,2.7559055118110147
UBS,17.7200,17.8300,17.6600,17.7800,1.42 M,03/17/15,-0.129999999999999,-0.7258514796203183
UBS,17.9000,17.9800,17.8600,17.9100,1.54 M,03/16/15,0.3099999999999987,1.761363636363629
UBS,17.4100,17.6200,17.3500,17.6000,1.31 M,03/13/15,0.240000000000002,1.3824884792626844
UBS,17.3000,17.3700,17.2400,17.3600,1.02 M,03/12/15,0.17999999999999972,1.0477299185098936
UBS,17.1900,17.2800,17.1300,17.1800,1.17 M,03/11/15,-0.08000000000000185,-0.4634994206257349
UBS,17.3200,17.3750,17.2150,17.2600,1.91 M,03/10/15,-0.21999999999999886,-1.258581235697934
UBS,17.5600,17.5900,17.4300,17.4800,1.85 M,03/09/15,-0.05999999999999872,-0.34207525655643517
UBS,17.6800,17.7800,17.4900,17.5400,2.91 M,03/06/15,-0.03999999999999915,-0.22753128555175853
UBS,17.6100,17.6600,17.5100,17.5800,1.42 M,03/05/15,-0.0400000000000027,-0.22701475595915266
UBS,17.5700,17.6500,17.4300,17.6200,1.62 M,03/04/15,0.13000000000000256,0.7432818753573618
UBS,17.5500,17.6100,17.4100,17.4900,2.22 M,03/03/15,0.00999999999999801,0.05720823798625864
UBS,17.3800,17.5100,17.3500,17.4800,4.05 M,03/02/15,-0.00999999999999801,-0.05717552887363071
UBS,17.5700,17.6700,17.4900,17.4900,1.22 M,02/27/15,0.03999999999999915,0.22922636103151375
UBS,17.4000,17.5300,17.3900,17.4500,1.10 M,02/26/15,-0.030000000000001137,-0.17162471395881657
UBS,17.3900,17.6600,17.3600,17.4800,1.86 M,02/25/15,0.120000000000001,0.6912442396313422
UBS,17.3300,17.4250,17.3200,17.3600,835136,02/24/15,-0.010000000000001563,-0.05757052389177641
UBS,17.4200,17.5200,17.3300,17.3700,825745,02/23/15,-0.2699999999999996,-1.5306122448979567
UBS,17.2800,17.6850,17.2399,17.6400,1.05 M,02/20/15,0.3000000000000007,1.7301038062283778
UBS,17.3800,17.4300,17.3200,17.3400,1.47 M,02/19/15,-0.05999999999999872,-0.34482758620688925
UBS,17.4600,17.5000,17.3400,17.4000,624740,02/18/15,0.019999999999999574,0.11507479861909997
UBS,17.4100,17.4600,17.2800,17.3800,998332,02/17/15,0.18999999999999773,1.1052937754508303
UBS,17.1600,17.2400,17.1000,17.1900,1.20 M,02/13/15,0.21000000000000085,1.2367491166077789
UBS,16.9200,17.1300,16.8850,16.9800,1.47 M,02/12/15,0.4400000000000013,2.6602176541717126
UBS,16.5700,16.5700,16.3600,16.5400,2.04 M,02/11/15,-0.39000000000000057,-2.303603071470765
UBS,16.6200,16.9400,16.5800,16.9300,2.09 M,02/10/15,-0.41000000000000014,-2.364475201845445
UBS,17.2100,17.4200,17.2000,17.3400,721045,02/09/15,-0.030000000000001137,-0.1727115716753088
UBS,17.4600,17.5650,17.3000,17.3700,896339,02/06/15,-0.07000000000000028,-0.4013761467889924
UBS,17.2600,17.4700,17.2500,17.4400,690787,02/05/15,0.0,0.0
UBS,17.3500,17.6100,17.3400,17.4400,1.00 M,02/04/15,0.26000000000000156,1.5133876600698577
UBS,16.9800,17.2800,16.9800,17.1800,946476,02/03/15,0.3000000000000007,1.7772511848341275
UBS,16.5800,16.8950,16.5700,16.8800,1.42 M,02/02/15,0.1999999999999993,1.1990407673860868
UBS,16.6800,16.8400,16.6400,16.6800,1.39 M,01/30/15,-0.1700000000000017,-1.0089020771513453
UBS,16.7300,16.8600,16.6600,16.8500,1.39 M,01/29/15,0.25,1.506024096385542
UBS,16.9300,16.9300,16.5450,16.6000,1.33 M,01/28/15,-0.5599999999999987,-3.263403263403256
UBS,17.0700,17.2300,17.0000,17.1600,852584,01/27/15,-0.08999999999999986,-0.5217391304347818
UBS,17.3400,17.4000,17.2150,17.2500,776580,01/26/15,-0.08999999999999986,-0.5190311418685113
UBS,17.3200,17.4700,17.1900,17.3400,1.65 M,01/23/15,0.10000000000000142,0.5800464037123053
UBS,17.0300,17.2600,16.9900,17.2400,1.40 M,01/22/15,0.4499999999999993,2.6801667659320985
UBS,16.5800,16.8700,16.5400,16.7900,2.01 M,01/21/15,0.23000000000000043,1.3888888888888915
UBS,16.7900,16.7900,16.4000,16.5600,1.58 M,01/20/15,0.3299999999999983,2.0332717190388063
UBS,16.0200,16.3800,16.0100,16.2300,2.73 M,01/16/15,-0.3000000000000007,-1.8148820326678807
UBS,16.9000,16.9800,16.1700,16.5300,9.11 M,01/15/15,0.05000000000000071,0.3033980582524315
UBS,16.5400,16.5800,16.2600,16.4800,2.20 M,01/14/15,-0.10999999999999943,-0.6630500301386343
UBS,16.6500,16.8250,16.4600,16.5900,1.72 M,01/13/15,0.21000000000000085,1.2820512820512873
UBS,16.4200,16.4900,16.3100,16.3800,1.16 M,01/12/15,-0.16000000000000014,-0.9673518742442573
UBS,16.5900,16.6100,16.4300,16.5400,820412,01/09/15,-0.10999999999999943,-0.6606606606606573
UBS,16.6000,16.7400,16.5900,16.6500,1.10 M,01/08/15,-0.0400000000000027,-0.23966446974237685
UBS,16.6100,16.7500,16.4900,16.6900,809760,01/07/15,0.28000000000000114,1.7062766605728283
UBS,16.6200,16.6600,16.3500,16.4100,744680,01/06/15,-0.19000000000000128,-1.1445783132530196
UBS,16.8100,16.8200,16.5000,16.6000,1.41 M,01/05/15,-0.48999999999999844,-2.8671737858396633
UBS,17.0500,17.3000,17.0000,17.0900,1.44 M,01/02/15,0.03999999999999915,0.2346041055718425
UBS,17.2300,17.2510,17.0300,17.0500,561290,12/31/14,-0.21999999999999886,-1.2738853503184648
UBS,17.2600,17.3500,17.2300,17.2700,601205,12/30/14,-0.03999999999999915,-0.23108030040438562
UBS,17.3600,17.3950,17.2700,17.3100,813893,12/29/14,-0.360000000000003,-2.0373514431239554
UBS,17.5200,17.7200,17.5100,17.6700,531820,12/26/14,0.060000000000002274,0.3407155025553792
UBS,17.4700,17.6300,17.4600,17.6100,450226,12/24/14,0.10999999999999943,0.6285714285714253
UBS,17.5000,17.6100,17.4700,17.5000,1.10 M,12/23/14,-0.030000000000001137,-0.1711351968054828
UBS,17.4500,17.5400,17.4450,17.5300,701889,12/22/14,0.15000000000000213,0.8630609896432805
UBS,17.3300,17.4466,17.2700,17.3800,1.02 M,12/19/14,-0.22000000000000242,-1.2500000000000135
UBS,17.4600,17.6100,17.4000,17.6000,759915,12/18/14,0.23000000000000043,1.324122049510653
UBS,17.2900,17.4600,17.1800,17.3700,688919,12/17/14,0.15000000000000213,0.8710801393728347
UBS,17.1700,17.5200,17.1400,17.2200,1.06 M,12/16/14,0.03999999999999915,0.23282887077997175
UBS,17.5100,17.5500,17.1600,17.1800,993134,12/15/14,-0.21999999999999886,-1.2643678160919476
UBS,17.7300,17.8100,17.3300,17.4000,1.26 M,12/12/14,-0.3500000000000014,-1.971830985915501
UBS,17.7800,17.8456,17.7000,17.7500,813202,12/11/14,0.03999999999999915,0.225861095426308
UBS,17.9400,17.9699,17.7000,17.7100,890986,12/10/14,-0.25,-1.3919821826280623
UBS,17.9300,18.0400,17.8800,17.9600,732309,12/09/14,-0.07000000000000028,-0.38824181919024003
UBS,18.0600,18.1200,17.9800,18.0300,828344,12/08/14,-0.16000000000000014,-0.8796041781198468
UBS,18.1000,18.2200,18.0600,18.1900,837178,12/05/14,0.030000000000001137,0.1651982378854688
UBS,18.1400,18.2200,18.0900,18.1600,804024,12/04/14,0.05000000000000071,0.2760905577029305
UBS,18.1700,18.1900,18.0200,18.1100,798088,12/03/14,0.10999999999999943,0.6111111111111079
UBS,17.9600,18.0200,17.8800,18.0000,567380,12/02/14,0.10000000000000142,0.5586592178771029
UBS,18.1000,18.1300,17.8200,17.9000,450011,12/01/14,-0.08999999999999986,-0.5002779321845462
UBS,18.0900,18.1300,17.9600,17.9900,111605,11/28/14,-5.210000000000001,-22.456896551724142
UBS,17.5500,23.2000,17.5200,23.2000,2817,11/26/14,5.7165,32.69654245431407
UBS,17.5600,17.5600,17.4835,17.4835,4426,11/25/14,-0.09649999999999892,-0.548919226393623
UBS,17.5500,17.9900,17.3800,17.5800,6832,11/24/14,0.18999999999999773,1.0925819436457602