Z,47.5400,48.0300,47.2700,47.3100,993905,04/26/18,-0.18999999999999773,-0.3999999999999952
Z,47.6700,48.3200,46.8800,47.5000,1.50 M,04/25/18,-0.17999999999999972,-0.37751677852348936
Z,48.0900,48.9400,47.4400,47.6800,1.95 M,04/24/18,-0.259999999999998,-0.5423445974134293
Z,48.6800,48.8100,47.3700,47.9400,1.94 M,04/23/18,0.759999999999998,1.6108520559559094
Z,47.0000,47.9700,46.6800,47.1800,1.94 M,04/20/18,0.21999999999999886,0.4684838160136262
Z,48.4900,48.6050,46.9000,46.9600,2.31 M,04/19/18,-1.8500000000000014,-3.7902069248104926
Z,48.5100,49.1908,47.7800,48.8100,2.46 M,04/18/18,-0.8399999999999963,-1.6918429003021074
Z,49.7700,51.0200,49.2300,49.6500,2.70 M,04/17/18,0.03999999999999915,0.08062890546260662
Z,50.5000,50.5200,49.2000,49.6100,3.07 M,04/16/18,-0.490000000000002,-0.9780439121756527
Z,48.8400,50.4000,48.0000,50.1000,13.10 M,04/13/18,-3.5,-6.529850746268656
Z,53.2100,53.8000,52.4600,53.6000,1.35 M,04/12/18,0.39000000000000057,0.7329449351625645
Z,53.4100,54.0500,53.0700,53.2100,909075,04/11/18,-0.3399999999999963,-0.634920634920628
Z,52.3800,54.0000,52.2500,53.5500,2.02 M,04/10/18,1.8099999999999952,3.498260533436403
Z,53.0000,53.3700,51.6200,51.7400,998749,04/09/18,-0.9399999999999977,-1.7843583902809372
Z,52.7000,53.0700,52.2000,52.6800,2.12 M,04/06/18,-0.259999999999998,-0.4911220249338837
Z,53.8800,54.1700,52.8300,52.9400,1.42 M,04/05/18,-0.38000000000000256,-0.7126781695423904
Z,52.8300,53.8000,51.2200,53.3200,1.46 M,04/04/18,-0.20000000000000284,-0.3736920777279575
Z,53.1300,54.3900,53.1300,53.5200,2.16 M,04/03/18,0.5300000000000011,1.000188714851861
Z,53.5500,53.7900,52.4800,52.9900,1.73 M,04/02/18,-0.8099999999999952,-1.5055762081784299
Z,53.4100,54.3600,52.1300,53.8000,1.90 M,03/29/18,0.3299999999999983,0.61716850570413
Z,53.5200,53.9000,52.5400,53.4700,1.10 M,03/28/18,-0.23000000000000398,-0.42830540037244685
Z,55.9600,56.1900,53.5500,53.7000,1.01 M,03/27/18,-2.0999999999999943,-3.7634408602150438
Z,54.8400,55.9400,54.5000,55.8000,1.09 M,03/26/18,1.5799999999999983,2.9140538546661716
Z,55.3700,56.4600,54.1300,54.2200,1.69 M,03/23/18,-1.3599999999999994,-2.4469233537243604
Z,57.0800,57.2400,55.3200,55.5800,1.45 M,03/22/18,-1.6900000000000048,-2.9509341714684907
Z,57.5300,57.9800,56.8900,57.2700,666112,03/21/18,-0.09999999999999432,-0.17430712916157282
Z,57.3200,57.6900,56.3900,57.3700,1.27 M,03/20/18,0.18999999999999773,0.3322840153899925
Z,58.2100,58.7000,56.6600,57.1800,1.31 M,03/19/18,-1.4299999999999997,-2.439856679747483
Z,58.3300,58.7600,57.3600,58.6100,1.90 M,03/16/18,0.4099999999999966,0.7044673539518841
Z,59.0000,59.9900,57.9601,58.2000,1.70 M,03/15/18,-0.4399999999999977,-0.7503410641200506
Z,57.6000,58.9300,56.8600,58.6400,1.29 M,03/14/18,1.3999999999999986,2.4458420684835755
Z,57.1000,57.9150,56.9000,57.2400,1.67 M,03/13/18,0.2700000000000031,0.47393364928910503
Z,55.0000,57.1100,55.0000,56.9700,1.64 M,03/12/18,1.7800000000000011,3.2252219605000927
Z,54.0000,55.3000,53.9400,55.1900,1.09 M,03/09/18,1.4199999999999946,2.6408778129068153
Z,53.5700,54.5800,53.5400,53.7700,1.17 M,03/08/18,-0.17999999999999972,-0.3336422613531042
Z,52.5000,54.2000,52.3300,53.9500,1.72 M,03/07/18,1.1000000000000014,2.081362346263011
Z,51.4700,52.8800,51.4600,52.8500,1.70 M,03/06/18,1.3700000000000045,2.66122766122767
Z,48.9100,51.5200,48.7600,51.4800,2.37 M,03/05/18,2.269999999999996,4.612883560251973
Z,47.7100,49.3400,47.1300,49.2100,1.41 M,03/02/18,1.25,2.6063386155129273
Z,47.5300,48.1800,47.4300,47.9600,1.39 M,03/01/18,0.28999999999999915,0.6083490664988445
Z,47.1200,48.2100,46.3600,47.6700,1.45 M,02/28/18,0.8800000000000026,1.88074374866425
Z,46.4100,47.6100,46.3300,46.7900,1.16 M,02/27/18,0.519999999999996,1.123838340177212
Z,46.8200,47.0100,45.8000,46.2700,1.14 M,02/26/18,-0.4199999999999946,-0.8995502248875447
Z,47.4200,47.5850,46.2400,46.6900,1.48 M,02/23/18,-1.1400000000000006,-2.383441354798245
Z,47.5700,48.0850,47.2000,47.8300,1.17 M,02/22/18,0.259999999999998,0.5465629598486399
Z,47.2600,48.4850,46.4200,47.5700,1.84 M,02/21/18,0.14999999999999858,0.31632222690847445
Z,46.2400,47.7499,46.1700,47.4200,950323,02/20/18,0.5700000000000003,1.2166488794023484
Z,46.7900,47.5100,46.3400,46.8500,1.55 M,02/16/18,-0.30999999999999517,-0.657336726039006
Z,47.0000,48.2350,46.3500,47.1600,1.56 M,02/15/18,0.18999999999999773,0.4045135192676128
Z,44.5500,47.1200,44.3900,46.9700,1.47 M,02/14/18,2.25,5.031305903398927
Z,44.1800,44.9400,43.5000,44.7200,1.42 M,02/13/18,0.44999999999999574,1.0164897221594662
Z,45.0300,45.4800,43.0000,44.2700,1.82 M,02/12/18,-0.8499999999999943,-1.8838652482269378
Z,43.0000,46.8009,42.4200,45.1200,4.31 M,02/09/18,-1.240000000000002,-2.674719585849875
Z,44.9300,47.2599,43.5400,46.3600,3.52 M,02/08/18,1.8100000000000023,4.062850729517401
Z,43.5100,45.1800,43.4800,44.5500,1.28 M,02/07/18,1.0399999999999991,2.390255113766948
Z,42.6800,44.2000,42.6800,43.5100,1.56 M,02/06/18,-0.4200000000000017,-0.9560664693831133
Z,43.3600,45.0200,42.6100,43.9300,1.85 M,02/05/18,-0.22999999999999687,-0.5208333333333263
Z,45.0000,45.2100,43.9150,44.1600,925491,02/02/18,-0.5400000000000063,-1.2080536912751818
Z,44.1100,45.7100,44.1100,44.7000,867423,02/01/18,0.240000000000002,0.53981106612686
Z,45.2500,45.3400,44.2500,44.4600,793936,01/31/18,-0.3100000000000023,-0.692427965155243
Z,44.8400,45.0800,44.3300,44.7700,686814,01/30/18,-0.4199999999999946,-0.929409161318864
Z,45.9900,46.3100,44.9400,45.1900,853218,01/29/18,-0.8500000000000014,-1.846220677671593
Z,44.5700,46.1300,44.5700,46.0400,1.09 M,01/26/18,1.8399999999999963,4.162895927601801
Z,44.0700,44.2700,43.3500,44.2000,836684,01/25/18,0.480000000000004,1.0978956999085179
Z,43.6700,44.2800,43.5100,43.7200,698085,01/24/18,0.0,0.0
Z,42.8700,43.7800,42.6700,43.7200,1.00 M,01/23/18,0.7899999999999991,1.840204984859071
Z,42.4300,43.1400,42.2000,42.9300,983197,01/22/18,0.3500000000000014,0.8219821512447192
Z,44.1900,44.1900,42.0400,42.5800,2.13 M,01/19/18,-1.3900000000000006,-3.1612463042983867
Z,44.6100,44.7300,43.8500,43.9700,943194,01/18/18,-0.5700000000000003,-1.2797485406376297
Z,44.8900,44.9569,44.2800,44.5400,995100,01/17/18,0.14000000000000057,0.3153153153153166
Z,44.6000,45.5200,44.1600,44.4000,1.03 M,01/16/18,-0.13000000000000256,-0.29193801931282853
Z,44.5900,45.3300,44.3000,44.5300,1.22 M,01/12/18,0.0,0.0
Z,44.0000,46.3100,44.0000,44.5300,2.27 M,01/11/18,2.030000000000001,4.776470588235297
Z,42.1500,42.5100,41.5000,42.5000,853986,01/10/18,0.3299999999999983,0.7825468342423483
Z,42.7800,42.8700,41.9900,42.1700,429437,01/09/18,-0.5899999999999963,-1.3797942001870822
Z,42.5500,43.2762,42.4875,42.7600,724846,01/08/18,0.14999999999999858,0.35203003989673454
Z,42.2200,42.7500,42.0650,42.6100,521429,01/05/18,0.4799999999999969,1.1393306432470849
Z,43.0500,43.3100,41.5200,42.1300,884741,01/04/18,-0.8399999999999963,-1.954852222480792
Z,42.4700,43.3500,42.3600,42.9700,535942,01/03/18,0.490000000000002,1.1534839924670481
Z,41.3100,42.5000,40.8900,42.4800,698234,01/02/18,1.5599999999999952,3.81231671554251
Z,41.5200,41.7990,40.8300,40.9200,791385,12/29/17,-0.5,-1.2071463061323031
Z,41.8400,41.9000,41.1600,41.4200,464710,12/28/17,-0.1700000000000017,-0.4087521038711269
Z,42.1100,42.2726,41.4000,41.5900,390535,12/27/17,-0.4099999999999966,-0.9761904761904681
Z,42.2100,42.8800,41.8310,42.0000,419610,12/26/17,-0.3400000000000034,-0.8030231459612739
Z,42.4600,42.7200,42.2000,42.3400,428885,12/22/17,-0.02999999999999403,-0.07080481472738738
Z,43.0800,43.0900,42.1700,42.3700,760051,12/21/17,-0.7000000000000028,-1.6252612026932967
Z,43.3000,43.3600,42.3700,43.0700,621865,12/20/17,-0.14000000000000057,-0.3239990742883605
Z,41.7800,43.4300,41.5000,43.2100,788486,12/19/17,1.4200000000000017,3.397942091409432
Z,41.7400,41.8700,41.1300,41.7900,500892,12/18/17,0.5700000000000003,1.382823871906842
Z,40.7100,41.7000,40.7000,41.2200,702511,12/15/17,0.5,1.2278978388998036
Z,41.9300,41.9900,40.7000,40.7200,531807,12/14/17,-1.0500000000000043,-2.5137658606655595
Z,40.6400,41.8800,40.5400,41.7700,739875,12/13/17,1.25,3.0848963474827245
Z,40.8400,41.0400,40.3400,40.5200,432655,12/12/17,-0.3299999999999983,-0.8078335373316972
Z,40.2700,41.2200,40.2700,40.8500,675149,12/11/17,0.6700000000000017,1.6674962667994069
Z,41.4000,41.7200,40.1300,40.1800,651240,12/08/17,-0.9500000000000028,-2.309749574519822
Z,40.7500,41.7300,40.7500,41.1300,809693,12/07/17,0.3200000000000003,0.7841215388385206
Z,40.2300,41.3200,40.0900,40.8100,623035,12/06/17,0.480000000000004,1.190181006694778
Z,39.9100,40.4200,39.8400,40.3300,537378,12/05/17,0.3399999999999963,0.8502125531382753
Z,41.2200,41.5100,39.8600,39.9900,662020,12/04/17,-0.8200000000000003,-2.009311443273708
Z,40.9300,41.0100,39.7800,40.8100,681233,12/01/17,-0.22999999999999687,-0.5604288499025265
Z,41.2500,41.5800,40.4925,41.0400,906320,11/30/17,0.1700000000000017,0.4159530217763683
Z,42.3000,42.4400,40.6300,40.8700,854055,11/29/17,-1.490000000000002,-3.5174693106704487
Z,42.7100,42.7100,42.0700,42.3600,777966,11/28/17,-0.23000000000000398,-0.5400328715661046
Z,41.8200,42.8600,41.5500,42.5900,637937,11/27/17,0.5600000000000023,1.3323816321675048
Z,41.7000,42.1500,41.5200,42.0300,234667,11/24/17,0.3299999999999983,0.791366906474816
Z,41.1900,41.7500,40.6300,41.7000,626863,11/22/17,0.3400000000000034,0.8220502901354048
Z,41.0000,41.4217,40.7400,41.3600,1.15 M,11/21/17,0.4200000000000017,1.025891548607723
Z,41.0500,41.6100,40.7400,40.9400,942832,11/20/17,0.04999999999999716,0.12227928588896346
Z,41.0500,41.2600,40.8350,40.8900,512134,11/17/17,0.020000000000003126,0.04893564962075637
Z,39.7400,41.1100,39.6500,40.8700,969203,11/16/17,1.0,2.5081514923501382
Z,38.7800,39.9700,38.6300,39.8700,1.63 M,11/15/17,0.7999999999999972,2.047606859482972
Z,38.7900,39.6400,38.7900,39.0700,593938,11/14/17,-0.04999999999999716,-0.12781186094068803
Z,39.2200,39.6100,38.9500,39.1200,873910,11/13/17,-0.4200000000000017,-1.0622154779969695
Z,40.0100,40.2300,38.7600,39.5400,1.41 M,11/10/17,-0.8400000000000034,-2.0802377414561746
Z,40.7500,41.8800,39.7900,40.3800,1.52 M,11/09/17,-0.6599999999999966,-1.6081871345029157
Z,41.3700,41.4900,38.9200,41.0400,3.21 M,11/08/17,1.0700000000000003,2.6770077558168635
Z,40.8100,41.1600,39.5000,39.9700,1.92 M,11/07/17,-0.8500000000000014,-2.0823125918667356
Z,40.4500,42.4500,40.1900,40.8200,1.19 M,11/06/17,0.3400000000000034,0.8399209486166093
Z,39.6500,40.5300,39.1600,40.4800,1.08 M,11/03/17,0.9699999999999989,2.45507466464186
Z,40.4900,40.6200,39.3400,39.5100,1.26 M,11/02/17,-0.7899999999999991,-1.9602977667493777
Z,41.4600,41.4600,40.1000,40.3000,967342,11/01/17,-0.980000000000004,-2.3740310077519475
Z,41.0000,41.3750,40.4600,41.2800,1.35 M,10/31/17,0.3999999999999986,0.9784735812133037
Z,41.1200,41.4100,40.7500,40.8800,827784,10/30/17,-0.259999999999998,-0.6319883325230871
Z,41.4400,41.8000,40.7400,41.1400,992806,10/27/17,-0.28999999999999915,-0.6999758629012772
Z,40.7900,41.6100,40.2800,41.4300,674291,10/26/17,0.8299999999999983,2.0443349753694537
Z,40.9800,41.2100,40.2300,40.6000,591076,10/25/17,-0.5,-1.2165450121654502
Z,41.0000,41.4000,40.7700,41.1000,457646,10/24/17,0.1700000000000017,0.4153432689958507
Z,41.2000,41.4900,40.6800,40.9300,561018,10/23/17,-0.3200000000000003,-0.7757575757575764
Z,41.2000,41.5100,41.0900,41.2500,519215,10/20/17,0.060000000000002274,0.14566642388929904
Z,40.9600,41.2300,40.5100,41.1900,443895,10/19/17,0.1699999999999946,0.4144319843978415
Z,41.8200,42.0000,40.9800,41.0200,492718,10/18/17,-0.5999999999999943,-1.4416146083613512
Z,41.1200,41.6600,41.0000,41.6200,948072,10/17/17,0.4799999999999969,1.1667476908118544
Z,41.5000,41.7100,41.0800,41.1400,687468,10/16/17,-0.4099999999999966,-0.9867629362214119
Z,41.8800,42.0700,41.4400,41.5500,827889,10/13/17,-0.1600000000000037,-0.38360105490290985
Z,41.4000,42.0650,41.2300,41.7100,774950,10/12/17,0.30000000000000426,0.7244626901714665
Z,42.0600,42.1900,41.3700,41.4100,809979,10/11/17,-0.46000000000000085,-1.0986386434201119
Z,42.2800,42.4700,41.7300,41.8700,563580,10/10/17,-0.2600000000000051,-0.6171374317588538
Z,42.3100,42.9800,42.0800,42.1300,927447,10/09/17,0.010000000000005116,0.023741690408369223
Z,41.4200,42.4100,41.3000,42.1200,1.12 M,10/06/17,0.4299999999999997,1.031422403454065
Z,41.7500,42.0500,41.0400,41.6900,1.08 M,10/05/17,-0.21999999999999886,-0.5249343832020971
Z,41.0300,42.0600,40.9700,41.9100,1.24 M,10/04/17,0.9599999999999937,2.344322344322329
Z,40.8000,41.0900,40.4300,40.9500,1.20 M,10/03/17,0.3500000000000014,0.8620689655172449
Z,40.2100,40.7700,39.9000,40.6000,877040,10/02/17,0.39000000000000057,0.9699079830887852
Z,39.6700,40.8900,39.6700,40.2100,2.21 M,09/29/17,0.5900000000000034,1.4891468955073281
Z,39.1600,40.0400,38.9200,39.6200,1.26 M,09/28/17,0.4399999999999977,1.123021949974471
Z,39.3300,39.9100,39.0800,39.1800,797442,09/27/17,0.1599999999999966,0.41004613018963754
Z,39.6000,39.8300,38.7600,39.0200,1.19 M,09/26/17,-0.0899999999999963,-0.23012017386856637
Z,38.7700,39.1699,38.2500,39.1100,2.54 M,09/25/17,0.00999999999999801,0.02557544757032739
Z,39.4400,40.1700,39.1000,39.1000,729045,09/22/17,-0.8200000000000003,-2.0541082164328666
Z,40.0900,40.3400,39.6300,39.9200,858090,09/21/17,-0.35999999999999943,-0.8937437934458774
Z,39.7900,40.4500,39.7300,40.2800,607308,09/20/17,0.259999999999998,0.6496751624187855
Z,40.9600,40.9600,39.8300,40.0200,3.01 M,09/19/17,-0.75,-1.8395879323031639
Z,40.5600,40.9811,40.3000,40.7700,910589,09/18/17,0.4299999999999997,1.065939514129895
Z,39.8000,40.6400,39.5800,40.3400,1.41 M,09/15/17,0.3400000000000034,0.8500000000000085
Z,38.7500,40.0900,38.5200,40.0000,1.34 M,09/14/17,0.9500000000000028,2.432778489116525
Z,40.2100,40.4571,38.1300,39.0500,3.94 M,09/13/17,-1.5600000000000023,-3.841418369859646
Z,39.4100,40.9450,38.8000,40.6100,1.63 M,09/12/17,1.5,3.8353362311429304
Z,38.2400,39.1700,38.0000,39.1100,780363,09/11/17,1.3100000000000023,3.465608465608472
Z,38.7200,38.7900,37.6800,37.8000,828121,09/08/17,-1.0400000000000063,-2.677651905252333
Z,38.7900,39.2200,38.4500,38.8400,542762,09/07/17,0.04000000000000625,0.10309278350517076
Z,39.2100,39.2900,38.4800,38.8000,552835,09/06/17,-0.240000000000002,-0.6147540983606609
Z,39.6600,39.7800,38.6000,39.0400,453765,09/05/17,-0.6300000000000026,-1.5881018401815037
Z,39.8200,39.9500,39.4100,39.6700,888736,09/01/17,0.05000000000000426,0.1261988894497836
Z,39.5600,39.9199,39.2000,39.6200,710735,08/31/17,0.21999999999999886,0.5583756345177636
Z,39.7300,39.7300,39.0000,39.4000,668841,08/30/17,-0.03999999999999915,-0.10141987829614389
Z,37.8200,39.6000,37.7600,39.4400,1.28 M,08/29/17,1.2299999999999969,3.21905260403035
Z,38.0200,38.3600,37.6900,38.2100,563965,08/28/17,0.28999999999999915,0.7647679324894492
Z,38.7500,39.0100,37.8800,37.9200,1.07 M,08/25/17,-0.5599999999999952,-1.455301455301443
Z,38.7300,38.8465,38.0000,38.4800,1.15 M,08/24/17,0.1599999999999966,0.4175365344467552
Z,37.8400,38.4600,37.8400,38.3200,1.06 M,08/23/17,0.11999999999999744,0.31413612565444354
Z,38.6300,38.7400,38.1300,38.2000,1.08 M,08/22/17,-0.4199999999999946,-1.0875194199896288
Z,38.6900,38.8900,38.1700,38.6200,1.94 M,08/21/17,-0.020000000000003126,-0.051759834368538114
Z,39.0700,39.2100,38.2400,38.6400,1.06 M,08/18/17,-0.3500000000000014,-0.8976660682226247
Z,40.2300,40.4150,38.8100,38.9900,1.47 M,08/17/17,-1.519999999999996,-3.75215996050357
Z,41.0400,41.2200,40.3000,40.5100,1.41 M,08/16/17,-0.3400000000000034,-0.8323133414932764
Z,41.6500,42.1200,40.7700,40.8500,1.72 M,08/15/17,-0.7299999999999969,-1.7556517556517481
Z,41.9400,42.0000,41.3200,41.5800,1.10 M,08/14/17,0.6099999999999994,1.4888943129118855
Z,40.4800,42.2500,40.4230,40.9700,1.69 M,08/11/17,0.46999999999999886,1.160493827160491
Z,43.5300,43.5500,40.0600,40.5000,3.98 M,08/10/17,-3.0900000000000034,-7.088781830695121
Z,45.0300,45.2500,42.9900,43.5900,5.37 M,08/09/17,-4.339999999999996,-9.05487168787815
Z,47.3300,48.7300,46.7400,47.9300,3.43 M,08/08/17,0.4299999999999997,0.9052631578947362
Z,45.5100,47.8000,45.5100,47.5000,1.93 M,08/07/17,2.259999999999998,4.995579133510163
Z,45.5200,45.8600,45.0400,45.2400,885453,08/04/17,-0.17999999999999972,-0.3963011889035661
Z,45.6200,45.9500,45.1900,45.4200,450973,08/03/17,-0.03999999999999915,-0.08798944126704608
Z,45.7600,45.7600,44.5800,45.4600,776392,08/02/17,-0.00999999999999801,-0.021992522542331232
Z,45.6000,45.8300,44.5800,45.4700,899776,08/01/17,0.3100000000000023,0.6864481842338404
Z,45.3900,45.4300,44.3600,45.1600,972105,07/31/17,-0.060000000000002274,-0.13268465280849684
Z,44.6800,45.5100,44.3500,45.2200,544359,07/28/17,0.29999999999999716,0.6678539626001717
Z,45.6200,46.0100,44.2008,44.9200,851688,07/27/17,-0.519999999999996,-1.1443661971830899
Z,45.7600,45.7600,45.0700,45.4400,1.00 M,07/26/17,-0.12000000000000455,-0.26338893766462806
Z,44.7600,45.7900,44.3000,45.5600,914861,07/25/17,0.8300000000000054,1.8555779119159523
Z,44.5900,44.8600,44.2000,44.7300,860530,07/24/17,0.29999999999999716,0.6752194463200476
Z,44.5500,44.7300,44.1700,44.4300,982406,07/21/17,-0.13000000000000256,-0.29174147217235763
Z,45.9600,45.9800,44.4300,44.5600,1.45 M,07/20/17,-1.0700000000000003,-2.344948498794653
Z,46.5500,46.7300,45.4700,45.6300,1.49 M,07/19/17,-0.8900000000000006,-1.9131556319862435
Z,46.9200,47.0100,46.0400,46.5200,1.34 M,07/18/17,-0.5799999999999983,-1.231422505307852
Z,46.6000,47.3600,46.5800,47.1000,2.64 M,07/17/17,0.5799999999999983,1.2467755803955252
Z,45.8300,47.5000,45.6700,46.5200,3.19 M,07/14/17,1.6000000000000014,3.561887800534286
Z,44.2200,45.3100,43.3900,44.9200,3.11 M,07/13/17,0.6000000000000014,1.3537906137184148
Z,46.3200,46.5500,43.6100,44.3200,4.90 M,07/12/17,-1.8299999999999983,-3.96533044420368
Z,46.1600,46.4750,45.2500,46.1500,2.09 M,07/11/17,0.0,0.0
Z,46.5600,46.9400,46.1200,46.1500,1.92 M,07/10/17,-0.3500000000000014,-0.7526881720430139
Z,47.2000,47.7800,46.3900,46.5000,1.73 M,07/07/17,-0.7899999999999991,-1.670543455275955
Z,48.2300,48.3700,47.1700,47.2900,1.18 M,07/06/17,-1.4299999999999997,-2.935139573070607
Z,48.9400,49.3000,48.1700,48.7200,952112,07/05/17,-0.14000000000000057,-0.28653295128939943
Z,49.3600,49.3600,48.3950,48.8600,801502,07/03/17,-0.14999999999999858,-0.30605998775759763
Z,48.2800,49.1400,47.9450,49.0100,1.11 M,06/30/17,0.9899999999999949,2.061640982923771
Z,48.6100,48.7900,47.2300,48.0200,983515,06/29/17,-0.6999999999999957,-1.4367816091953935
Z,48.6700,48.9300,47.8600,48.7200,1.04 M,06/28/17,0.5399999999999991,1.1207970112079684
Z,49.8500,50.3900,48.0900,48.1800,2.00 M,06/27/17,-2.1400000000000006,-4.252782193958666
Z,50.9500,51.2300,49.8301,50.3200,2.04 M,06/26/17,-0.7199999999999989,-1.4106583072100292
Z,49.2600,51.1200,49.0000,51.0400,2.00 M,06/23/17,1.7800000000000011,3.6134794965489268
Z,48.7100,49.3000,47.8800,49.2600,1.37 M,06/22/17,0.7800000000000011,1.6089108910891115
Z,47.7400,49.0800,47.6400,48.4800,2.48 M,06/21/17,0.9299999999999997,1.95583596214511
Z,46.9400,47.6100,46.5000,47.5500,1.61 M,06/20/17,0.7899999999999991,1.6894781864841728
Z,45.7500,46.8600,45.7250,46.7600,1.31 M,06/19/17,1.1099999999999994,2.4315443592552013
Z,45.7600,45.9499,45.1700,45.6500,870523,06/16/17,0.0799999999999983,0.1755540926047801
Z,45.0500,45.7400,44.7399,45.5700,1.02 M,06/15/17,-0.18999999999999773,-0.41520979020978527
Z,45.6800,46.0590,45.0750,45.7600,1.66 M,06/14/17,0.519999999999996,1.1494252873563129
Z,44.5300,45.5300,44.5300,45.2400,1.80 M,06/13/17,0.8000000000000043,1.80018001800181
Z,43.6800,44.6300,43.1000,44.4400,1.39 M,06/12/17,0.0,0.0
Z,45.4900,45.7900,43.3600,44.4400,3.94 M,06/09/17,-1.0600000000000023,-2.3296703296703347
Z,45.2500,45.7100,44.5200,45.5000,1.18 M,06/08/17,-0.03999999999999915,-0.08783487044356422
Z,45.2400,45.8300,44.8000,45.5400,1.18 M,06/07/17,0.3299999999999983,0.7299270072992663
Z,44.6600,45.8500,44.4100,45.2100,1.13 M,06/06/17,0.480000000000004,1.07310529845742
Z,44.9700,45.1500,44.6600,44.7300,574213,06/05/17,-0.3300000000000054,-0.7323568575233143
Z,44.3900,45.3100,44.3600,45.0600,714157,06/02/17,0.35999999999999943,0.8053691275167773
Z,43.7500,44.7500,43.2100,44.7000,1.34 M,06/01/17,1.1799999999999997,2.7113970588235285
Z,43.5200,43.7800,42.8600,43.5200,1.40 M,05/31/17,0.030000000000001137,0.06898137502874485
Z,43.4100,43.6400,43.0800,43.4900,973115,05/30/17,0.14999999999999858,0.3461005999077032
Z,43.3800,43.5000,42.9300,43.3400,1.14 M,05/26/17,0.11000000000000654,0.25445292620866655
Z,43.9200,43.9200,43.1300,43.2300,1.12 M,05/25/17,-0.3100000000000023,-0.7119889756545758
Z,42.5700,43.8000,42.4200,43.5400,2.15 M,05/24/17,0.9099999999999966,2.134646962233161
Z,41.3200,42.6600,41.1300,42.6300,2.10 M,05/23/17,1.3599999999999994,3.295371940877149
Z,41.0700,41.7300,41.0700,41.2700,1.36 M,05/22/17,0.23000000000000398,0.5604288499025438
Z,41.9200,42.4599,40.9800,41.0400,1.61 M,05/19/17,-0.490000000000002,-1.1798699735131277
Z,41.3700,41.9300,41.0000,41.5300,1.68 M,05/18/17,0.1600000000000037,0.386753686246081
Z,43.5200,43.7900,41.3000,41.3700,2.42 M,05/17/17,-3.020000000000003,-6.803334084253218
Z,43.2400,44.4900,42.9600,44.3900,1.58 M,05/16/17,1.1000000000000014,2.5410025410025443
Z,42.9200,43.8050,42.8900,43.2900,992936,05/15/17,0.4200000000000017,0.979706088173552
Z,43.0800,43.4500,42.7800,42.8700,1.08 M,05/12/17,-0.35999999999999943,-0.8327550312283124
Z,42.8600,43.4400,42.6300,43.2300,1.03 M,05/11/17,0.12999999999999545,0.30162412993038384
Z,42.8800,43.1875,42.5500,43.1000,1.29 M,05/10/17,0.46000000000000085,1.0787992495309588
Z,43.5400,43.5400,42.2000,42.6400,1.91 M,05/09/17,-0.9200000000000017,-2.1120293847566614
Z,43.9500,43.9693,43.1300,43.5600,1.35 M,05/08/17,-0.4099999999999966,-0.9324539458721779
Z,41.6600,44.0000,41.2800,43.9700,4.89 M,05/05/17,3.740000000000002,9.296544867014672
Z,39.3200,40.7900,39.0900,40.2300,3.48 M,05/04/17,0.8799999999999955,2.2363405336721613
Z,39.5200,39.5800,38.9300,39.3500,1.12 M,05/03/17,-0.3999999999999986,-1.006289308176097
Z,39.9700,40.0900,38.9800,39.7500,1.24 M,05/02/17,-0.1700000000000017,-0.4258517034068179
Z,39.4000,40.1000,39.0600,39.9200,1.81 M,05/01/17,0.9200000000000017,2.3589743589743635
Z,39.6400,39.7700,38.9400,39.0000,1.28 M,04/28/17,-0.5499999999999972,-1.3906447534766049
Z,38.6000,40.2900,38.6000,39.5500,2.65 M,04/27/17,0.9299999999999997,2.4080787156913512
Z,37.6800,38.6600,37.6500,38.6200,1.90 M,04/26/17,1.029999999999994,2.7400904495876404
Z,37.0800,37.6750,36.8700,37.5900,1.08 M,04/25/17,0.720000000000006,1.9528071602929373
Z,36.7300,37.0700,36.5100,36.8700,898570,04/24/17,0.259999999999998,0.7101884730947774
Z,36.4000,36.6400,36.2500,36.6100,646546,04/21/17,0.28000000000000114,0.7707129094412363
Z,36.0000,36.4100,35.8900,36.3300,856436,04/20/17,0.18999999999999773,0.5257332595462029
Z,35.8900,36.1700,35.7500,36.1400,516804,04/19/17,0.490000000000002,1.3744740532959383
Z,35.0700,35.7000,34.8700,35.6500,862877,04/18/17,0.5300000000000011,1.5091116173120762
Z,34.5900,35.1300,34.5204,35.1200,625050,04/17/17,0.5,1.4442518775274409
Z,34.4500,34.9000,34.2900,34.6200,668087,04/13/17,0.14999999999999858,0.4351610095735381
Z,34.5700,35.0000,34.4000,34.4700,998926,04/12/17,-0.03999999999999915,-0.11590843233845016
Z,34.4100,34.6600,34.2900,34.5100,577456,04/11/17,-0.010000000000005116,-0.02896871378912258
Z,34.0900,34.6800,33.9500,34.5200,969165,04/10/17,0.4000000000000057,1.1723329425557025
Z,34.0000,34.2500,33.7700,34.1200,772648,04/07/17,0.21000000000000085,0.6192863462105599
Z,33.5200,33.9700,33.3200,33.9100,977050,04/06/17,0.4399999999999977,1.3146100985957507
Z,33.9000,34.1400,33.3000,33.4700,1.29 M,04/05/17,-0.46000000000000085,-1.3557323902151515
Z,33.7500,33.9500,33.5022,33.9300,754091,04/04/17,0.17999999999999972,0.5333333333333324
Z,33.5900,34.1395,33.5300,33.7500,848344,04/03/17,0.0799999999999983,0.23760023760023252
Z,33.0600,33.7400,33.0200,33.6700,905054,03/31/17,0.39000000000000057,1.1718750000000018
Z,33.4500,33.5250,32.8700,33.2800,1.03 M,03/30/17,-0.259999999999998,-0.7751937984496065
Z,32.8600,33.7100,32.8600,33.5400,821747,03/29/17,0.6000000000000014,1.8214936247723177
Z,33.8100,33.9200,32.5600,32.9400,1.59 M,03/28/17,-0.9100000000000037,-2.6883308714918868
Z,33.0500,34.0000,32.9100,33.8500,797790,03/27/17,0.14000000000000057,0.4153070305547332
Z,33.6600,34.0200,33.2500,33.7100,1.13 M,03/24/17,0.17999999999999972,0.5368326871458386
Z,35.1900,35.1900,33.4300,33.5300,3.45 M,03/23/17,-1.759999999999998,-4.987248512326433
Z,35.1100,35.6400,35.0300,35.2900,1.10 M,03/22/17,0.11999999999999744,0.3411998862666973
Z,36.3100,36.4800,35.1600,35.1700,1.53 M,03/21/17,-1.0700000000000003,-2.952538631346579
Z,36.3500,36.5100,36.0800,36.2400,603400,03/20/17,-0.11999999999999744,-0.330033003300323
Z,36.6500,36.6500,36.2450,36.3600,617699,03/17/17,-0.3299999999999983,-0.8994276369582946
Z,36.7700,36.9700,36.4500,36.6900,739046,03/16/17,-0.060000000000002274,-0.16326530612245516
Z,36.0400,36.8150,35.6300,36.7500,760116,03/15/17,0.8299999999999983,2.3106904231625784
Z,36.0500,36.0600,35.4500,35.9200,659099,03/14/17,-0.21000000000000085,-0.5812344312205946
Z,35.5800,36.1600,35.4200,36.1300,756128,03/13/17,0.8300000000000054,2.3512747875354263
Z,35.5700,35.6299,35.0800,35.3000,601561,03/10/17,0.0799999999999983,0.22714366837023933
Z,34.8200,35.4400,34.7500,35.2200,924055,03/09/17,0.25,0.7148984844152131
Z,35.1300,35.3100,34.8800,34.9700,447159,03/08/17,-0.18999999999999773,-0.5403868031854315
Z,34.6400,35.2600,34.5500,35.1600,864837,03/07/17,0.35999999999999943,1.0344827586206882
Z,34.7400,34.9000,34.4000,34.8000,584240,03/06/17,-0.05000000000000426,-0.1434720229555359
Z,34.4700,34.8600,34.1600,34.8500,719459,03/03/17,0.21999999999999886,0.6352873231302306
Z,35.1700,35.2500,34.5800,34.6300,768857,03/02/17,-0.759999999999998,-2.147499293585753
Z,34.1200,35.4500,34.0500,35.3900,1.80 M,03/01/17,1.4500000000000028,4.272245138479678
Z,34.7700,34.9300,33.8400,33.9400,1.39 M,02/28/17,-1.0100000000000051,-2.8898426323319173
Z,35.0900,35.3600,34.6900,34.9500,1.72 M,02/27/17,-0.21999999999999886,-0.6255331248222885
Z,35.0600,35.4800,34.8000,35.1700,1.24 M,02/24/17,-0.1700000000000017,-0.48104131295982366
Z,35.9500,36.1700,34.9500,35.3400,1.16 M,02/23/17,-0.6299999999999955,-1.7514595496246748
Z,35.1500,36.3700,35.1500,35.9700,1.57 M,02/22/17,0.6599999999999966,1.8691588785046631
Z,35.4700,35.6434,34.7500,35.3100,1.07 M,02/21/17,-0.0799999999999983,-0.22605255721954873
Z,35.0200,35.4900,34.9836,35.3900,661014,02/17/17,0.20000000000000284,0.5683432793407299
Z,36.1900,36.3200,34.9900,35.1900,1.38 M,02/16/17,-0.8200000000000003,-2.277145237434047
Z,36.3000,36.4800,35.9200,36.0100,1.23 M,02/15/17,-0.28999999999999915,-0.7988980716253421
Z,36.3900,37.0200,35.7600,36.3000,3.34 M,02/14/17,1.1099999999999994,3.1543052003410046
Z,34.5500,35.3100,34.5200,35.1900,1.87 M,02/13/17,0.769999999999996,2.237071470075526
Z,34.0500,34.5700,33.7300,34.4200,1.71 M,02/10/17,0.4100000000000037,1.205527785945321
Z,34.6000,34.8800,32.9000,34.0100,3.00 M,02/09/17,-0.5100000000000051,-1.4774044032445106
Z,34.3700,35.0100,33.4701,34.5200,6.85 M,02/08/17,-2.3499999999999943,-6.373745592622713
Z,36.7400,38.0500,36.7400,36.8700,2.92 M,02/07/17,0.25,0.6826870562534135
Z,36.0800,36.9900,36.0200,36.6200,2.54 M,02/06/17,0.6899999999999977,1.9204007792930635
Z,35.6200,36.0800,35.3600,35.9300,1.44 M,02/03/17,0.5799999999999983,1.6407355021216359
Z,35.1600,35.6100,34.8200,35.3500,930895,02/02/17,0.14999999999999858,0.42613636363635954
Z,35.3900,35.8500,34.7350,35.2000,1.53 M,02/01/17,-0.17999999999999972,-0.508762012436404
Z,35.8600,35.9800,35.0200,35.3800,999639,01/31/17,-0.48499999999999943,-1.352293322180397
Z,36.1300,36.2750,35.5100,35.8650,1.08 M,01/30/17,-0.49499999999999744,-1.3613861386138544
Z,36.6500,36.9700,36.2650,36.3600,804737,01/27/17,-0.29999999999999716,-0.8183306055646404
Z,36.6600,36.8400,36.1100,36.6600,753192,01/26/17,0.02999999999999403,0.0819000819000656
Z,37.2000,37.4100,36.5900,36.6300,1.09 M,01/25/17,-0.4199999999999946,-1.1336032388663824
Z,37.0400,37.4400,37.0100,37.0500,944497,01/24/17,0.0,0.0
Z,36.9000,37.3400,36.7800,37.0500,1.48 M,01/23/17,0.27999999999999403,0.7614903453902475
Z,36.7600,37.2400,36.7400,36.7700,1.03 M,01/20/17,0.1700000000000017,0.4644808743169445
Z,36.7300,36.9500,36.5700,36.6000,702506,01/19/17,0.05000000000000426,0.1367989056087668
Z,36.6100,36.8200,36.3100,36.5500,954526,01/18/17,0.03999999999999915,0.10955902492467584
Z,37.4500,37.5690,36.1900,36.5100,2.16 M,01/17/17,-1.0600000000000023,-2.8214000532339694
Z,36.4600,37.7300,36.1800,37.5700,1.78 M,01/13/17,0.6400000000000006,1.7330083942594112
Z,36.2300,37.0000,35.7800,36.9300,1.54 M,01/12/17,0.8500000000000014,2.3558758314855917
Z,36.7100,36.7100,35.6700,36.0800,1.76 M,01/11/17,-0.5700000000000003,-1.5552523874488413
Z,37.1000,37.1900,36.5300,36.6500,1.42 M,01/10/17,-0.30000000000000426,-0.8119079837618518
Z,36.9200,37.1800,36.4600,36.9500,1.75 M,01/09/17,0.25,0.6811989100817438
Z,36.6100,36.8100,35.8800,36.7000,1.42 M,01/06/17,0.28000000000000114,0.7688083470620569
Z,36.8800,37.0800,36.0600,36.4200,2.07 M,01/05/17,-0.6700000000000017,-1.8064168239417677
Z,37.1700,37.4600,36.7700,37.0900,1.12 M,01/04/17,-0.12999999999999545,-0.3492745835572151
Z,36.2500,37.2800,36.1001,37.2200,1.69 M,01/03/17,0.75,2.056484782012613
Z,37.2500,37.3000,36.3300,36.4700,880085,12/30/16,-0.509999999999998,-1.3791238507301191
Z,37.1600,37.4299,36.8400,36.9800,528163,12/29/16,-0.20000000000000284,-0.5379236148466994
Z,37.6800,37.6800,36.7700,37.1800,632947,12/28/16,-0.4799999999999969,-1.2745618693574001
Z,37.3600,37.7500,37.2600,37.6600,506723,12/27/16,0.4299999999999997,1.1549825409615895
Z,36.6000,37.2400,36.3000,37.2300,1.57 M,12/23/16,0.6299999999999955,1.7213114754098235
Z,38.0500,38.3400,36.3500,36.6000,1.76 M,12/22/16,-1.740000000000002,-4.538341158059473
Z,38.8900,39.0000,38.0200,38.3400,1.25 M,12/21/16,-0.46999999999999886,-1.2110280855449596
Z,38.4000,38.8800,37.9700,38.8100,1.15 M,12/20/16,0.6799999999999997,1.783372672436401
Z,37.8300,38.4300,37.2900,38.1300,899880,12/19/16,0.5,1.3287270794578792
Z,38.0800,38.2000,37.2900,37.6300,1.16 M,12/16/16,-0.4099999999999966,-1.0778128286014632
Z,36.9000,39.0500,36.5450,38.0400,3.58 M,12/15/16,1.3500000000000014,3.679476696647592
Z,36.5300,37.0000,36.1700,36.6900,1.62 M,12/14/16,0.28999999999999915,0.7967032967032944
Z,36.3500,37.0100,36.1592,36.4000,1.05 M,12/13/16,0.11999999999999744,0.330760749724359
Z,36.9000,37.1600,36.1600,36.2800,1.21 M,12/12/16,-0.6299999999999955,-1.706854510972624
Z,37.1100,37.4600,36.5400,36.9100,1.18 M,12/09/16,-0.060000000000002274,-0.16229375169056606
Z,37.2500,37.8700,36.8900,36.9700,2.29 M,12/08/16,-0.6099999999999994,-1.6232038318254376
Z,37.0900,37.9900,36.3600,37.5800,4.00 M,12/07/16,0.17999999999999972,0.4812834224598923
Z,34.0000,37.8390,34.0000,37.4000,10.55 M,12/06/16,2.6299999999999955,7.563991947080803
Z,34.0800,34.9400,33.6100,34.7700,662752,12/05/16,0.9000000000000057,2.6572187776793794
Z,33.8800,34.5900,33.6600,33.8700,774759,12/02/16,0.01999999999999602,0.05908419497783167
Z,35.8400,35.9200,33.4300,33.8500,3.27 M,12/01/16,-2.0700000000000003,-5.762806236080179
Z,36.3700,36.5400,35.7900,35.9200,1.56 M,11/30/16,-0.0899999999999963,-0.2499305748403119
Z,35.9800,36.4500,35.5301,36.0100,767939,11/29/16,0.0799999999999983,0.22265516281658307
Z,36.3300,36.4300,35.6900,35.9300,829506,11/28/16,-0.5,-1.372495196266813
Z,36.9300,37.0870,36.3200,36.4300,357189,11/25/16,-0.509999999999998,-1.3806172171088198
Z,35.9100,37.5400,35.7750,36.9400,1.30 M,11/23/16,0.75,2.072395689416966
Z,36.3300,36.4200,35.6665,36.1900,650265,11/22/16,-0.10999999999999943,-0.3030303030303015
Z,36.0800,36.4100,35.4800,36.3000,1.25 M,11/21/16,0.00999999999999801,0.027555800495998928
Z,36.6300,36.9400,35.9000,36.2900,1.44 M,11/18/16,-0.21000000000000085,-0.575342465753427
Z,35.6100,36.7500,35.0500,36.5000,1.41 M,11/17/16,1.1099999999999994,3.136479231421304
Z,35.3100,36.0000,34.8000,35.3900,1.13 M,11/16/16,-0.22999999999999687,-0.6457046603031917
Z,35.1600,36.4800,34.9000,35.6200,1.41 M,11/15/16,0.29999999999999716,0.8493771234428006
Z,35.6700,35.7500,34.9600,35.3200,1.50 M,11/14/16,-0.13000000000000256,-0.36671368124119197
Z,34.5700,35.5000,33.8600,35.4500,1.33 M,11/11/16,0.9400000000000048,2.7238481599536506
Z,36.0000,37.1400,34.4300,34.5100,2.65 M,11/10/16,-1.3700000000000045,-3.8182831661092655
Z,34.7200,35.9400,34.3000,35.8800,984805,11/09/16,0.4000000000000057,1.1273957158962957
Z,35.2300,35.9700,34.6900,35.4800,1.00 M,11/08/16,0.269999999999996,0.7668276057937973
Z,34.7400,35.3000,34.0500,35.2100,1.60 M,11/07/16,0.759999999999998,2.2060957910014456
Z,35.4700,35.7950,34.1500,34.4500,2.61 M,11/04/16,-1.019999999999996,-2.8756695799266874
Z,35.0000,36.7499,34.8500,35.4700,2.26 M,11/03/16,0.35999999999999943,1.02534890344631
Z,32.9500,35.8400,32.2500,35.1100,4.61 M,11/02/16,2.0899999999999963,6.329497274379152
Z,33.3100,33.5200,32.1800,33.0200,2.78 M,11/01/16,-0.3399999999999963,-1.0191846522781665
Z,32.6100,34.0700,32.5900,33.3600,2.54 M,10/31/16,0.9399999999999977,2.8994447871684073
Z,31.9000,32.8590,31.9000,32.4200,1.03 M,10/28/16,0.45000000000000284,1.4075695964967245
Z,32.3100,32.7000,31.5100,31.9700,1.12 M,10/27/16,-0.240000000000002,-0.7451102142191928
Z,32.7100,32.8700,31.9200,32.2100,1.11 M,10/26/16,-0.75,-2.275485436893204
Z,34.0100,34.2000,32.6800,32.9600,1.04 M,10/25/16,-1.3800000000000026,-4.018637157833438
Z,34.1700,34.6000,34.0014,34.3400,532572,10/24/16,0.480000000000004,1.4176018901358654
Z,33.4400,34.0000,32.9300,33.8600,1.34 M,10/21/16,0.3500000000000014,1.0444643390032868
Z,33.5200,33.6900,32.7500,33.5100,1.03 M,10/20/16,-0.07000000000000028,-0.20845741512805327
Z,33.6700,33.7900,33.4100,33.5800,655717,10/19/16,0.0,0.0
Z,33.4500,33.6500,33.2000,33.5800,1.00 M,10/18/16,0.519999999999996,1.572897761645481
Z,32.5200,33.4300,32.3500,33.0600,1.14 M,10/17/16,0.38000000000000256,1.1627906976744264
Z,32.1700,32.9800,32.1540,32.6800,1.06 M,10/14/16,0.6199999999999974,1.9338739862757248
Z,32.4100,32.4650,31.2200,32.0600,2.23 M,10/13/16,-0.75,-2.285888448643706
Z,32.5500,32.9000,31.8300,32.8100,1.66 M,10/12/16,0.13000000000000256,0.3977968176254668
Z,33.5100,33.7700,32.4400,32.6800,1.24 M,10/11/16,-0.8800000000000026,-2.622169249106086
Z,33.2700,33.6000,32.7000,33.5600,926086,10/10/16,0.39000000000000057,1.1757612300271345
Z,33.3100,34.1500,33.0900,33.1700,1.30 M,10/07/16,-0.14000000000000057,-0.4202942059441626
Z,34.2000,34.3600,33.2900,33.3100,992713,10/06/16,-1.0599999999999952,-3.0840849578120317
Z,34.2900,34.5400,34.1301,34.3700,1.07 M,10/05/16,-0.020000000000003126,-0.058156440825830547
Z,35.0800,35.0800,34.2100,34.3900,903713,10/04/16,-0.5399999999999991,-1.5459490409390184
Z,34.3600,35.0000,34.3400,34.9300,832534,10/03/16,0.28000000000000114,0.8080808080808114
Z,35.9500,35.9700,34.3000,34.6500,1.80 M,09/30/16,-1.3100000000000023,-3.6429365962180262
Z,36.5000,36.5100,35.8200,35.9600,803139,09/29/16,-0.17999999999999972,-0.49806308799114474
Z,35.7700,36.1900,35.4300,36.1400,950310,09/28/16,0.4399999999999977,1.2324929971988732
Z,35.0600,35.8300,35.0600,35.7000,613127,09/27/16,0.6000000000000014,1.7094017094017133
Z,35.0200,35.3350,34.8800,35.1000,488859,09/26/16,-0.11999999999999744,-0.34071550255535904
Z,35.7200,35.7700,35.0400,35.2200,674728,09/23/16,-0.6400000000000006,-1.7847183491355287
Z,35.0100,35.9200,34.8300,35.8600,1.21 M,09/22/16,0.740000000000002,2.1070615034168623
Z,34.0900,35.1800,33.9800,35.1200,861877,09/21/16,1.259999999999998,3.7212049616066096
Z,33.9500,34.2700,33.3900,33.8600,720107,09/20/16,-0.17999999999999972,-0.528789659224441
Z,33.9700,34.3900,33.8300,34.0400,685720,09/19/16,0.3100000000000023,0.9190631485324705
Z,33.2000,33.9100,33.0108,33.7300,1.31 M,09/16/16,0.4399999999999977,1.3217182337038083
Z,32.9600,33.5400,32.6500,33.2900,766938,09/15/16,0.259999999999998,0.7871631849833424
Z,33.0800,33.6400,32.8650,33.0300,680953,09/14/16,-0.1599999999999966,-0.4820729135281609
Z,33.3500,33.5000,32.7701,33.1900,625603,09/13/16,-0.35999999999999943,-1.0730253353204158
Z,33.3200,33.8600,33.0300,33.5500,1.21 M,09/12/16,0.11999999999999744,0.3589590188453408
Z,34.0800,34.1150,33.1900,33.4300,1.63 M,09/09/16,-0.9299999999999997,-2.7066356228172284
Z,34.7800,34.9500,34.3100,34.3600,848252,09/08/16,-0.6400000000000006,-1.8285714285714303
Z,34.7400,35.0700,34.6400,35.0000,930288,09/07/16,0.09000000000000341,0.25780578630765805
Z,35.1900,35.2400,34.2350,34.9100,757326,09/06/16,0.14999999999999858,0.43153049482163
Z,34.4200,34.9200,34.1400,34.7600,969807,09/02/16,0.5499999999999972,1.6077170418006348
Z,33.7200,34.2100,33.0300,34.2100,1.42 M,09/01/16,0.35999999999999943,1.06351550960118
Z,34.1700,34.5300,33.5400,33.8500,1.36 M,08/31/16,-0.519999999999996,-1.5129473377945768
Z,34.5200,34.8400,34.1800,34.3700,422382,08/30/16,-0.23000000000000398,-0.6647398843930751
Z,34.2600,34.8400,34.2600,34.6000,394511,08/29/16,0.3299999999999983,0.9629413481178823
Z,34.0700,34.7000,33.9800,34.2700,840571,08/26/16,0.29000000000000625,0.8534432018834793
Z,33.7500,34.2000,33.7200,33.9800,650838,08/25/16,0.02999999999999403,0.08836524300440067
Z,34.7400,34.9999,33.7300,33.9500,1.20 M,08/24/16,-1.0399999999999991,-2.9722777936553273
Z,35.1400,35.7300,34.8800,34.9900,1.10 M,08/23/16,-0.05999999999999517,-0.1711840228245226
Z,34.6500,35.2000,34.5500,35.0500,888882,08/22/16,0.14000000000000057,0.40103122314523226
Z,33.7500,34.9600,33.5200,34.9100,1.28 M,08/19/16,0.9099999999999966,2.676470588235284
Z,34.1700,34.3300,33.8300,34.0000,786025,08/18/16,-0.10000000000000142,-0.29325513196481356
Z,33.8500,34.2200,32.8800,34.1000,2.50 M,08/17/16,0.21999999999999886,0.6493506493506459
Z,35.3700,36.0100,33.7700,33.8800,1.78 M,08/16/16,-1.6899999999999977,-4.751194827101483
Z,35.2100,35.8000,35.1700,35.5700,1.02 M,08/15/16,0.36999999999999744,1.0511363636363562
Z,35.2600,35.4400,34.6100,35.2000,2.01 M,08/12/16,-0.09999999999999432,-0.2832861189801539
Z,35.5800,35.9200,35.1800,35.3000,1.27 M,08/11/16,-0.020000000000003126,-0.05662514156286276
Z,36.3200,36.6900,35.2800,35.3200,1.49 M,08/10/16,-0.8200000000000003,-2.2689540675152196
Z,37.0000,37.3400,36.1000,36.1400,2.03 M,08/09/16,-1.3399999999999963,-3.5752401280682937
Z,37.4000,37.7700,36.8300,37.4800,1.42 M,08/08/16,0.0799999999999983,0.21390374331550346
Z,37.6400,37.6500,36.2500,37.4000,3.46 M,08/05/16,-1.8599999999999994,-4.737646459500763
Z,39.1200,39.6100,38.6700,39.2600,2.85 M,08/04/16,0.21999999999999886,0.5635245901639315
Z,39.1700,39.3400,38.8000,39.0400,1.01 M,08/03/16,-0.2700000000000031,-0.6868481302467645
Z,39.8500,39.8500,38.7000,39.3100,920425,08/02/16,-0.5300000000000011,-1.330321285140565
Z,39.3800,39.8800,39.0300,39.8400,1.13 M,08/01/16,0.5900000000000034,1.503184713375805
Z,39.3100,39.5900,38.7700,39.2500,1.19 M,07/29/16,0.14999999999999858,0.38363171355498354
Z,38.7700,39.3400,38.7500,39.1000,1.91 M,07/28/16,0.3999999999999986,1.0335917312661462
Z,38.6200,38.8700,38.2700,38.7000,1.63 M,07/27/16,0.28000000000000114,0.7287870900572647
Z,37.7600,38.5800,37.6600,38.4200,1.87 M,07/26/16,0.7800000000000011,2.0722635494155184
Z,37.9800,38.0000,37.3500,37.6400,991587,07/25/16,-0.39000000000000057,-1.0255061793321076
Z,37.8300,38.2400,37.6400,38.0300,614066,07/22/16,0.3299999999999983,0.8753315649867328
Z,38.0000,38.7500,37.5600,37.7000,1.62 M,07/21/16,-0.3499999999999943,-0.9198423127463715
Z,37.6600,38.2300,37.3100,38.0500,1.46 M,07/20/16,0.5399999999999991,1.4396161023726983
Z,37.4200,37.9200,37.2100,37.5100,841808,07/19/16,-0.12000000000000455,-0.3188944990699031
Z,37.0600,37.6900,37.0600,37.6300,593263,07/18/16,0.3500000000000014,0.938841201716742
Z,37.0300,37.5300,36.3900,37.2800,922934,07/15/16,0.21999999999999886,0.5936319481921177
Z,36.6400,37.1300,36.3500,37.0600,1.33 M,07/14/16,0.8200000000000003,2.2626931567328925
Z,37.3800,37.4400,36.0000,36.2400,1.05 M,07/13/16,-0.4299999999999997,-1.172620670848104
Z,36.8900,37.0800,36.5600,36.6700,718116,07/12/16,0.20000000000000284,0.5483959418700379
Z,36.1000,36.8000,36.1000,36.4700,773990,07/11/16,0.3100000000000023,0.8573008849557586
Z,35.7100,36.1900,35.6800,36.1600,778260,07/08/16,0.7099999999999937,2.0028208744710683
Z,35.0000,35.8500,34.8000,35.4500,986055,07/07/16,0.37000000000000455,1.0547320410490437
Z,34.8000,35.3300,34.5100,35.0800,830047,07/06/16,0.0899999999999963,0.25721634752785455
Z,35.5100,35.6400,34.6000,34.9900,1.12 M,07/05/16,-0.5700000000000003,-1.6029246344206982
Z,36.0300,36.4000,35.1200,35.5600,1.24 M,07/01/16,-0.7199999999999989,-1.984564498346193
Z,35.0900,36.2800,35.0000,36.2800,1.72 M,06/30/16,1.1099999999999994,3.1560989479670156
Z,34.2400,35.3300,33.9100,35.1700,1.61 M,06/29/16,1.4299999999999997,4.238292827504445
Z,33.4000,34.3500,33.2130,33.7400,1.46 M,06/28/16,0.9299999999999997,2.8345016763181947
Z,34.4200,34.4900,32.7100,32.8100,1.77 M,06/27/16,-1.769999999999996,-5.118565644881423
Z,33.9000,35.0400,33.9000,34.5800,2.60 M,06/24/16,-0.8000000000000043,-2.261164499717366
Z,34.7000,35.5000,34.7000,35.3800,1.14 M,06/23/16,0.7899999999999991,2.2838970800809455
Z,34.8900,35.2400,34.0200,34.5900,2.01 M,06/22/16,-0.06999999999999318,-0.20196191575300976
Z,34.6100,35.1700,34.3900,34.6600,1.65 M,06/21/16,-0.10000000000000142,-0.28768699654776014
Z,34.3400,35.0426,34.2400,34.7600,1.93 M,06/20/16,0.7100000000000009,2.0851688693098414
Z,32.9300,34.3600,32.9100,34.0500,3.98 M,06/17/16,0.9799999999999969,2.9634109464771603
Z,32.6900,33.3800,32.5200,33.0700,2.41 M,06/16/16,0.28999999999999915,0.8846857840146405
Z,32.7600,33.0100,32.4400,32.7800,1.51 M,06/15/16,0.07000000000000028,0.21400183430143774
Z,32.4100,32.8700,32.0100,32.7100,1.55 M,06/14/16,0.3100000000000023,0.9567901234567971
Z,32.6000,32.9100,31.8500,32.4000,1.95 M,06/13/16,0.17999999999999972,0.5586592178770942
Z,32.0000,32.4600,31.8800,32.2200,1.26 M,06/10/16,-0.060000000000002274,-0.18587360594796243
Z,32.2900,32.4438,31.8500,32.2800,1.07 M,06/09/16,-0.21999999999999886,-0.6769230769230734
Z,32.0000,32.6500,31.6600,32.5000,1.52 M,06/08/16,0.4299999999999997,1.3408169628936693
Z,32.8000,33.2500,31.7700,32.0700,4.35 M,06/07/16,1.740000000000002,5.736894164193874
Z,29.4400,30.6400,29.4000,30.3300,2.02 M,06/06/16,1.0,3.409478349812479
Z,28.8900,29.4500,28.3800,29.3300,795891,06/03/16,0.18999999999999773,0.6520247083047279
Z,28.1700,29.2500,28.1700,29.1400,1.65 M,06/02/16,0.8000000000000007,2.8228652081863115
Z,28.3600,28.6000,27.7600,28.3400,1.42 M,06/01/16,-0.33999999999999986,-1.1854951185495113
Z,28.6800,28.9500,28.3800,28.6800,2.06 M,05/31/16,0.0799999999999983,0.27972027972027375
Z,28.0800,29.3699,28.0800,28.6000,1.20 M,05/27/16,0.2700000000000031,0.9530533003882921
Z,28.4500,28.7200,27.7700,28.3300,835468,05/26/16,-0.2900000000000027,-1.0132774283717774
Z,28.4000,28.9900,28.0500,28.6200,670706,05/25/16,0.08999999999999986,0.31545741324921084
Z,27.9000,28.8500,27.6500,28.5300,1.19 M,05/24/16,0.7699999999999996,2.773775216138327
Z,27.7400,28.3400,27.5850,27.7600,979409,05/23/16,-0.029999999999997584,-0.10795250089959549
Z,27.4000,27.8750,26.8500,27.7900,1.53 M,05/20/16,0.46000000000000085,1.6831320892791837
Z,28.4200,29.4200,26.7000,27.3300,2.47 M,05/19/16,-1.4500000000000028,-5.038220986796396
Z,27.9400,28.9500,26.1500,28.7800,3.56 M,05/18/16,0.7800000000000011,2.7857142857142896
Z,28.3500,28.9500,27.9200,28.0000,1.17 M,05/17/16,-0.35999999999999943,-1.2693935119887145
Z,27.7400,28.4900,27.4500,28.3600,1.22 M,05/16/16,0.7100000000000009,2.5678119349005457
Z,27.6600,28.2700,27.2900,27.6500,876949,05/13/16,0.03999999999999915,0.14487504527344855
Z,27.2400,27.8282,27.2100,27.6100,634089,05/12/16,0.370000000000001,1.358296622613807
Z,27.0600,27.6100,26.7711,27.2400,542863,05/11/16,0.04999999999999716,0.18389113644721278
Z,26.7400,27.6500,26.6200,27.1900,1.02 M,05/10/16,0.7000000000000028,2.6425066062665263
Z,26.5600,26.8599,26.0200,26.4900,807842,05/09/16,-0.14000000000000057,-0.5257228689448012
Z,26.3600,26.8900,26.2450,26.6300,1.40 M,05/06/16,-0.08999999999999986,-0.3368263473053887
Z,28.1500,28.4600,26.5000,26.7200,2.68 M,05/05/16,-1.3599999999999994,-4.843304843304842
Z,28.9700,29.7000,28.0000,28.0800,8.38 M,05/04/16,3.0199999999999996,12.051077414205905
Z,25.1800,25.5300,24.5908,25.0600,3.47 M,05/03/16,-0.030000000000001137,-0.11956954962136762
Z,24.0400,25.3500,23.4200,25.0900,1.90 M,05/02/16,1.0500000000000007,4.367720465890186
Z,23.9600,24.7800,23.3300,24.0400,1.45 M,04/29/16,0.05999999999999872,0.2502085070892357
Z,24.2400,24.8900,23.8700,23.9800,874966,04/28/16,-0.759999999999998,-3.071948261924002
Z,24.7400,25.2200,24.4100,24.7400,1.03 M,04/27/16,-0.11000000000000298,-0.4426559356136941
Z,25.0300,26.2700,24.6300,24.8500,2.52 M,04/26/16,-0.00999999999999801,-0.04022526146419152
Z,24.6000,24.8700,24.0500,24.8600,1.04 M,04/25/16,0.00999999999999801,0.04024144869214491
Z,23.2200,25.0500,23.2200,24.8500,2.17 M,04/22/16,1.5200000000000031,6.515216459494227
Z,23.2800,23.8600,23.2300,23.3300,788926,04/21/16,0.08999999999999986,0.3872633390705674
Z,22.3800,23.9100,22.1000,23.2400,1.64 M,04/20/16,0.9599999999999973,4.308797127468569
Z,21.5700,22.5300,21.5700,22.2800,810725,04/19/16,0.6600000000000001,3.052728954671601
Z,21.7000,22.1200,21.3700,21.6200,601943,04/18/16,-0.23000000000000043,-1.0526315789473704
Z,21.5200,21.9800,21.4700,21.8500,407060,04/15/16,0.22000000000000242,1.0171058714748147
Z,21.6300,21.8900,21.4200,21.6300,824718,04/14/16,0.0,0.0
Z,20.8500,21.6400,20.6915,21.6300,658752,04/13/16,0.9499999999999993,4.593810444874271
Z,20.0000,20.7400,19.9900,20.6800,1.02 M,04/12/16,0.7399999999999984,3.711133400200594
Z,21.0900,21.2700,19.6300,19.9400,1.36 M,04/11/16,-1.1499999999999986,-5.452821242294919
Z,20.8600,21.2200,20.5700,21.0900,1.79 M,04/08/16,0.35999999999999943,1.7366136034732245
Z,21.1900,21.2900,20.7000,20.7300,1.34 M,04/07/16,-0.5300000000000011,-2.492944496707437
Z,21.2100,22.0000,20.0500,21.2600,2.29 M,04/06/16,0.18000000000000327,0.8538899430740193
Z,21.7300,21.8700,20.8700,21.0800,2.10 M,04/05/16,-1.0100000000000016,-4.572204617473977
Z,23.2500,23.4300,22.0000,22.0900,1.44 M,04/04/16,-1.3599999999999994,-5.7995735607675885
Z,23.9500,23.9500,22.8600,23.4500,1.41 M,04/01/16,-0.28000000000000114,-1.1799410029498574
Z,23.0500,23.9950,22.8100,23.7300,1.46 M,03/31/16,0.6799999999999997,2.950108459869847
Z,23.4900,23.9700,23.0400,23.0500,773703,03/30/16,-0.28999999999999915,-1.2425021422450693
Z,22.2600,23.5600,22.2600,23.3400,1.28 M,03/29/16,0.9299999999999997,4.1499330655957145
Z,22.3500,22.7800,22.0400,22.4100,716550,03/28/16,-0.120000000000001,-0.5326231691078606
Z,22.1300,22.6850,22.0200,22.5300,845662,03/24/16,0.1700000000000017,0.7602862254025121
Z,22.8300,23.4700,22.0900,22.3600,1.54 M,03/23/16,-0.6600000000000001,-2.867072111207646
Z,23.6000,24.5000,22.8100,23.0200,2.38 M,03/22/16,0.259999999999998,1.1423550087873373
Z,22.1600,23.0900,22.0125,22.7600,834766,03/21/16,0.4400000000000013,1.9713261648745577
Z,22.4600,22.8600,22.0900,22.3200,1.31 M,03/18/16,0.120000000000001,0.540540540540545
Z,22.6000,22.9300,22.1700,22.2000,814575,03/17/16,-0.5700000000000003,-2.503293807641635
Z,21.6500,22.9800,21.6200,22.7700,600160,03/16/16,0.9600000000000009,4.4016506189821225
Z,22.6400,22.6400,21.6900,21.8100,1.10 M,03/15/16,-1.0600000000000023,-4.634892872759083
Z,22.7000,23.0200,22.5600,22.8700,638790,03/14/16,-0.2099999999999973,-0.909878682842276
Z,22.7200,23.1200,22.4600,23.0800,746568,03/11/16,0.5599999999999987,2.4866785079928895
Z,22.6700,22.7500,21.8600,22.5200,1.14 M,03/10/16,0.0799999999999983,0.35650623885917243
Z,24.1000,24.1300,22.2900,22.4400,2.08 M,03/09/16,-1.8299999999999983,-7.540173053152032
Z,23.3000,24.6400,23.2300,24.2700,1.59 M,03/08/16,0.7199999999999989,3.057324840764326
Z,23.0000,24.1900,23.0000,23.5500,1.18 M,03/07/16,0.2699999999999996,1.1597938144329878
Z,23.3700,24.1600,22.7500,23.2800,1.24 M,03/04/16,-0.08999999999999986,-0.3851091142490366
Z,22.3700,24.0100,22.3000,23.3700,2.31 M,03/03/16,0.990000000000002,4.423592493297596
Z,21.8300,22.5200,21.8200,22.3800,1.62 M,03/02/16,0.9199999999999982,4.287045666356002
Z,22.2700,22.6500,21.0801,21.4600,2.24 M,03/01/16,-0.14000000000000057,-0.6481481481481507
Z,21.1000,22.0199,20.9700,21.6000,2.39 M,02/29/16,0.5899999999999999,2.8081865778200847
Z,21.0000,21.2600,20.3100,21.0100,1.59 M,02/26/16,0.010000000000001563,0.04761904761905506
Z,20.3400,21.2500,20.3400,21.0000,1.74 M,02/25/16,0.8000000000000007,3.960396039603964
Z,20.5000,20.7700,19.2700,20.2000,2.01 M,02/24/16,-0.5700000000000003,-2.7443428021184415
Z,20.5000,22.1400,20.4500,20.7700,2.91 M,02/23/16,0.7699999999999996,3.849999999999998
Z,20.3700,20.8200,19.5000,20.0000,2.62 M,02/22/16,-0.3099999999999987,-1.5263417035942823
Z,19.7300,20.4800,19.1200,20.3100,1.80 M,02/19/16,0.759999999999998,3.8874680306905267
Z,19.2900,19.9500,18.8400,19.5500,1.98 M,02/18/16,0.1700000000000017,0.8771929824561492
Z,18.9400,20.3400,18.6500,19.3800,1.83 M,02/17/16,0.5500000000000007,2.9208709506107318
Z,17.9200,19.4000,17.2100,18.8300,2.67 M,02/16/16,1.0199999999999996,5.7271195957327325
Z,18.0000,18.5600,16.6100,17.8100,6.57 M,02/12/16,-0.16000000000000014,-0.8903728436282702
Z,16.3300,18.7800,16.2800,17.9700,5.02 M,02/11/16,1.1899999999999977,7.091775923718699
Z,16.2000,17.0700,16.0900,16.7800,1.99 M,02/10/16,0.5800000000000018,3.5802469135802584
Z,15.6700,16.6100,15.6200,16.2000,3.07 M,02/09/16,0.18999999999999773,1.1867582760774373
Z,16.6500,16.8300,15.3600,16.0100,4.62 M,02/08/16,-0.9100000000000001,-5.378250591016549
Z,18.3400,18.3400,16.7100,16.9200,3.16 M,02/05/16,-1.509999999999998,-8.193163320672806
Z,17.6200,18.4600,17.1600,18.4300,1.82 M,02/04/16,0.7800000000000011,4.4192634560906585
Z,18.0000,18.6400,17.2800,17.6500,1.60 M,02/03/16,-0.2700000000000031,-1.506696428571446
Z,19.0600,19.3700,17.6700,17.9200,1.39 M,02/02/16,-1.3299999999999983,-6.9090909090909
Z,20.4700,20.5100,19.0600,19.2500,2.04 M,02/01/16,-1.25,-6.097560975609756
Z,19.5200,20.5200,19.5200,20.5000,1.33 M,01/29/16,1.0,5.128205128205129
Z,19.9900,20.3200,19.4750,19.5000,1.38 M,01/28/16,-0.14999999999999858,-0.763358778625947
Z,20.0100,20.5500,19.5850,19.6500,990006,01/27/16,-0.4700000000000024,-2.335984095427447
Z,19.6500,20.1700,19.1500,20.1200,2.06 M,01/26/16,0.370000000000001,1.8734177215189924
Z,20.0800,20.7400,19.6600,19.7500,1.19 M,01/25/16,-0.4299999999999997,-2.130822596630326
Z,19.1200,20.3100,19.1200,20.1800,1.69 M,01/22/16,1.2399999999999984,6.54699049630411
Z,19.6900,19.7300,18.8501,18.9400,2.05 M,01/21/16,-0.5899999999999999,-3.0209933435739877
Z,20.5900,20.7200,19.0800,19.5300,2.85 M,01/20/16,-1.1400000000000006,-5.515239477503631
Z,20.9300,21.0600,20.1900,20.6700,3.17 M,01/19/16,-0.1599999999999966,-0.7681228996639299
Z,20.4000,21.2000,20.1600,20.8300,3.36 M,01/15/16,0.05999999999999872,0.2888781896966717
Z,21.4000,21.4900,19.8300,20.7700,2.62 M,01/14/16,-0.6799999999999997,-3.170163170163169
Z,22.3300,23.0000,21.3100,21.4500,2.38 M,01/13/16,-0.8900000000000006,-3.983885407341095
Z,22.1700,22.5100,21.7300,22.3400,1.23 M,01/12/16,0.17999999999999972,0.8122743682310456
Z,22.2800,22.3500,21.8900,22.1600,1.21 M,01/11/16,0.05999999999999872,0.27149321266967746
Z,21.6600,22.3950,21.5908,22.1000,1.06 M,01/08/16,0.6000000000000014,2.7906976744186114
Z,21.4900,22.0200,21.4300,21.5000,1.18 M,01/07/16,-0.46000000000000085,-2.094717668488164
Z,21.7200,22.3350,21.5000,21.9600,1.09 M,01/06/16,-0.029999999999997584,-0.13642564802181711
Z,22.2100,22.8700,21.3500,21.9900,1.25 M,01/05/16,-0.120000000000001,-0.5427408412483085
Z,23.0800,23.3300,22.0700,22.1100,1.50 M,01/04/16,-1.370000000000001,-5.834752981260652
Z,24.2100,24.2400,23.4800,23.4800,1.05 M,12/31/15,-0.759999999999998,-3.1353135313531273
Z,24.1800,24.8200,24.1700,24.2400,538016,12/30/15,0.06999999999999673,0.2896152254861263
Z,23.9300,24.5100,23.8800,24.1700,526604,12/29/15,0.22000000000000242,0.9185803757828911
Z,24.2700,24.4600,23.8200,23.9500,345334,12/28/15,-0.46000000000000085,-1.8844735764031169
Z,24.0000,24.6000,23.9300,24.4100,297520,12/24/15,0.33000000000000185,1.3704318936877153
Z,23.9200,24.2300,23.6200,24.0800,978247,12/23/15,0.129999999999999,0.5427974947807892
Z,24.0500,24.4900,23.3600,23.9500,847144,12/22/15,-0.14000000000000057,-0.5811540058115424
Z,24.8600,25.0600,24.0500,24.0900,915936,12/21/15,-0.5199999999999996,-2.1129622104835417
Z,24.3900,24.9340,24.0900,24.6100,1.11 M,12/18/15,0.17999999999999972,0.7367990176013087
Z,25.4600,25.4600,24.0300,24.4300,1.36 M,12/17/15,-1.0300000000000011,-4.045561665357428
Z,24.8000,25.5900,24.6300,25.4600,1.39 M,12/16/15,0.9000000000000021,3.6644951140065234
Z,23.7200,24.8700,23.4900,24.5600,1.74 M,12/15/15,1.009999999999998,4.288747346072178
Z,23.1500,24.0500,22.8000,23.5500,1.11 M,12/14/15,0.2699999999999996,1.1597938144329878
Z,23.3500,24.3900,23.1400,23.2800,1.50 M,12/11/15,-0.17999999999999972,-0.7672634271099732
Z,23.5500,23.7400,23.0000,23.4600,1.11 M,12/10/15,-0.10999999999999943,-0.46669495120916177
Z,24.6300,24.8900,23.2600,23.5700,1.81 M,12/09/15,-1.1400000000000006,-4.613516794819913
Z,24.4200,25.0600,24.2500,24.7100,1.16 M,12/08/15,-0.23999999999999844,-0.9619238476953845
Z,24.5000,25.1900,24.2500,24.9500,841199,12/07/15,0.28999999999999915,1.1759935117599316
Z,24.5800,24.8000,23.9100,24.6600,663392,12/04/15,0.16000000000000014,0.6530612244897965
Z,24.7600,25.0000,23.5900,24.5000,789746,12/03/15,-0.14999999999999858,-0.6085192697768705
Z,24.2000,24.8700,24.1800,24.6500,675788,12/02/15,0.5499999999999972,2.2821576763485356
Z,24.5100,24.8300,24.0900,24.1000,1.21 M,12/01/15,-0.5499999999999972,-2.231237322515202
Z,24.8200,25.2500,24.1600,24.6500,1.43 M,11/30/15,0.09999999999999787,0.4073319755600728
Z,24.7700,24.9300,24.2500,24.5500,272434,11/27/15,-0.39000000000000057,-1.5637530072173238
Z,24.7400,25.0600,24.3800,24.9400,605745,11/25/15,0.13000000000000256,0.5239822652156492
Z,23.9900,24.8500,23.8500,24.8100,508108,11/24/15,0.3299999999999983,1.3480392156862675
Z,25.0400,25.3300,24.2300,24.4800,929278,11/23/15,-0.8099999999999987,-3.202846975088963
Z,25.2000,25.8000,25.0100,25.2900,625917,11/20/15,0.05999999999999872,0.23781212841854427
Z,25.1800,25.5600,25.0500,25.2300,654741,11/19/15,-0.05000000000000071,-0.19778481012658508
Z,24.7100,25.4600,24.5900,25.2800,758364,11/18/15,0.5700000000000003,2.3067583974099564
Z,23.6700,24.8600,23.3800,24.7100,1.36 M,11/17/15,0.9800000000000004,4.129793510324485
Z,23.1800,24.1100,23.1600,23.7300,766916,11/16/15,0.46000000000000085,1.976794155565109
Z,23.6600,23.8700,23.1100,23.2700,1.08 M,11/13/15,-0.5199999999999996,-2.1857923497267744
Z,24.3300,24.3900,23.6400,23.7900,1.12 M,11/12/15,-0.5700000000000003,-2.3399014778325133
Z,24.5700,24.7500,24.0700,24.3600,840399,11/11/15,-0.03999999999999915,-0.16393442622950471
Z,25.3100,25.3100,24.2000,24.4000,1.75 M,11/10/15,-0.9000000000000021,-3.557312252964435
Z,25.5300,25.9200,25.2500,25.3000,791997,11/09/15,-0.17999999999999972,-0.7064364207221339
Z,26.0500,26.2499,24.8300,25.4800,1.95 M,11/06/15,-0.3099999999999987,-1.202016285381926
Z,27.6400,27.6400,25.3101,25.7900,2.53 M,11/05/15,-1.8599999999999994,-6.726943942133814
Z,27.8000,28.3300,26.5100,27.6500,6.26 M,11/04/15,-1.8500000000000014,-6.271186440677971
Z,28.2900,30.2500,28.2200,29.5000,3.77 M,11/03/15,1.0399999999999991,3.6542515811665464
Z,27.7500,29.4256,27.7500,28.4600,2.00 M,11/02/15,0.7699999999999996,2.78078728782954
Z,27.4900,28.0300,26.3900,27.6900,1.85 M,10/30/15,0.120000000000001,0.4352557127312332
Z,28.5700,28.9300,27.4000,27.5700,960940,10/29/15,-0.6600000000000001,-2.337938363443146
Z,28.6200,28.7000,27.8300,28.2300,1.21 M,10/28/15,-0.23000000000000043,-0.8081517919887576
Z,29.3700,29.6656,27.8500,28.4600,1.66 M,10/27/15,-0.9699999999999989,-3.2959565069656773
Z,30.0300,30.2400,29.4000,29.4300,1.00 M,10/26/15,-0.5599999999999987,-1.867289096365451
Z,30.5800,30.8000,29.9000,29.9900,539663,10/23/15,0.03999999999999915,0.13355592654423756
Z,30.0700,30.8500,29.8700,29.9500,991169,10/22/15,0.05999999999999872,0.20073603211776087
Z,30.9000,31.7000,29.1100,29.8900,1.37 M,10/21/15,-1.2699999999999996,-4.075738125802309
Z,30.6200,31.5800,30.6200,31.1600,613345,10/20/15,0.5,1.6307893020221786
Z,30.4700,31.1200,30.3201,30.6600,851986,10/19/15,0.21000000000000085,0.6896551724137959
Z,31.3500,31.5900,30.1300,30.4500,1.24 M,10/16/15,-0.6999999999999993,-2.247191011235953
Z,31.9900,32.6300,30.8100,31.1500,1.16 M,10/15/15,-0.7200000000000024,-2.2591779102604406
Z,31.7500,32.3550,31.3800,31.8700,790025,10/14/15,0.22000000000000242,0.6951026856240203
Z,31.5400,32.9693,31.3600,31.6500,1.07 M,10/13/15,-0.3500000000000014,-1.0937500000000044
Z,33.3700,33.6200,31.1100,32.0000,1.39 M,10/12/15,-1.4500000000000028,-4.334828101644253
Z,31.6100,33.5200,31.5100,33.4500,2.46 M,10/09/15,1.8500000000000014,5.85443037974684
Z,29.7800,31.7500,29.6620,31.6000,2.38 M,10/08/15,1.610000000000003,5.368456152050693
Z,28.7200,30.1300,28.1200,29.9900,976710,10/07/15,1.4399999999999977,5.0437828371278375
Z,26.8900,28.9600,26.8900,28.5500,1.14 M,10/06/15,1.4299999999999997,5.272861356932152
Z,26.5500,27.4700,26.4200,27.1200,515623,10/05/15,0.5600000000000023,2.1084337349397675
Z,25.8400,26.9000,25.7000,26.5600,1.12 M,10/02/15,0.4499999999999993,1.723477594791265
Z,27.0300,27.1200,25.6700,26.1100,1.63 M,10/01/15,-0.8900000000000006,-3.2962962962962985
Z,27.7000,27.8700,26.5300,27.0000,1.52 M,09/30/15,-0.5,-1.8181818181818181
Z,27.5600,28.0100,27.1800,27.5000,986951,09/29/15,-0.0799999999999983,-0.29006526468454785
Z,27.6300,28.3350,26.7900,27.5800,1.53 M,09/28/15,-0.3200000000000003,-1.1469534050179222
Z,27.5800,28.5100,27.5700,27.9000,1.28 M,09/25/15,0.639999999999997,2.347762289068221
Z,27.4100,27.5100,27.0500,27.2600,677987,09/24/15,-0.22999999999999687,-0.8366678792287991
Z,27.3500,27.6100,27.0000,27.4900,490193,09/23/15,0.22999999999999687,0.8437270726338844
Z,27.0800,27.6700,26.8800,27.2600,1.01 M,09/22/15,-0.09999999999999787,-0.36549707602338405
Z,28.1500,28.3500,27.2700,27.3600,1.08 M,09/21/15,-0.7100000000000009,-2.529390808692557
Z,27.5000,28.5400,26.7560,28.0700,2.97 M,09/18/15,0.16000000000000014,0.5732712289501976
Z,27.6100,28.0600,27.2700,27.9100,1.12 M,09/17/15,0.46000000000000085,1.6757741347905313
Z,27.6200,27.9495,27.3500,27.4500,1.23 M,09/16/15,-0.1999999999999993,-0.7233273056057841
Z,26.3300,27.7884,26.1200,27.6500,1.75 M,09/15/15,1.5299999999999976,5.857580398162319
Z,25.9000,26.5000,25.7500,26.1200,602556,09/14/15,0.25,0.9663703131039814
Z,25.3300,26.0000,24.7000,25.8700,1.55 M,09/11/15,0.4200000000000017,1.6502946954813427
Z,24.9800,26.0600,24.9000,25.4500,1.08 M,09/10/15,0.379999999999999,1.515755883526123
Z,25.4900,26.1000,24.8700,25.0700,1.40 M,09/09/15,-0.16999999999999815,-0.6735340729001512
Z,25.4800,25.8500,25.2300,25.2400,713285,09/08/15,0.16999999999999815,0.6781013163143125
Z,25.1700,25.4900,24.8400,25.0700,733021,09/04/15,-0.4400000000000013,-1.724813798510393
Z,25.2600,25.7300,24.6300,25.5100,903560,09/03/15,0.19000000000000128,0.7503949447077459
Z,24.8300,26.2000,24.8300,25.3200,1.69 M,09/02/15,0.8900000000000006,3.6430618092509235
Z,24.0500,24.8900,24.0100,24.4300,915228,09/01/15,-0.23000000000000043,-0.9326845093268468
Z,24.6600,24.9200,24.2400,24.6600,1.16 M,08/31/15,-0.1999999999999993,-0.8045052292839875
Z,25.1200,25.7199,24.7100,24.8600,829296,08/28/15,-0.3000000000000007,-1.1923688394276657
Z,25.2900,25.4500,24.6400,25.1600,1.64 M,08/27/15,0.16000000000000014,0.6400000000000006
Z,25.0500,26.2500,24.2100,25.0000,2.09 M,08/26/15,0.3999999999999986,1.6260162601625958
Z,25.4900,25.5399,24.2900,24.6000,2.03 M,08/25/15,0.23000000000000043,0.9437833401723448
Z,23.9300,25.6400,23.0000,24.3700,3.41 M,08/24/15,-0.8099999999999987,-3.216838760921361
Z,24.8900,26.8500,24.5000,25.1800,3.24 M,08/21/15,0.00999999999999801,0.039729837107659954
Z,26.4000,26.5000,25.0260,25.1700,1.58 M,08/20/15,-1.5999999999999979,-5.976839745984303
Z,25.6000,27.0900,25.4900,26.7700,1.75 M,08/19/15,0.7100000000000009,2.724481964696857
Z,24.6500,26.9550,24.5000,26.0600,3.14 M,08/18/15,1.259999999999998,5.080645161290314
Z,26.5800,26.7190,24.3500,24.8000,2.09 M,08/17/15,-0.39000000000000057,-1.5482334259626858
Z,26.1300,26.2100,24.6600,25.1900,103341,08/14/15,-1.009999999999998,-3.8549618320610612
Z,26.0000,26.6000,25.7600,26.2000,229564,08/13/15,0.21000000000000085,0.8080030781069676
Z,25.0000,26.2100,25.0000,25.9900,172604,08/12/15,0.6099999999999994,2.4034672970843163
Z,25.4400,26.0200,24.5600,25.3800,140951,08/11/15,-0.7600000000000016,-2.9074215761285447
Z,25.7600,26.5000,25.4600,26.1400,51410,08/10/15,-0.35999999999999943,-1.3584905660377338
Z,27.5000,27.5000,24.2000,26.5000,52246,08/07/15,-0.4499999999999993,-1.6697588126159528
Z,24.8100,26.9500,22.9900,26.9500,73134,08/06/15,1.7100000000000009,6.774960380348657
Z,27.1100,27.4700,24.5600,25.2400,107658,08/05/15,-0.5600000000000023,-2.1705426356589235
Z,27.0000,27.0300,24.6100,25.8000,129608,08/04/15,-1.9399999999999977,-6.993511175198262